Godot Engine v4.7.2.stable.official.ed1daf0bf - https://godotengine.org
Metal 4.0 - Forward+ - Using Device #0: Apple - Apple M5 (Apple9)

BOOT definition.create ms=1
PROF terrain=0
PROF roads+buildings=3676
PROF water=384
PROF square+fields+landmarks=20
PROF town+harbor+npc=69
PROF bake.collect ms=14374 sources=2019
PROF bake.commit ms=103
PROF bake.detail instances=15940 surfaces=15940 append_ms=14255 material_ms=1
PROF bake.name RoundedPetal x170
PROF bake.name GoldenFlowerCentre x170
PROF bake.name GreenCalyx x170
PROF bake.name PostCap x80
PROF bake.name Trunk x77
PROF bake.name DiagonalBrace x72
PROF bake.name FencePost x71
PROF bake.name HorizontalRail x71
PROF bake.name Peg x71
PROF bake.name Deep_Recess x67
PROF bake.name Glazed_Opening x67
PROF bake.name Window_Jamb x67
PROF bake=14502
BOOT world_builder.build ms=19034 batches=2019
BOOT scene instantiate ms=144
PROF terrain=1
PROF roads+buildings=3365
PROF water=375
PROF square+fields+landmarks=13
PROF town+harbor+npc=68
PROF bake.collect ms=14648 sources=2019
PROF bake.commit ms=106
PROF bake.detail instances=15940 surfaces=15940 append_ms=14532 material_ms=1
PROF bake.name RoundedPetal x170
PROF bake.name GoldenFlowerCentre x170
PROF bake.name GreenCalyx x170
PROF bake.name PostCap x80
PROF bake.name Trunk x77
PROF bake.name DiagonalBrace x72
PROF bake.name FencePost x71
PROF bake.name HorizontalRail x71
PROF bake.name Peg x71
PROF bake.name Deep_Recess x67
PROF bake.name Glazed_Opening x67
PROF bake.name Window_Jamb x67
PROF bake=14788
PROF bake.collect ms=59 sources=21
PROF bake.commit ms=0
PROF bake.detail instances=25 surfaces=25 append_ms=57 material_ms=0
PROF bake.name TailTuft x1
PROF bake.name Tail x1
PROF bake.name @MeshInstance3D@26749 x1
PROF bake.name @MeshInstance3D@26748 x1
PROF bake.name @MeshInstance3D@26747 x1
PROF bake.name Eye x1
PROF bake.name Horn x1
PROF bake.name Ear x1
PROF bake.name MuzzleTip x1
PROF bake.name Muzzle x1
PROF bake.name Skull x1
PROF bake.name Neck x1
PROF bake.collect ms=25 sources=21
PROF bake.commit ms=0
PROF bake.detail instances=25 surfaces=25 append_ms=24 material_ms=0
PROF bake.name TailTuft x1
PROF bake.name Tail x1
PROF bake.name @MeshInstance3D@26760 x1
PROF bake.name @MeshInstance3D@26759 x1
PROF bake.name @MeshInstance3D@26758 x1
PROF bake.name Eye x1
PROF bake.name Horn x1
PROF bake.name Ear x1
PROF bake.name MuzzleTip x1
PROF bake.name Muzzle x1
PROF bake.name Skull x1
PROF bake.name Neck x1
PROF bake.collect ms=15 sources=11
PROF bake.commit ms=0
PROF bake.detail instances=14 surfaces=14 append_ms=14 material_ms=0
PROF bake.name Leg x1
PROF bake.name @MeshInstance3D@26761 x1
PROF bake.name @MeshInstance3D@26762 x1
PROF bake.name @MeshInstance3D@26763 x1
PROF bake.name Fleece x1
PROF bake.name FleeceCrown x1
PROF bake.name Face x1
PROF bake.name Muzzle x1
PROF bake.name Forelock x1
PROF bake.name Ear x1
PROF bake.name Eye x1
PROF bake.name @MeshInstance3D@26764 x1
PROF bake.collect ms=14 sources=11
PROF bake.commit ms=1
PROF bake.detail instances=14 surfaces=14 append_ms=14 material_ms=0
PROF bake.name Leg x1
PROF bake.name @MeshInstance3D@26766 x1
PROF bake.name @MeshInstance3D@26767 x1
PROF bake.name @MeshInstance3D@26768 x1
PROF bake.name Fleece x1
PROF bake.name FleeceCrown x1
PROF bake.name Face x1
PROF bake.name Muzzle x1
PROF bake.name Forelock x1
PROF bake.name Ear x1
PROF bake.name Eye x1
PROF bake.name @MeshInstance3D@26769 x1
PROF bake.collect ms=17 sources=9
PROF bake.commit ms=0
PROF bake.detail instances=18 surfaces=18 append_ms=16 material_ms=0
PROF bake.name @MeshInstance3D@26778 x1
PROF bake.name Wing x1
PROF bake.name @MeshInstance3D@26777 x1
PROF bake.name @MeshInstance3D@26776 x1
PROF bake.name TailFeather x1
PROF bake.name @MeshInstance3D@26775 x1
PROF bake.name EyePatch x1
PROF bake.name @MeshInstance3D@26774 x1
PROF bake.name @MeshInstance3D@26773 x1
PROF bake.name Comb x1
PROF bake.name Wattle x1
PROF bake.name Beak x1
PROF bake.collect ms=17 sources=9
PROF bake.commit ms=0
PROF bake.detail instances=18 surfaces=18 append_ms=16 material_ms=0
PROF bake.name @MeshInstance3D@26786 x1
PROF bake.name Wing x1
PROF bake.name @MeshInstance3D@26785 x1
PROF bake.name @MeshInstance3D@26784 x1
PROF bake.name TailFeather x1
PROF bake.name @MeshInstance3D@26783 x1
PROF bake.name EyePatch x1
PROF bake.name @MeshInstance3D@26782 x1
PROF bake.name @MeshInstance3D@26781 x1
PROF bake.name Comb x1
PROF bake.name Wattle x1
PROF bake.name Beak x1
PROF bake.collect ms=17 sources=9
PROF bake.commit ms=0
PROF bake.detail instances=18 surfaces=18 append_ms=16 material_ms=0
PROF bake.name @MeshInstance3D@26794 x1
PROF bake.name Wing x1
PROF bake.name @MeshInstance3D@26793 x1
PROF bake.name @MeshInstance3D@26792 x1
PROF bake.name TailFeather x1
PROF bake.name @MeshInstance3D@26791 x1
PROF bake.name EyePatch x1
PROF bake.name @MeshInstance3D@26790 x1
PROF bake.name @MeshInstance3D@26789 x1
PROF bake.name Comb x1
PROF bake.name Wattle x1
PROF bake.name Beak x1
PROF bake.collect ms=12 sources=6
PROF bake.commit ms=1
PROF bake.detail instances=7 surfaces=7 append_ms=9 material_ms=0
PROF bake.name SolidFacetedRock x1
PROF bake.name RockFoot x1
PROF bake.name OreVein x1
PROF bake.name @MeshInstance3D@27008 x1
PROF bake.name @MeshInstance3D@27009 x1
PROF bake.name @MeshInstance3D@27010 x1
PROF bake.name @MeshInstance3D@27011 x1
PROF bake.collect ms=11 sources=6
PROF bake.commit ms=0
PROF bake.detail instances=6 surfaces=6 append_ms=11 material_ms=0
PROF bake.name Batch_0_0_-9223371986556680723 x1
PROF bake.name Batch_-1_0_-9223369572013282297 x1
PROF bake.name Batch_0_0_-9223369571979727842 x1
PROF bake.name Batch_-1_0_-9223369571979727842 x1
PROF bake.name Batch_0_-1_-9223369571979727842 x1
PROF bake.name Batch_-1_-1_-9223369571979727842 x1
PROF bake.collect ms=9 sources=6
PROF bake.commit ms=1
PROF bake.detail instances=7 surfaces=7 append_ms=9 material_ms=0
PROF bake.name SolidFacetedRock x1
PROF bake.name RockFoot x1
PROF bake.name OreVein x1
PROF bake.name @MeshInstance3D@27015 x1
PROF bake.name @MeshInstance3D@27016 x1
PROF bake.name @MeshInstance3D@27017 x1
PROF bake.name @MeshInstance3D@27018 x1
PROF bake.collect ms=7 sources=6
PROF bake.commit ms=0
PROF bake.detail instances=6 surfaces=6 append_ms=7 material_ms=0
PROF bake.name Batch_0_0_-9223371986556680723 x1
PROF bake.name Batch_-1_0_-9223369572013282297 x1
PROF bake.name Batch_0_0_-9223369571979727842 x1
PROF bake.name Batch_-1_0_-9223369571979727842 x1
PROF bake.name Batch_0_-1_-9223369571979727842 x1
PROF bake.name Batch_-1_-1_-9223369571979727842 x1
PROF bake.collect ms=7 sources=6
PROF bake.commit ms=0
PROF bake.detail instances=7 surfaces=7 append_ms=6 material_ms=0
PROF bake.name SolidFacetedRock x1
PROF bake.name RockFoot x1
PROF bake.name OreVein x1
PROF bake.name @MeshInstance3D@27022 x1
PROF bake.name @MeshInstance3D@27023 x1
PROF bake.name @MeshInstance3D@27024 x1
PROF bake.name @MeshInstance3D@27025 x1
PROF bake.collect ms=7 sources=6
PROF bake.commit ms=0
PROF bake.detail instances=6 surfaces=6 append_ms=6 material_ms=0
PROF bake.name Batch_0_0_-9223371986556680723 x1
PROF bake.name Batch_-1_0_-9223369572013282297 x1
PROF bake.name Batch_0_0_-9223369571979727842 x1
PROF bake.name Batch_-1_0_-9223369571979727842 x1
PROF bake.name Batch_0_-1_-9223369571979727842 x1
PROF bake.name Batch_-1_-1_-9223369571979727842 x1
PROF bake.collect ms=7 sources=6
PROF bake.commit ms=0
PROF bake.detail instances=7 surfaces=7 append_ms=6 material_ms=0
PROF bake.name SolidFacetedRock x1
PROF bake.name RockFoot x1
PROF bake.name OreVein x1
PROF bake.name @MeshInstance3D@27029 x1
PROF bake.name @MeshInstance3D@27030 x1
PROF bake.name @MeshInstance3D@27031 x1
PROF bake.name @MeshInstance3D@27032 x1
PROF bake.collect ms=7 sources=6
PROF bake.commit ms=0
PROF bake.detail instances=6 surfaces=6 append_ms=6 material_ms=0
PROF bake.name Batch_0_0_-9223371986556680723 x1
PROF bake.name Batch_-1_0_-9223369572013282297 x1
PROF bake.name Batch_0_0_-9223369568892719834 x1
PROF bake.name Batch_-1_0_-9223369568892719834 x1
PROF bake.name Batch_0_-1_-9223369568892719834 x1
PROF bake.name Batch_-1_-1_-9223369568892719834 x1
PROF bake.collect ms=5 sources=6
PROF bake.commit ms=0
PROF bake.detail instances=7 surfaces=7 append_ms=5 material_ms=0
PROF bake.name SolidFacetedRock x1
PROF bake.name RockFoot x1
PROF bake.name OreVein x1
PROF bake.name @MeshInstance3D@27036 x1
PROF bake.name @MeshInstance3D@27037 x1
PROF bake.name @MeshInstance3D@27038 x1
PROF bake.name @MeshInstance3D@27039 x1
PROF bake.collect ms=9 sources=6
PROF bake.commit ms=0
PROF bake.detail instances=6 surfaces=6 append_ms=8 material_ms=0
PROF bake.name Batch_0_0_-9223371986556680723 x1
PROF bake.name Batch_-1_0_-9223369572013282297 x1
PROF bake.name Batch_0_0_-9223369571979727842 x1
PROF bake.name Batch_-1_0_-9223369571979727842 x1
PROF bake.name Batch_0_-1_-9223369571979727842 x1
PROF bake.name Batch_-1_-1_-9223369571979727842 x1
PROF bake.collect ms=5 sources=6
PROF bake.commit ms=1
PROF bake.detail instances=7 surfaces=7 append_ms=5 material_ms=0
PROF bake.name SolidFacetedRock x1
PROF bake.name RockFoot x1
PROF bake.name OreVein x1
PROF bake.name @MeshInstance3D@27043 x1
PROF bake.name @MeshInstance3D@27044 x1
PROF bake.name @MeshInstance3D@27045 x1
PROF bake.name @MeshInstance3D@27046 x1
PROF bake.collect ms=8 sources=6
PROF bake.commit ms=0
PROF bake.detail instances=6 surfaces=6 append_ms=8 material_ms=0
PROF bake.name Batch_0_0_-9223371986556680723 x1
PROF bake.name Batch_-1_0_-9223369572013282297 x1
PROF bake.name Batch_0_0_-9223369571979727842 x1
PROF bake.name Batch_-1_0_-9223369571979727842 x1
PROF bake.name Batch_0_-1_-9223369571979727842 x1
PROF bake.name Batch_-1_-1_-9223369571979727842 x1
PROF bake.collect ms=6 sources=6
PROF bake.commit ms=0
PROF bake.detail instances=7 surfaces=7 append_ms=5 material_ms=0
PROF bake.name SolidFacetedRock x1
PROF bake.name RockFoot x1
PROF bake.name OreVein x1
PROF bake.name @MeshInstance3D@27050 x1
PROF bake.name @MeshInstance3D@27051 x1
PROF bake.name @MeshInstance3D@27052 x1
PROF bake.name @MeshInstance3D@27053 x1
PROF bake.collect ms=8 sources=6
PROF bake.commit ms=0
PROF bake.detail instances=6 surfaces=6 append_ms=8 material_ms=0
PROF bake.name Batch_0_0_-9223371986556680723 x1
PROF bake.name Batch_-1_0_-9223369572013282297 x1
PROF bake.name Batch_0_0_-9223369571979727842 x1
PROF bake.name Batch_-1_0_-9223369571979727842 x1
PROF bake.name Batch_0_-1_-9223369571979727842 x1
PROF bake.name Batch_-1_-1_-9223369571979727842 x1
PROF bake.collect ms=5 sources=6
PROF bake.commit ms=1
PROF bake.detail instances=7 surfaces=7 append_ms=5 material_ms=0
PROF bake.name SolidFacetedRock x1
PROF bake.name RockFoot x1
PROF bake.name OreVein x1
PROF bake.name @MeshInstance3D@27057 x1
PROF bake.name @MeshInstance3D@27058 x1
PROF bake.name @MeshInstance3D@27059 x1
PROF bake.name @MeshInstance3D@27060 x1
PROF bake.collect ms=7 sources=6
PROF bake.commit ms=0
PROF bake.detail instances=6 surfaces=6 append_ms=7 material_ms=0
PROF bake.name Batch_0_0_-9223371986556680723 x1
PROF bake.name Batch_-1_0_-9223369572013282297 x1
PROF bake.name Batch_0_0_-9223369564782301594 x1
PROF bake.name Batch_-1_0_-9223369564782301594 x1
PROF bake.name Batch_0_-1_-9223369564782301594 x1
PROF bake.name Batch_-1_-1_-9223369564782301594 x1
PROF bake.collect ms=7 sources=6
PROF bake.commit ms=0
PROF bake.detail instances=7 surfaces=7 append_ms=6 material_ms=0
PROF bake.name SolidFacetedRock x1
PROF bake.name RockFoot x1
PROF bake.name OreVein x1
PROF bake.name @MeshInstance3D@27064 x1
PROF bake.name @MeshInstance3D@27065 x1
PROF bake.name @MeshInstance3D@27066 x1
PROF bake.name @MeshInstance3D@27067 x1
PROF bake.collect ms=7 sources=6
PROF bake.commit ms=0
PROF bake.detail instances=6 surfaces=6 append_ms=6 material_ms=0
PROF bake.name Batch_0_0_-9223371986556680723 x1
PROF bake.name Batch_-1_0_-9223369572013282297 x1
PROF bake.name Batch_0_0_-9223369571979727842 x1
PROF bake.name Batch_-1_0_-9223369571979727842 x1
PROF bake.name Batch_0_-1_-9223369571979727842 x1
PROF bake.name Batch_-1_-1_-9223369571979727842 x1
PROF bake.collect ms=7 sources=6
PROF bake.commit ms=0
PROF bake.detail instances=7 surfaces=7 append_ms=6 material_ms=0
PROF bake.name SolidFacetedRock x1
PROF bake.name RockFoot x1
PROF bake.name OreVein x1
PROF bake.name @MeshInstance3D@27071 x1
PROF bake.name @MeshInstance3D@27072 x1
PROF bake.name @MeshInstance3D@27073 x1
PROF bake.name @MeshInstance3D@27074 x1
PROF bake.collect ms=7 sources=6
PROF bake.commit ms=0
PROF bake.detail instances=6 surfaces=6 append_ms=6 material_ms=0
PROF bake.name Batch_0_0_-9223371986556680723 x1
PROF bake.name Batch_-1_0_-9223369572013282297 x1
PROF bake.name Batch_0_0_-9223369571979727842 x1
PROF bake.name Batch_-1_0_-9223369571979727842 x1
PROF bake.name Batch_0_-1_-9223369571979727842 x1
PROF bake.name Batch_-1_-1_-9223369571979727842 x1
PROF bake.collect ms=6 sources=6
PROF bake.commit ms=0
PROF bake.detail instances=7 surfaces=7 append_ms=5 material_ms=0
PROF bake.name SolidFacetedRock x1
PROF bake.name RockFoot x1
PROF bake.name OreVein x1
PROF bake.name @MeshInstance3D@27078 x1
PROF bake.name @MeshInstance3D@27079 x1
PROF bake.name @MeshInstance3D@27080 x1
PROF bake.name @MeshInstance3D@27081 x1
PROF bake.collect ms=8 sources=6
PROF bake.commit ms=0
PROF bake.detail instances=6 surfaces=6 append_ms=7 material_ms=0
PROF bake.name Batch_0_0_-9223371986556680723 x1
PROF bake.name Batch_-1_0_-9223369572013282297 x1
PROF bake.name Batch_0_0_-9223369568892719834 x1
PROF bake.name Batch_-1_0_-9223369568892719834 x1
PROF bake.name Batch_0_-1_-9223369568892719834 x1
PROF bake.name Batch_-1_-1_-9223369568892719834 x1
PROF bake.collect ms=6 sources=6
PROF bake.commit ms=0
PROF bake.detail instances=7 surfaces=7 append_ms=5 material_ms=0
PROF bake.name SolidFacetedRock x1
PROF bake.name RockFoot x1
PROF bake.name OreVein x1
PROF bake.name @MeshInstance3D@27085 x1
PROF bake.name @MeshInstance3D@27086 x1
PROF bake.name @MeshInstance3D@27087 x1
PROF bake.name @MeshInstance3D@27088 x1
PROF bake.collect ms=8 sources=6
PROF bake.commit ms=0
PROF bake.detail instances=6 surfaces=6 append_ms=8 material_ms=0
PROF bake.name Batch_0_0_-9223371986556680723 x1
PROF bake.name Batch_-1_0_-9223369572013282297 x1
PROF bake.name Batch_0_0_-9223369571979727842 x1
PROF bake.name Batch_-1_0_-9223369571979727842 x1
PROF bake.name Batch_0_-1_-9223369571979727842 x1
PROF bake.name Batch_-1_-1_-9223369571979727842 x1
PROF bake.collect ms=5 sources=6
PROF bake.commit ms=0
PROF bake.detail instances=7 surfaces=7 append_ms=5 material_ms=0
PROF bake.name SolidFacetedRock x1
PROF bake.name RockFoot x1
PROF bake.name OreVein x1
PROF bake.name @MeshInstance3D@27092 x1
PROF bake.name @MeshInstance3D@27093 x1
PROF bake.name @MeshInstance3D@27094 x1
PROF bake.name @MeshInstance3D@27095 x1
PROF bake.collect ms=8 sources=6
PROF bake.commit ms=1
PROF bake.detail instances=6 surfaces=6 append_ms=7 material_ms=0
PROF bake.name Batch_0_0_-9223371986556680723 x1
PROF bake.name Batch_-1_0_-9223369572013282297 x1
PROF bake.name Batch_0_0_-9223369571979727842 x1
PROF bake.name Batch_-1_0_-9223369571979727842 x1
PROF bake.name Batch_0_-1_-9223369571979727842 x1
PROF bake.name Batch_-1_-1_-9223369571979727842 x1
PROF bake.collect ms=5 sources=6
PROF bake.commit ms=0
PROF bake.detail instances=7 surfaces=7 append_ms=5 material_ms=0
PROF bake.name SolidFacetedRock x1
PROF bake.name RockFoot x1
PROF bake.name OreVein x1
PROF bake.name @MeshInstance3D@27099 x1
PROF bake.name @MeshInstance3D@27100 x1
PROF bake.name @MeshInstance3D@27101 x1
PROF bake.name @MeshInstance3D@27102 x1
PROF bake.collect ms=8 sources=6
PROF bake.commit ms=0
PROF bake.detail instances=6 surfaces=6 append_ms=7 material_ms=0
PROF bake.name Batch_0_0_-9223371986556680723 x1
PROF bake.name Batch_-1_0_-9223369572013282297 x1
PROF bake.name Batch_0_0_-9223369568892719834 x1
PROF bake.name Batch_-1_0_-9223369568892719834 x1
PROF bake.name Batch_0_-1_-9223369568892719834 x1
PROF bake.name Batch_-1_-1_-9223369568892719834 x1
PROF bake.collect ms=7 sources=6
PROF bake.commit ms=0
PROF bake.detail instances=7 surfaces=7 append_ms=6 material_ms=0
PROF bake.name SolidFacetedRock x1
PROF bake.name RockFoot x1
PROF bake.name OreVein x1
PROF bake.name @MeshInstance3D@27106 x1
PROF bake.name @MeshInstance3D@27107 x1
PROF bake.name @MeshInstance3D@27108 x1
PROF bake.name @MeshInstance3D@27109 x1
PROF bake.collect ms=7 sources=6
PROF bake.commit ms=0
PROF bake.detail instances=6 surfaces=6 append_ms=6 material_ms=0
PROF bake.name Batch_0_0_-9223371986556680723 x1
PROF bake.name Batch_-1_0_-9223369572013282297 x1
PROF bake.name Batch_0_0_-9223369571979727842 x1
PROF bake.name Batch_-1_0_-9223369571979727842 x1
PROF bake.name Batch_0_-1_-9223369571979727842 x1
PROF bake.name Batch_-1_-1_-9223369571979727842 x1
PROF bake.collect ms=7 sources=6
PROF bake.commit ms=0
PROF bake.detail instances=7 surfaces=7 append_ms=6 material_ms=0
PROF bake.name SolidFacetedRock x1
PROF bake.name RockFoot x1
PROF bake.name OreVein x1
PROF bake.name @MeshInstance3D@27113 x1
PROF bake.name @MeshInstance3D@27114 x1
PROF bake.name @MeshInstance3D@27115 x1
PROF bake.name @MeshInstance3D@27116 x1
PROF bake.collect ms=7 sources=6
PROF bake.commit ms=0
PROF bake.detail instances=6 surfaces=6 append_ms=6 material_ms=0
PROF bake.name Batch_0_0_-9223371986556680723 x1
PROF bake.name Batch_-1_0_-9223369572013282297 x1
PROF bake.name Batch_0_0_-9223369571979727842 x1
PROF bake.name Batch_-1_0_-9223369571979727842 x1
PROF bake.name Batch_0_-1_-9223369571979727842 x1
PROF bake.name Batch_-1_-1_-9223369571979727842 x1
PROF bake.collect ms=7 sources=6
PROF bake.commit ms=0
PROF bake.detail instances=7 surfaces=7 append_ms=6 material_ms=0
PROF bake.name SolidFacetedRock x1
PROF bake.name RockFoot x1
PROF bake.name OreVein x1
PROF bake.name @MeshInstance3D@27120 x1
PROF bake.name @MeshInstance3D@27121 x1
PROF bake.name @MeshInstance3D@27122 x1
PROF bake.name @MeshInstance3D@27123 x1
PROF bake.collect ms=7 sources=6
PROF bake.commit ms=0
PROF bake.detail instances=6 surfaces=6 append_ms=6 material_ms=0
PROF bake.name Batch_0_0_-9223371986556680723 x1
PROF bake.name Batch_-1_0_-9223369572013282297 x1
PROF bake.name Batch_0_0_-9223369568892719834 x1
PROF bake.name Batch_-1_0_-9223369568892719834 x1
PROF bake.name Batch_0_-1_-9223369568892719834 x1
PROF bake.name Batch_-1_-1_-9223369568892719834 x1
PROF bake.collect ms=5 sources=6
PROF bake.commit ms=0
PROF bake.detail instances=7 surfaces=7 append_ms=5 material_ms=0
PROF bake.name SolidFacetedRock x1
PROF bake.name RockFoot x1
PROF bake.name OreVein x1
PROF bake.name @MeshInstance3D@27127 x1
PROF bake.name @MeshInstance3D@27128 x1
PROF bake.name @MeshInstance3D@27129 x1
PROF bake.name @MeshInstance3D@27130 x1
PROF bake.collect ms=8 sources=6
PROF bake.commit ms=0
PROF bake.detail instances=6 surfaces=6 append_ms=8 material_ms=0
PROF bake.name Batch_0_0_-9223371986556680723 x1
PROF bake.name Batch_-1_0_-9223369572013282297 x1
PROF bake.name Batch_0_0_-9223369571979727842 x1
PROF bake.name Batch_-1_0_-9223369571979727842 x1
PROF bake.name Batch_0_-1_-9223369571979727842 x1
PROF bake.name Batch_-1_-1_-9223369571979727842 x1
PROF bake.collect ms=5 sources=6
PROF bake.commit ms=0
PROF bake.detail instances=7 surfaces=7 append_ms=5 material_ms=0
PROF bake.name SolidFacetedRock x1
PROF bake.name RockFoot x1
PROF bake.name OreVein x1
PROF bake.name @MeshInstance3D@27134 x1
PROF bake.name @MeshInstance3D@27135 x1
PROF bake.name @MeshInstance3D@27136 x1
PROF bake.name @MeshInstance3D@27137 x1
PROF bake.collect ms=9 sources=6
PROF bake.commit ms=0
PROF bake.detail instances=6 surfaces=6 append_ms=8 material_ms=0
PROF bake.name Batch_0_0_-9223371986556680723 x1
PROF bake.name Batch_-1_0_-9223369572013282297 x1
PROF bake.name Batch_0_0_-9223369568892719834 x1
PROF bake.name Batch_-1_0_-9223369568892719834 x1
PROF bake.name Batch_0_-1_-9223369568892719834 x1
PROF bake.name Batch_-1_-1_-9223369568892719834 x1
PROF bake.collect ms=6 sources=6
PROF bake.commit ms=0
PROF bake.detail instances=7 surfaces=7 append_ms=5 material_ms=0
PROF bake.name SolidFacetedRock x1
PROF bake.name RockFoot x1
PROF bake.name OreVein x1
PROF bake.name @MeshInstance3D@27141 x1
PROF bake.name @MeshInstance3D@27142 x1
PROF bake.name @MeshInstance3D@27143 x1
PROF bake.name @MeshInstance3D@27144 x1
PROF bake.collect ms=7 sources=6
PROF bake.commit ms=0
PROF bake.detail instances=6 surfaces=6 append_ms=7 material_ms=0
PROF bake.name Batch_0_0_-9223371986556680723 x1
PROF bake.name Batch_-1_0_-9223369572013282297 x1
PROF bake.name Batch_0_0_-9223369568892719834 x1
PROF bake.name Batch_-1_0_-9223369568892719834 x1
PROF bake.name Batch_0_-1_-9223369568892719834 x1
PROF bake.name Batch_-1_-1_-9223369568892719834 x1
PROF bake.collect ms=7 sources=6
PROF bake.commit ms=0
PROF bake.detail instances=7 surfaces=7 append_ms=6 material_ms=0
PROF bake.name SolidFacetedRock x1
PROF bake.name RockFoot x1
PROF bake.name OreVein x1
PROF bake.name @MeshInstance3D@27148 x1
PROF bake.name @MeshInstance3D@27149 x1
PROF bake.name @MeshInstance3D@27150 x1
PROF bake.name @MeshInstance3D@27151 x1
PROF bake.collect ms=7 sources=6
PROF bake.commit ms=0
PROF bake.detail instances=6 surfaces=6 append_ms=6 material_ms=0
PROF bake.name Batch_0_0_-9223371986556680723 x1
PROF bake.name Batch_-1_0_-9223369572013282297 x1
PROF bake.name Batch_0_0_-9223369571979727842 x1
PROF bake.name Batch_-1_0_-9223369571979727842 x1
PROF bake.name Batch_0_-1_-9223369571979727842 x1
PROF bake.name Batch_-1_-1_-9223369571979727842 x1
PROF bake.collect ms=7 sources=6
PROF bake.commit ms=0
PROF bake.detail instances=7 surfaces=7 append_ms=7 material_ms=0
PROF bake.name SolidFacetedRock x1
PROF bake.name RockFoot x1
PROF bake.name OreVein x1
PROF bake.name @MeshInstance3D@27155 x1
PROF bake.name @MeshInstance3D@27156 x1
PROF bake.name @MeshInstance3D@27157 x1
PROF bake.name @MeshInstance3D@27158 x1
PROF bake.collect ms=7 sources=6
PROF bake.commit ms=0
PROF bake.detail instances=6 surfaces=6 append_ms=6 material_ms=0
PROF bake.name Batch_0_0_-9223371986556680723 x1
PROF bake.name Batch_-1_0_-9223369572013282297 x1
PROF bake.name Batch_0_0_-9223369571979727842 x1
PROF bake.name Batch_-1_0_-9223369571979727842 x1
PROF bake.name Batch_0_-1_-9223369571979727842 x1
PROF bake.name Batch_-1_-1_-9223369571979727842 x1
PROF bake.collect ms=7 sources=6
PROF bake.commit ms=0
PROF bake.detail instances=7 surfaces=7 append_ms=6 material_ms=0
PROF bake.name SolidFacetedRock x1
PROF bake.name RockFoot x1
PROF bake.name OreVein x1
PROF bake.name @MeshInstance3D@27162 x1
PROF bake.name @MeshInstance3D@27163 x1
PROF bake.name @MeshInstance3D@27164 x1
PROF bake.name @MeshInstance3D@27165 x1
PROF bake.collect ms=7 sources=6
PROF bake.commit ms=0
PROF bake.detail instances=6 surfaces=6 append_ms=6 material_ms=0
PROF bake.name Batch_0_0_-9223371986556680723 x1
PROF bake.name Batch_-1_0_-9223369572013282297 x1
PROF bake.name Batch_0_0_-9223369564782301594 x1
PROF bake.name Batch_-1_0_-9223369564782301594 x1
PROF bake.name Batch_0_-1_-9223369564782301594 x1
PROF bake.name Batch_-1_-1_-9223369564782301594 x1
PROF bake.collect ms=6 sources=6
PROF bake.commit ms=0
PROF bake.detail instances=7 surfaces=7 append_ms=5 material_ms=0
PROF bake.name SolidFacetedRock x1
PROF bake.name RockFoot x1
PROF bake.name OreVein x1
PROF bake.name @MeshInstance3D@27169 x1
PROF bake.name @MeshInstance3D@27170 x1
PROF bake.name @MeshInstance3D@27171 x1
PROF bake.name @MeshInstance3D@27172 x1
PROF bake.collect ms=8 sources=6
PROF bake.commit ms=0
PROF bake.detail instances=6 surfaces=6 append_ms=7 material_ms=0
PROF bake.name Batch_0_0_-9223371986556680723 x1
PROF bake.name Batch_-1_0_-9223369572013282297 x1
PROF bake.name Batch_0_0_-9223369571979727842 x1
PROF bake.name Batch_-1_0_-9223369571979727842 x1
PROF bake.name Batch_0_-1_-9223369571979727842 x1
PROF bake.name Batch_-1_-1_-9223369571979727842 x1
PROF bake.collect ms=432 sources=16
PROF bake.commit ms=1
PROF bake.detail instances=540 surfaces=540 append_ms=428 material_ms=0
PROF bake.name WheatStalk x9
PROF bake.name Grain x9
PROF bake.name WheatLeaf x9
PROF bake.name @MeshInstance3D@27522 x1
PROF bake.name @MeshInstance3D@27523 x1
PROF bake.name @MeshInstance3D@27524 x1
PROF bake.name @MeshInstance3D@27525 x1
PROF bake.name @MeshInstance3D@27526 x1
PROF bake.name @MeshInstance3D@27528 x1
PROF bake.name @MeshInstance3D@27529 x1
PROF bake.name @MeshInstance3D@27530 x1
PROF bake.name @MeshInstance3D@27531 x1
PROF bake.collect ms=409 sources=16
PROF bake.commit ms=1
PROF bake.detail instances=540 surfaces=540 append_ms=405 material_ms=0
PROF bake.name WheatStalk x9
PROF bake.name Grain x9
PROF bake.name WheatLeaf x9
PROF bake.name @MeshInstance3D@28044 x1
PROF bake.name @MeshInstance3D@28045 x1
PROF bake.name @MeshInstance3D@28046 x1
PROF bake.name @MeshInstance3D@28047 x1
PROF bake.name @MeshInstance3D@28048 x1
PROF bake.name @MeshInstance3D@28050 x1
PROF bake.name @MeshInstance3D@28051 x1
PROF bake.name @MeshInstance3D@28052 x1
PROF bake.name @MeshInstance3D@28053 x1
PROF bake.collect ms=389 sources=16
PROF bake.commit ms=1
PROF bake.detail instances=540 surfaces=540 append_ms=386 material_ms=0
PROF bake.name WheatStalk x9
PROF bake.name Grain x9
PROF bake.name WheatLeaf x9
PROF bake.name @MeshInstance3D@28573 x1
PROF bake.name @MeshInstance3D@28574 x1
PROF bake.name @MeshInstance3D@28575 x1
PROF bake.name @MeshInstance3D@28576 x1
PROF bake.name @MeshInstance3D@28577 x1
PROF bake.name @MeshInstance3D@28579 x1
PROF bake.name @MeshInstance3D@28580 x1
PROF bake.name @MeshInstance3D@28581 x1
PROF bake.name @MeshInstance3D@28582 x1
PROF bake.collect ms=390 sources=16
PROF bake.commit ms=1
PROF bake.detail instances=540 surfaces=540 append_ms=387 material_ms=0
PROF bake.name WheatStalk x9
PROF bake.name Grain x9
PROF bake.name WheatLeaf x9
PROF bake.name @MeshInstance3D@29095 x1
PROF bake.name @MeshInstance3D@29096 x1
PROF bake.name @MeshInstance3D@29097 x1
PROF bake.name @MeshInstance3D@29098 x1
PROF bake.name @MeshInstance3D@29099 x1
PROF bake.name @MeshInstance3D@29101 x1
PROF bake.name @MeshInstance3D@29102 x1
PROF bake.name @MeshInstance3D@29103 x1
PROF bake.name @MeshInstance3D@29104 x1
PROF bake.collect ms=388 sources=16
PROF bake.commit ms=0
PROF bake.detail instances=540 surfaces=540 append_ms=384 material_ms=0
PROF bake.name WheatStalk x9
PROF bake.name Grain x9
PROF bake.name WheatLeaf x9
PROF bake.name @MeshInstance3D@29624 x1
PROF bake.name @MeshInstance3D@29625 x1
PROF bake.name @MeshInstance3D@29626 x1
PROF bake.name @MeshInstance3D@29627 x1
PROF bake.name @MeshInstance3D@29628 x1
PROF bake.name @MeshInstance3D@29630 x1
PROF bake.name @MeshInstance3D@29631 x1
PROF bake.name @MeshInstance3D@29632 x1
PROF bake.name @MeshInstance3D@29633 x1
PROF bake.collect ms=419 sources=16
PROF bake.commit ms=1
PROF bake.detail instances=540 surfaces=540 append_ms=415 material_ms=0
PROF bake.name WheatStalk x9
PROF bake.name Grain x9
PROF bake.name WheatLeaf x9
PROF bake.name @MeshInstance3D@30146 x1
PROF bake.name @MeshInstance3D@30147 x1
PROF bake.name @MeshInstance3D@30148 x1
PROF bake.name @MeshInstance3D@30149 x1
PROF bake.name @MeshInstance3D@30150 x1
PROF bake.name @MeshInstance3D@30152 x1
PROF bake.name @MeshInstance3D@30153 x1
PROF bake.name @MeshInstance3D@30154 x1
PROF bake.name @MeshInstance3D@30155 x1
PROF bake.collect ms=426 sources=16
PROF bake.commit ms=0
PROF bake.detail instances=540 surfaces=540 append_ms=422 material_ms=0
PROF bake.name WheatStalk x9
PROF bake.name Grain x9
PROF bake.name WheatLeaf x9
PROF bake.name @MeshInstance3D@30675 x1
PROF bake.name @MeshInstance3D@30676 x1
PROF bake.name @MeshInstance3D@30677 x1
PROF bake.name @MeshInstance3D@30678 x1
PROF bake.name @MeshInstance3D@30679 x1
PROF bake.name @MeshInstance3D@30681 x1
PROF bake.name @MeshInstance3D@30682 x1
PROF bake.name @MeshInstance3D@30683 x1
PROF bake.name @MeshInstance3D@30684 x1
PROF bake.collect ms=387 sources=16
PROF bake.commit ms=1
PROF bake.detail instances=540 surfaces=540 append_ms=383 material_ms=0
PROF bake.name WheatStalk x9
PROF bake.name Grain x9
PROF bake.name WheatLeaf x9
PROF bake.name @MeshInstance3D@31197 x1
PROF bake.name @MeshInstance3D@31198 x1
PROF bake.name @MeshInstance3D@31199 x1
PROF bake.name @MeshInstance3D@31200 x1
PROF bake.name @MeshInstance3D@31201 x1
PROF bake.name @MeshInstance3D@31203 x1
PROF bake.name @MeshInstance3D@31204 x1
PROF bake.name @MeshInstance3D@31205 x1
PROF bake.name @MeshInstance3D@31206 x1
PROF bake.collect ms=409 sources=16
PROF bake.commit ms=1
PROF bake.detail instances=540 surfaces=540 append_ms=405 material_ms=0
PROF bake.name WheatStalk x9
PROF bake.name Grain x9
PROF bake.name WheatLeaf x9
PROF bake.name @MeshInstance3D@31726 x1
PROF bake.name @MeshInstance3D@31727 x1
PROF bake.name @MeshInstance3D@31728 x1
PROF bake.name @MeshInstance3D@31729 x1
PROF bake.name @MeshInstance3D@31730 x1
PROF bake.name @MeshInstance3D@31732 x1
PROF bake.name @MeshInstance3D@31733 x1
PROF bake.name @MeshInstance3D@31734 x1
PROF bake.name @MeshInstance3D@31735 x1
PROF bake.collect ms=406 sources=16
PROF bake.commit ms=1
PROF bake.detail instances=540 surfaces=540 append_ms=402 material_ms=0
PROF bake.name WheatStalk x9
PROF bake.name Grain x9
PROF bake.name WheatLeaf x9
PROF bake.name @MeshInstance3D@32248 x1
PROF bake.name @MeshInstance3D@32249 x1
PROF bake.name @MeshInstance3D@32250 x1
PROF bake.name @MeshInstance3D@32251 x1
PROF bake.name @MeshInstance3D@32252 x1
PROF bake.name @MeshInstance3D@32254 x1
PROF bake.name @MeshInstance3D@32255 x1
PROF bake.name @MeshInstance3D@32256 x1
PROF bake.name @MeshInstance3D@32257 x1
PROF bake.collect ms=451 sources=16
PROF bake.commit ms=0
PROF bake.detail instances=540 surfaces=540 append_ms=446 material_ms=0
PROF bake.name WheatStalk x9
PROF bake.name Grain x9
PROF bake.name WheatLeaf x9
PROF bake.name @MeshInstance3D@32777 x1
PROF bake.name @MeshInstance3D@32778 x1
PROF bake.name @MeshInstance3D@32779 x1
PROF bake.name @MeshInstance3D@32780 x1
PROF bake.name @MeshInstance3D@32781 x1
PROF bake.name @MeshInstance3D@32783 x1
PROF bake.name @MeshInstance3D@32784 x1
PROF bake.name @MeshInstance3D@32785 x1
PROF bake.name @MeshInstance3D@32786 x1
PROF bake.collect ms=385 sources=16
PROF bake.commit ms=1
PROF bake.detail instances=540 surfaces=540 append_ms=382 material_ms=0
PROF bake.name WheatStalk x9
PROF bake.name Grain x9
PROF bake.name WheatLeaf x9
PROF bake.name @MeshInstance3D@33299 x1
PROF bake.name @MeshInstance3D@33300 x1
PROF bake.name @MeshInstance3D@33301 x1
PROF bake.name @MeshInstance3D@33302 x1
PROF bake.name @MeshInstance3D@33303 x1
PROF bake.name @MeshInstance3D@33305 x1
PROF bake.name @MeshInstance3D@33306 x1
PROF bake.name @MeshInstance3D@33307 x1
PROF bake.name @MeshInstance3D@33308 x1
PROF bake.collect ms=387 sources=16
PROF bake.commit ms=0
PROF bake.detail instances=540 surfaces=540 append_ms=384 material_ms=0
PROF bake.name WheatStalk x9
PROF bake.name Grain x9
PROF bake.name WheatLeaf x9
PROF bake.name @MeshInstance3D@33828 x1
PROF bake.name @MeshInstance3D@33829 x1
PROF bake.name @MeshInstance3D@33830 x1
PROF bake.name @MeshInstance3D@33831 x1
PROF bake.name @MeshInstance3D@33832 x1
PROF bake.name @MeshInstance3D@33834 x1
PROF bake.name @MeshInstance3D@33835 x1
PROF bake.name @MeshInstance3D@33836 x1
PROF bake.name @MeshInstance3D@33837 x1
PROF bake.collect ms=392 sources=16
PROF bake.commit ms=1
PROF bake.detail instances=540 surfaces=540 append_ms=389 material_ms=0
PROF bake.name WheatStalk x9
PROF bake.name Grain x9
PROF bake.name WheatLeaf x9
PROF bake.name @MeshInstance3D@34350 x1
PROF bake.name @MeshInstance3D@34351 x1
PROF bake.name @MeshInstance3D@34352 x1
PROF bake.name @MeshInstance3D@34353 x1
PROF bake.name @MeshInstance3D@34354 x1
PROF bake.name @MeshInstance3D@34356 x1
PROF bake.name @MeshInstance3D@34357 x1
PROF bake.name @MeshInstance3D@34358 x1
PROF bake.name @MeshInstance3D@34359 x1
PROF bake.collect ms=387 sources=16
PROF bake.commit ms=0
PROF bake.detail instances=540 surfaces=540 append_ms=383 material_ms=0
PROF bake.name WheatStalk x9
PROF bake.name Grain x9
PROF bake.name WheatLeaf x9
PROF bake.name @MeshInstance3D@34879 x1
PROF bake.name @MeshInstance3D@34880 x1
PROF bake.name @MeshInstance3D@34881 x1
PROF bake.name @MeshInstance3D@34882 x1
PROF bake.name @MeshInstance3D@34883 x1
PROF bake.name @MeshInstance3D@34885 x1
PROF bake.name @MeshInstance3D@34886 x1
PROF bake.name @MeshInstance3D@34887 x1
PROF bake.name @MeshInstance3D@34888 x1
PROF bake.collect ms=466 sources=16
PROF bake.commit ms=1
PROF bake.detail instances=540 surfaces=540 append_ms=463 material_ms=0
PROF bake.name WheatStalk x9
PROF bake.name Grain x9
PROF bake.name WheatLeaf x9
PROF bake.name @MeshInstance3D@35401 x1
PROF bake.name @MeshInstance3D@35402 x1
PROF bake.name @MeshInstance3D@35403 x1
PROF bake.name @MeshInstance3D@35404 x1
PROF bake.name @MeshInstance3D@35405 x1
PROF bake.name @MeshInstance3D@35407 x1
PROF bake.name @MeshInstance3D@35408 x1
PROF bake.name @MeshInstance3D@35409 x1
PROF bake.name @MeshInstance3D@35410 x1
PROF bake.collect ms=388 sources=16
PROF bake.commit ms=1
PROF bake.detail instances=540 surfaces=540 append_ms=385 material_ms=0
PROF bake.name WheatStalk x9
PROF bake.name Grain x9
PROF bake.name WheatLeaf x9
PROF bake.name @MeshInstance3D@35930 x1
PROF bake.name @MeshInstance3D@35931 x1
PROF bake.name @MeshInstance3D@35932 x1
PROF bake.name @MeshInstance3D@35933 x1
PROF bake.name @MeshInstance3D@35934 x1
PROF bake.name @MeshInstance3D@35936 x1
PROF bake.name @MeshInstance3D@35937 x1
PROF bake.name @MeshInstance3D@35938 x1
PROF bake.name @MeshInstance3D@35939 x1
PROF bake.collect ms=394 sources=16
PROF bake.commit ms=1
PROF bake.detail instances=540 surfaces=540 append_ms=390 material_ms=0
PROF bake.name WheatStalk x9
PROF bake.name Grain x9
PROF bake.name WheatLeaf x9
PROF bake.name @MeshInstance3D@36452 x1
PROF bake.name @MeshInstance3D@36453 x1
PROF bake.name @MeshInstance3D@36454 x1
PROF bake.name @MeshInstance3D@36455 x1
PROF bake.name @MeshInstance3D@36456 x1
PROF bake.name @MeshInstance3D@36458 x1
PROF bake.name @MeshInstance3D@36459 x1
PROF bake.name @MeshInstance3D@36460 x1
PROF bake.name @MeshInstance3D@36461 x1
PROF bake.collect ms=407 sources=16
PROF bake.commit ms=1
PROF bake.detail instances=540 surfaces=540 append_ms=403 material_ms=0
PROF bake.name WheatStalk x9
PROF bake.name Grain x9
PROF bake.name WheatLeaf x9
PROF bake.name @MeshInstance3D@36981 x1
PROF bake.name @MeshInstance3D@36982 x1
PROF bake.name @MeshInstance3D@36983 x1
PROF bake.name @MeshInstance3D@36984 x1
PROF bake.name @MeshInstance3D@36985 x1
PROF bake.name @MeshInstance3D@36987 x1
PROF bake.name @MeshInstance3D@36988 x1
PROF bake.name @MeshInstance3D@36989 x1
PROF bake.name @MeshInstance3D@36990 x1
PROF bake.collect ms=402 sources=16
PROF bake.commit ms=1
PROF bake.detail instances=540 surfaces=540 append_ms=398 material_ms=0
PROF bake.name WheatStalk x9
PROF bake.name Grain x9
PROF bake.name WheatLeaf x9
PROF bake.name @MeshInstance3D@37503 x1
PROF bake.name @MeshInstance3D@37504 x1
PROF bake.name @MeshInstance3D@37505 x1
PROF bake.name @MeshInstance3D@37506 x1
PROF bake.name @MeshInstance3D@37507 x1
PROF bake.name @MeshInstance3D@37509 x1
PROF bake.name @MeshInstance3D@37510 x1
PROF bake.name @MeshInstance3D@37511 x1
PROF bake.name @MeshInstance3D@37512 x1
PROF bake.collect ms=443 sources=16
PROF bake.commit ms=1
PROF bake.detail instances=540 surfaces=540 append_ms=439 material_ms=0
PROF bake.name WheatStalk x9
PROF bake.name Grain x9
PROF bake.name WheatLeaf x9
PROF bake.name @MeshInstance3D@38032 x1
PROF bake.name @MeshInstance3D@38033 x1
PROF bake.name @MeshInstance3D@38034 x1
PROF bake.name @MeshInstance3D@38035 x1
PROF bake.name @MeshInstance3D@38036 x1
PROF bake.name @MeshInstance3D@38038 x1
PROF bake.name @MeshInstance3D@38039 x1
PROF bake.name @MeshInstance3D@38040 x1
PROF bake.name @MeshInstance3D@38041 x1
PROF bake.collect ms=388 sources=16
PROF bake.commit ms=1
PROF bake.detail instances=540 surfaces=540 append_ms=384 material_ms=0
PROF bake.name WheatStalk x9
PROF bake.name Grain x9
PROF bake.name WheatLeaf x9
PROF bake.name @MeshInstance3D@38554 x1
PROF bake.name @MeshInstance3D@38555 x1
PROF bake.name @MeshInstance3D@38556 x1
PROF bake.name @MeshInstance3D@38557 x1
PROF bake.name @MeshInstance3D@38558 x1
PROF bake.name @MeshInstance3D@38560 x1
PROF bake.name @MeshInstance3D@38561 x1
PROF bake.name @MeshInstance3D@38562 x1
PROF bake.name @MeshInstance3D@38563 x1
PROF bake.collect ms=393 sources=16
PROF bake.commit ms=0
PROF bake.detail instances=540 surfaces=540 append_ms=389 material_ms=0
PROF bake.name WheatStalk x9
PROF bake.name Grain x9
PROF bake.name WheatLeaf x9
PROF bake.name @MeshInstance3D@39083 x1
PROF bake.name @MeshInstance3D@39084 x1
PROF bake.name @MeshInstance3D@39085 x1
PROF bake.name @MeshInstance3D@39086 x1
PROF bake.name @MeshInstance3D@39087 x1
PROF bake.name @MeshInstance3D@39089 x1
PROF bake.name @MeshInstance3D@39090 x1
PROF bake.name @MeshInstance3D@39091 x1
PROF bake.name @MeshInstance3D@39092 x1
PROF bake.collect ms=389 sources=16
PROF bake.commit ms=1
PROF bake.detail instances=540 surfaces=540 append_ms=386 material_ms=0
PROF bake.name WheatStalk x9
PROF bake.name Grain x9
PROF bake.name WheatLeaf x9
PROF bake.name @MeshInstance3D@39605 x1
PROF bake.name @MeshInstance3D@39606 x1
PROF bake.name @MeshInstance3D@39607 x1
PROF bake.name @MeshInstance3D@39608 x1
PROF bake.name @MeshInstance3D@39609 x1
PROF bake.name @MeshInstance3D@39611 x1
PROF bake.name @MeshInstance3D@39612 x1
PROF bake.name @MeshInstance3D@39613 x1
PROF bake.name @MeshInstance3D@39614 x1
PROF bake.collect ms=406 sources=16
PROF bake.commit ms=1
PROF bake.detail instances=540 surfaces=540 append_ms=402 material_ms=0
PROF bake.name WheatStalk x9
PROF bake.name Grain x9
PROF bake.name WheatLeaf x9
PROF bake.name @MeshInstance3D@40134 x1
PROF bake.name @MeshInstance3D@40135 x1
PROF bake.name @MeshInstance3D@40136 x1
PROF bake.name @MeshInstance3D@40137 x1
PROF bake.name @MeshInstance3D@40138 x1
PROF bake.name @MeshInstance3D@40140 x1
PROF bake.name @MeshInstance3D@40141 x1
PROF bake.name @MeshInstance3D@40142 x1
PROF bake.name @MeshInstance3D@40143 x1
PROF bake.collect ms=446 sources=16
PROF bake.commit ms=1
PROF bake.detail instances=540 surfaces=540 append_ms=442 material_ms=0
PROF bake.name WheatStalk x9
PROF bake.name Grain x9
PROF bake.name WheatLeaf x9
PROF bake.name @MeshInstance3D@40656 x1
PROF bake.name @MeshInstance3D@40657 x1
PROF bake.name @MeshInstance3D@40658 x1
PROF bake.name @MeshInstance3D@40659 x1
PROF bake.name @MeshInstance3D@40660 x1
PROF bake.name @MeshInstance3D@40662 x1
PROF bake.name @MeshInstance3D@40663 x1
PROF bake.name @MeshInstance3D@40664 x1
PROF bake.name @MeshInstance3D@40665 x1
PROF bake.collect ms=390 sources=16
PROF bake.commit ms=1
PROF bake.detail instances=540 surfaces=540 append_ms=386 material_ms=0
PROF bake.name WheatStalk x9
PROF bake.name Grain x9
PROF bake.name WheatLeaf x9
PROF bake.name @MeshInstance3D@41185 x1
PROF bake.name @MeshInstance3D@41186 x1
PROF bake.name @MeshInstance3D@41187 x1
PROF bake.name @MeshInstance3D@41188 x1
PROF bake.name @MeshInstance3D@41189 x1
PROF bake.name @MeshInstance3D@41191 x1
PROF bake.name @MeshInstance3D@41192 x1
PROF bake.name @MeshInstance3D@41193 x1
PROF bake.name @MeshInstance3D@41194 x1
PROF bake.collect ms=398 sources=16
PROF bake.commit ms=0
PROF bake.detail instances=540 surfaces=540 append_ms=393 material_ms=0
PROF bake.name WheatStalk x9
PROF bake.name Grain x9
PROF bake.name WheatLeaf x9
PROF bake.name @MeshInstance3D@41707 x1
PROF bake.name @MeshInstance3D@41708 x1
PROF bake.name @MeshInstance3D@41709 x1
PROF bake.name @MeshInstance3D@41710 x1
PROF bake.name @MeshInstance3D@41711 x1
PROF bake.name @MeshInstance3D@41713 x1
PROF bake.name @MeshInstance3D@41714 x1
PROF bake.name @MeshInstance3D@41715 x1
PROF bake.name @MeshInstance3D@41716 x1
PROF bake.collect ms=458 sources=16
PROF bake.commit ms=1
PROF bake.detail instances=540 surfaces=540 append_ms=454 material_ms=0
PROF bake.name WheatStalk x9
PROF bake.name Grain x9
PROF bake.name WheatLeaf x9
PROF bake.name @MeshInstance3D@42236 x1
PROF bake.name @MeshInstance3D@42237 x1
PROF bake.name @MeshInstance3D@42238 x1
PROF bake.name @MeshInstance3D@42239 x1
PROF bake.name @MeshInstance3D@42240 x1
PROF bake.name @MeshInstance3D@42242 x1
PROF bake.name @MeshInstance3D@42243 x1
PROF bake.name @MeshInstance3D@42244 x1
PROF bake.name @MeshInstance3D@42245 x1
PROF bake.collect ms=389 sources=16
PROF bake.commit ms=1
PROF bake.detail instances=540 surfaces=540 append_ms=385 material_ms=0
PROF bake.name WheatStalk x9
PROF bake.name Grain x9
PROF bake.name WheatLeaf x9
PROF bake.name @MeshInstance3D@42758 x1
PROF bake.name @MeshInstance3D@42759 x1
PROF bake.name @MeshInstance3D@42760 x1
PROF bake.name @MeshInstance3D@42761 x1
PROF bake.name @MeshInstance3D@42762 x1
PROF bake.name @MeshInstance3D@42764 x1
PROF bake.name @MeshInstance3D@42765 x1
PROF bake.name @MeshInstance3D@42766 x1
PROF bake.name @MeshInstance3D@42767 x1
PROF bake.collect ms=391 sources=16
PROF bake.commit ms=1
PROF bake.detail instances=540 surfaces=540 append_ms=388 material_ms=0
PROF bake.name WheatStalk x9
PROF bake.name Grain x9
PROF bake.name WheatLeaf x9
PROF bake.name @MeshInstance3D@43287 x1
PROF bake.name @MeshInstance3D@43288 x1
PROF bake.name @MeshInstance3D@43289 x1
PROF bake.name @MeshInstance3D@43290 x1
PROF bake.name @MeshInstance3D@43291 x1
PROF bake.name @MeshInstance3D@43293 x1
PROF bake.name @MeshInstance3D@43294 x1
PROF bake.name @MeshInstance3D@43295 x1
PROF bake.name @MeshInstance3D@43296 x1
PROF bake.collect ms=390 sources=16
PROF bake.commit ms=0
PROF bake.detail instances=540 surfaces=540 append_ms=386 material_ms=0
PROF bake.name WheatStalk x9
PROF bake.name Grain x9
PROF bake.name WheatLeaf x9
PROF bake.name @MeshInstance3D@43809 x1
PROF bake.name @MeshInstance3D@43810 x1
PROF bake.name @MeshInstance3D@43811 x1
PROF bake.name @MeshInstance3D@43812 x1
PROF bake.name @MeshInstance3D@43813 x1
PROF bake.name @MeshInstance3D@43815 x1
PROF bake.name @MeshInstance3D@43816 x1
PROF bake.name @MeshInstance3D@43817 x1
PROF bake.name @MeshInstance3D@43818 x1
PROF bake.collect ms=49 sources=28
PROF bake.commit ms=1
PROF bake.detail instances=64 surfaces=64 append_ms=48 material_ms=0
PROF bake.name PumpkinLobe x4
PROF bake.name Stem x4
PROF bake.name PumpkinLeaf x4
PROF bake.name PumpkinVine x4
PROF bake.name @MeshInstance3D@44022 x1
PROF bake.name @MeshInstance3D@44023 x1
PROF bake.name @MeshInstance3D@44024 x1
PROF bake.name @MeshInstance3D@44025 x1
PROF bake.name @MeshInstance3D@44026 x1
PROF bake.name @MeshInstance3D@44027 x1
PROF bake.name @MeshInstance3D@44028 x1
PROF bake.name @MeshInstance3D@44029 x1
PROF bake.collect ms=48 sources=28
PROF bake.commit ms=1
PROF bake.detail instances=64 surfaces=64 append_ms=48 material_ms=0
PROF bake.name PumpkinLobe x4
PROF bake.name Stem x4
PROF bake.name PumpkinLeaf x4
PROF bake.name PumpkinVine x4
PROF bake.name @MeshInstance3D@44074 x1
PROF bake.name @MeshInstance3D@44075 x1
PROF bake.name @MeshInstance3D@44076 x1
PROF bake.name @MeshInstance3D@44077 x1
PROF bake.name @MeshInstance3D@44078 x1
PROF bake.name @MeshInstance3D@44079 x1
PROF bake.name @MeshInstance3D@44080 x1
PROF bake.name @MeshInstance3D@44081 x1
PROF bake.collect ms=49 sources=28
PROF bake.commit ms=0
PROF bake.detail instances=64 surfaces=64 append_ms=47 material_ms=0
PROF bake.name PumpkinLobe x4
PROF bake.name Stem x4
PROF bake.name PumpkinLeaf x4
PROF bake.name PumpkinVine x4
PROF bake.name @MeshInstance3D@44133 x1
PROF bake.name @MeshInstance3D@44134 x1
PROF bake.name @MeshInstance3D@44135 x1
PROF bake.name @MeshInstance3D@44136 x1
PROF bake.name @MeshInstance3D@44137 x1
PROF bake.name @MeshInstance3D@44138 x1
PROF bake.name @MeshInstance3D@44139 x1
PROF bake.name @MeshInstance3D@44140 x1
PROF bake.collect ms=49 sources=28
PROF bake.commit ms=0
PROF bake.detail instances=64 surfaces=64 append_ms=48 material_ms=0
PROF bake.name PumpkinLobe x4
PROF bake.name Stem x4
PROF bake.name PumpkinLeaf x4
PROF bake.name PumpkinVine x4
PROF bake.name @MeshInstance3D@44185 x1
PROF bake.name @MeshInstance3D@44186 x1
PROF bake.name @MeshInstance3D@44187 x1
PROF bake.name @MeshInstance3D@44188 x1
PROF bake.name @MeshInstance3D@44189 x1
PROF bake.name @MeshInstance3D@44190 x1
PROF bake.name @MeshInstance3D@44191 x1
PROF bake.name @MeshInstance3D@44192 x1
PROF bake.collect ms=49 sources=28
PROF bake.commit ms=0
PROF bake.detail instances=64 surfaces=64 append_ms=47 material_ms=0
PROF bake.name PumpkinLobe x4
PROF bake.name Stem x4
PROF bake.name PumpkinLeaf x4
PROF bake.name PumpkinVine x4
PROF bake.name @MeshInstance3D@44244 x1
PROF bake.name @MeshInstance3D@44245 x1
PROF bake.name @MeshInstance3D@44246 x1
PROF bake.name @MeshInstance3D@44247 x1
PROF bake.name @MeshInstance3D@44248 x1
PROF bake.name @MeshInstance3D@44249 x1
PROF bake.name @MeshInstance3D@44250 x1
PROF bake.name @MeshInstance3D@44251 x1
PROF bake.collect ms=49 sources=28
PROF bake.commit ms=1
PROF bake.detail instances=64 surfaces=64 append_ms=48 material_ms=0
PROF bake.name PumpkinLobe x4
PROF bake.name Stem x4
PROF bake.name PumpkinLeaf x4
PROF bake.name PumpkinVine x4
PROF bake.name @MeshInstance3D@44296 x1
PROF bake.name @MeshInstance3D@44297 x1
PROF bake.name @MeshInstance3D@44298 x1
PROF bake.name @MeshInstance3D@44299 x1
PROF bake.name @MeshInstance3D@44300 x1
PROF bake.name @MeshInstance3D@44301 x1
PROF bake.name @MeshInstance3D@44302 x1
PROF bake.name @MeshInstance3D@44303 x1
PROF bake.collect ms=48 sources=28
PROF bake.commit ms=1
PROF bake.detail instances=64 surfaces=64 append_ms=47 material_ms=0
PROF bake.name PumpkinLobe x4
PROF bake.name Stem x4
PROF bake.name PumpkinLeaf x4
PROF bake.name PumpkinVine x4
PROF bake.name @MeshInstance3D@44355 x1
PROF bake.name @MeshInstance3D@44356 x1
PROF bake.name @MeshInstance3D@44357 x1
PROF bake.name @MeshInstance3D@44358 x1
PROF bake.name @MeshInstance3D@44359 x1
PROF bake.name @MeshInstance3D@44360 x1
PROF bake.name @MeshInstance3D@44361 x1
PROF bake.name @MeshInstance3D@44362 x1
PROF bake.collect ms=48 sources=28
PROF bake.commit ms=1
PROF bake.detail instances=64 surfaces=64 append_ms=47 material_ms=0
PROF bake.name PumpkinLobe x4
PROF bake.name Stem x4
PROF bake.name PumpkinLeaf x4
PROF bake.name PumpkinVine x4
PROF bake.name @MeshInstance3D@44407 x1
PROF bake.name @MeshInstance3D@44408 x1
PROF bake.name @MeshInstance3D@44409 x1
PROF bake.name @MeshInstance3D@44410 x1
PROF bake.name @MeshInstance3D@44411 x1
PROF bake.name @MeshInstance3D@44412 x1
PROF bake.name @MeshInstance3D@44413 x1
PROF bake.name @MeshInstance3D@44414 x1
PROF bake.collect ms=50 sources=28
PROF bake.commit ms=1
PROF bake.detail instances=64 surfaces=64 append_ms=49 material_ms=0
PROF bake.name PumpkinLobe x4
PROF bake.name Stem x4
PROF bake.name PumpkinLeaf x4
PROF bake.name PumpkinVine x4
PROF bake.name @MeshInstance3D@44466 x1
PROF bake.name @MeshInstance3D@44467 x1
PROF bake.name @MeshInstance3D@44468 x1
PROF bake.name @MeshInstance3D@44469 x1
PROF bake.name @MeshInstance3D@44470 x1
PROF bake.name @MeshInstance3D@44471 x1
PROF bake.name @MeshInstance3D@44472 x1
PROF bake.name @MeshInstance3D@44473 x1
PROF bake.collect ms=53 sources=28
PROF bake.commit ms=0
PROF bake.detail instances=64 surfaces=64 append_ms=52 material_ms=0
PROF bake.name PumpkinLobe x4
PROF bake.name Stem x4
PROF bake.name PumpkinLeaf x4
PROF bake.name PumpkinVine x4
PROF bake.name @MeshInstance3D@44518 x1
PROF bake.name @MeshInstance3D@44519 x1
PROF bake.name @MeshInstance3D@44520 x1
PROF bake.name @MeshInstance3D@44521 x1
PROF bake.name @MeshInstance3D@44522 x1
PROF bake.name @MeshInstance3D@44523 x1
PROF bake.name @MeshInstance3D@44524 x1
PROF bake.name @MeshInstance3D@44525 x1
PROF bake.collect ms=49 sources=28
PROF bake.commit ms=0
PROF bake.detail instances=64 surfaces=64 append_ms=47 material_ms=0
PROF bake.name PumpkinLobe x4
PROF bake.name Stem x4
PROF bake.name PumpkinLeaf x4
PROF bake.name PumpkinVine x4
PROF bake.name @MeshInstance3D@44570 x1
PROF bake.name @MeshInstance3D@44571 x1
PROF bake.name @MeshInstance3D@44572 x1
PROF bake.name @MeshInstance3D@44573 x1
PROF bake.name @MeshInstance3D@44574 x1
PROF bake.name @MeshInstance3D@44575 x1
PROF bake.name @MeshInstance3D@44576 x1
PROF bake.name @MeshInstance3D@44577 x1
PROF bake.collect ms=49 sources=28
PROF bake.commit ms=0
PROF bake.detail instances=64 surfaces=64 append_ms=48 material_ms=0
PROF bake.name PumpkinLobe x4
PROF bake.name Stem x4
PROF bake.name PumpkinLeaf x4
PROF bake.name PumpkinVine x4
PROF bake.name @MeshInstance3D@44629 x1
PROF bake.name @MeshInstance3D@44630 x1
PROF bake.name @MeshInstance3D@44631 x1
PROF bake.name @MeshInstance3D@44632 x1
PROF bake.name @MeshInstance3D@44633 x1
PROF bake.name @MeshInstance3D@44634 x1
PROF bake.name @MeshInstance3D@44635 x1
PROF bake.name @MeshInstance3D@44636 x1
PROF bake.collect ms=50 sources=28
PROF bake.commit ms=0
PROF bake.detail instances=64 surfaces=64 append_ms=49 material_ms=0
PROF bake.name PumpkinLobe x4
PROF bake.name Stem x4
PROF bake.name PumpkinLeaf x4
PROF bake.name PumpkinVine x4
PROF bake.name @MeshInstance3D@44681 x1
PROF bake.name @MeshInstance3D@44682 x1
PROF bake.name @MeshInstance3D@44683 x1
PROF bake.name @MeshInstance3D@44684 x1
PROF bake.name @MeshInstance3D@44685 x1
PROF bake.name @MeshInstance3D@44686 x1
PROF bake.name @MeshInstance3D@44687 x1
PROF bake.name @MeshInstance3D@44688 x1
PROF bake.collect ms=49 sources=28
PROF bake.commit ms=0
PROF bake.detail instances=64 surfaces=64 append_ms=48 material_ms=0
PROF bake.name PumpkinLobe x4
PROF bake.name Stem x4
PROF bake.name PumpkinLeaf x4
PROF bake.name PumpkinVine x4
PROF bake.name @MeshInstance3D@44733 x1
PROF bake.name @MeshInstance3D@44734 x1
PROF bake.name @MeshInstance3D@44735 x1
PROF bake.name @MeshInstance3D@44736 x1
PROF bake.name @MeshInstance3D@44737 x1
PROF bake.name @MeshInstance3D@44738 x1
PROF bake.name @MeshInstance3D@44739 x1
PROF bake.name @MeshInstance3D@44740 x1
PROF bake.collect ms=48 sources=28
PROF bake.commit ms=1
PROF bake.detail instances=64 surfaces=64 append_ms=48 material_ms=0
PROF bake.name PumpkinLobe x4
PROF bake.name Stem x4
PROF bake.name PumpkinLeaf x4
PROF bake.name PumpkinVine x4
PROF bake.name @MeshInstance3D@44792 x1
PROF bake.name @MeshInstance3D@44793 x1
PROF bake.name @MeshInstance3D@44794 x1
PROF bake.name @MeshInstance3D@44795 x1
PROF bake.name @MeshInstance3D@44796 x1
PROF bake.name @MeshInstance3D@44797 x1
PROF bake.name @MeshInstance3D@44798 x1
PROF bake.name @MeshInstance3D@44799 x1
PROF bake.collect ms=48 sources=28
PROF bake.commit ms=1
PROF bake.detail instances=64 surfaces=64 append_ms=48 material_ms=0
PROF bake.name PumpkinLobe x4
PROF bake.name Stem x4
PROF bake.name PumpkinLeaf x4
PROF bake.name PumpkinVine x4
PROF bake.name @MeshInstance3D@44844 x1
PROF bake.name @MeshInstance3D@44845 x1
PROF bake.name @MeshInstance3D@44846 x1
PROF bake.name @MeshInstance3D@44847 x1
PROF bake.name @MeshInstance3D@44848 x1
PROF bake.name @MeshInstance3D@44849 x1
PROF bake.name @MeshInstance3D@44850 x1
PROF bake.name @MeshInstance3D@44851 x1
PROF bake.collect ms=48 sources=28
PROF bake.commit ms=1
PROF bake.detail instances=64 surfaces=64 append_ms=48 material_ms=0
PROF bake.name PumpkinLobe x4
PROF bake.name Stem x4
PROF bake.name PumpkinLeaf x4
PROF bake.name PumpkinVine x4
PROF bake.name @MeshInstance3D@44896 x1
PROF bake.name @MeshInstance3D@44897 x1
PROF bake.name @MeshInstance3D@44898 x1
PROF bake.name @MeshInstance3D@44899 x1
PROF bake.name @MeshInstance3D@44900 x1
PROF bake.name @MeshInstance3D@44901 x1
PROF bake.name @MeshInstance3D@44902 x1
PROF bake.name @MeshInstance3D@44903 x1
PROF bake.collect ms=49 sources=28
PROF bake.commit ms=0
PROF bake.detail instances=64 surfaces=64 append_ms=48 material_ms=0
PROF bake.name PumpkinLobe x4
PROF bake.name Stem x4
PROF bake.name PumpkinLeaf x4
PROF bake.name PumpkinVine x4
PROF bake.name @MeshInstance3D@44955 x1
PROF bake.name @MeshInstance3D@44956 x1
PROF bake.name @MeshInstance3D@44957 x1
PROF bake.name @MeshInstance3D@44958 x1
PROF bake.name @MeshInstance3D@44959 x1
PROF bake.name @MeshInstance3D@44960 x1
PROF bake.name @MeshInstance3D@44961 x1
PROF bake.name @MeshInstance3D@44962 x1
PROF bake.collect ms=49 sources=28
PROF bake.commit ms=1
PROF bake.detail instances=64 surfaces=64 append_ms=48 material_ms=0
PROF bake.name PumpkinLobe x4
PROF bake.name Stem x4
PROF bake.name PumpkinLeaf x4
PROF bake.name PumpkinVine x4
PROF bake.name @MeshInstance3D@45007 x1
PROF bake.name @MeshInstance3D@45008 x1
PROF bake.name @MeshInstance3D@45009 x1
PROF bake.name @MeshInstance3D@45010 x1
PROF bake.name @MeshInstance3D@45011 x1
PROF bake.name @MeshInstance3D@45012 x1
PROF bake.name @MeshInstance3D@45013 x1
PROF bake.name @MeshInstance3D@45014 x1
PROF bake.collect ms=48 sources=28
PROF bake.commit ms=1
PROF bake.detail instances=64 surfaces=64 append_ms=48 material_ms=0
PROF bake.name PumpkinLobe x4
PROF bake.name Stem x4
PROF bake.name PumpkinLeaf x4
PROF bake.name PumpkinVine x4
PROF bake.name @MeshInstance3D@45059 x1
PROF bake.name @MeshInstance3D@45060 x1
PROF bake.name @MeshInstance3D@45061 x1
PROF bake.name @MeshInstance3D@45062 x1
PROF bake.name @MeshInstance3D@45063 x1
PROF bake.name @MeshInstance3D@45064 x1
PROF bake.name @MeshInstance3D@45065 x1
PROF bake.name @MeshInstance3D@45066 x1
PROF bake.collect ms=50 sources=28
PROF bake.commit ms=0
PROF bake.detail instances=64 surfaces=64 append_ms=49 material_ms=0
PROF bake.name PumpkinLobe x4
PROF bake.name Stem x4
PROF bake.name PumpkinLeaf x4
PROF bake.name PumpkinVine x4
PROF bake.name @MeshInstance3D@45118 x1
PROF bake.name @MeshInstance3D@45119 x1
PROF bake.name @MeshInstance3D@45120 x1
PROF bake.name @MeshInstance3D@45121 x1
PROF bake.name @MeshInstance3D@45122 x1
PROF bake.name @MeshInstance3D@45123 x1
PROF bake.name @MeshInstance3D@45124 x1
PROF bake.name @MeshInstance3D@45125 x1
PROF bake.collect ms=53 sources=28
PROF bake.commit ms=0
PROF bake.detail instances=64 surfaces=64 append_ms=52 material_ms=0
PROF bake.name PumpkinLobe x4
PROF bake.name Stem x4
PROF bake.name PumpkinLeaf x4
PROF bake.name PumpkinVine x4
PROF bake.name @MeshInstance3D@45170 x1
PROF bake.name @MeshInstance3D@45171 x1
PROF bake.name @MeshInstance3D@45172 x1
PROF bake.name @MeshInstance3D@45173 x1
PROF bake.name @MeshInstance3D@45174 x1
PROF bake.name @MeshInstance3D@45175 x1
PROF bake.name @MeshInstance3D@45176 x1
PROF bake.name @MeshInstance3D@45177 x1
PROF bake.collect ms=49 sources=28
PROF bake.commit ms=0
PROF bake.detail instances=64 surfaces=64 append_ms=48 material_ms=0
PROF bake.name PumpkinLobe x4
PROF bake.name Stem x4
PROF bake.name PumpkinLeaf x4
PROF bake.name PumpkinVine x4
PROF bake.name @MeshInstance3D@45229 x1
PROF bake.name @MeshInstance3D@45230 x1
PROF bake.name @MeshInstance3D@45231 x1
PROF bake.name @MeshInstance3D@45232 x1
PROF bake.name @MeshInstance3D@45233 x1
PROF bake.name @MeshInstance3D@45234 x1
PROF bake.name @MeshInstance3D@45235 x1
PROF bake.name @MeshInstance3D@45236 x1
PROF bake.collect ms=49 sources=28
PROF bake.commit ms=1
PROF bake.detail instances=64 surfaces=64 append_ms=48 material_ms=0
PROF bake.name PumpkinLobe x4
PROF bake.name Stem x4
PROF bake.name PumpkinLeaf x4
PROF bake.name PumpkinVine x4
PROF bake.name @MeshInstance3D@45281 x1
PROF bake.name @MeshInstance3D@45282 x1
PROF bake.name @MeshInstance3D@45283 x1
PROF bake.name @MeshInstance3D@45284 x1
PROF bake.name @MeshInstance3D@45285 x1
PROF bake.name @MeshInstance3D@45286 x1
PROF bake.name @MeshInstance3D@45287 x1
PROF bake.name @MeshInstance3D@45288 x1
PROF bake.collect ms=49 sources=28
PROF bake.commit ms=0
PROF bake.detail instances=64 surfaces=64 append_ms=48 material_ms=0
PROF bake.name PumpkinLobe x4
PROF bake.name Stem x4
PROF bake.name PumpkinLeaf x4
PROF bake.name PumpkinVine x4
PROF bake.name @MeshInstance3D@45340 x1
PROF bake.name @MeshInstance3D@45341 x1
PROF bake.name @MeshInstance3D@45342 x1
PROF bake.name @MeshInstance3D@45343 x1
PROF bake.name @MeshInstance3D@45344 x1
PROF bake.name @MeshInstance3D@45345 x1
PROF bake.name @MeshInstance3D@45346 x1
PROF bake.name @MeshInstance3D@45347 x1
PROF bake.collect ms=50 sources=28
PROF bake.commit ms=0
PROF bake.detail instances=64 surfaces=64 append_ms=48 material_ms=0
PROF bake.name PumpkinLobe x4
PROF bake.name Stem x4
PROF bake.name PumpkinLeaf x4
PROF bake.name PumpkinVine x4
PROF bake.name @MeshInstance3D@45392 x1
PROF bake.name @MeshInstance3D@45393 x1
PROF bake.name @MeshInstance3D@45394 x1
PROF bake.name @MeshInstance3D@45395 x1
PROF bake.name @MeshInstance3D@45396 x1
PROF bake.name @MeshInstance3D@45397 x1
PROF bake.name @MeshInstance3D@45398 x1
PROF bake.name @MeshInstance3D@45399 x1
PROF bake.collect ms=48 sources=28
PROF bake.commit ms=1
PROF bake.detail instances=64 surfaces=64 append_ms=47 material_ms=0
PROF bake.name PumpkinLobe x4
PROF bake.name Stem x4
PROF bake.name PumpkinLeaf x4
PROF bake.name PumpkinVine x4
PROF bake.name @MeshInstance3D@45451 x1
PROF bake.name @MeshInstance3D@45452 x1
PROF bake.name @MeshInstance3D@45453 x1
PROF bake.name @MeshInstance3D@45454 x1
PROF bake.name @MeshInstance3D@45455 x1
PROF bake.name @MeshInstance3D@45456 x1
PROF bake.name @MeshInstance3D@45457 x1
PROF bake.name @MeshInstance3D@45458 x1
PROF bake.collect ms=48 sources=28
PROF bake.commit ms=0
PROF bake.detail instances=64 surfaces=64 append_ms=48 material_ms=0
PROF bake.name PumpkinLobe x4
PROF bake.name Stem x4
PROF bake.name PumpkinLeaf x4
PROF bake.name PumpkinVine x4
PROF bake.name @MeshInstance3D@45503 x1
PROF bake.name @MeshInstance3D@45504 x1
PROF bake.name @MeshInstance3D@45505 x1
PROF bake.name @MeshInstance3D@45506 x1
PROF bake.name @MeshInstance3D@45507 x1
PROF bake.name @MeshInstance3D@45508 x1
PROF bake.name @MeshInstance3D@45509 x1
PROF bake.name @MeshInstance3D@45510 x1
PROF bake.collect ms=49 sources=28
PROF bake.commit ms=0
PROF bake.detail instances=64 surfaces=64 append_ms=48 material_ms=0
PROF bake.name PumpkinLobe x4
PROF bake.name Stem x4
PROF bake.name PumpkinLeaf x4
PROF bake.name PumpkinVine x4
PROF bake.name @MeshInstance3D@45562 x1
PROF bake.name @MeshInstance3D@45563 x1
PROF bake.name @MeshInstance3D@45564 x1
PROF bake.name @MeshInstance3D@45565 x1
PROF bake.name @MeshInstance3D@45566 x1
PROF bake.name @MeshInstance3D@45567 x1
PROF bake.name @MeshInstance3D@45568 x1
PROF bake.name @MeshInstance3D@45569 x1
PROF bake.collect ms=49 sources=28
PROF bake.commit ms=1
PROF bake.detail instances=64 surfaces=64 append_ms=48 material_ms=0
PROF bake.name PumpkinLobe x4
PROF bake.name Stem x4
PROF bake.name PumpkinLeaf x4
PROF bake.name PumpkinVine x4
PROF bake.name @MeshInstance3D@45614 x1
PROF bake.name @MeshInstance3D@45615 x1
PROF bake.name @MeshInstance3D@45616 x1
PROF bake.name @MeshInstance3D@45617 x1
PROF bake.name @MeshInstance3D@45618 x1
PROF bake.name @MeshInstance3D@45619 x1
PROF bake.name @MeshInstance3D@45620 x1
PROF bake.name @MeshInstance3D@45621 x1
PROF bake.collect ms=48 sources=28
PROF bake.commit ms=1
PROF bake.detail instances=64 surfaces=64 append_ms=48 material_ms=0
PROF bake.name PumpkinLobe x4
PROF bake.name Stem x4
PROF bake.name PumpkinLeaf x4
PROF bake.name PumpkinVine x4
PROF bake.name @MeshInstance3D@45666 x1
PROF bake.name @MeshInstance3D@45667 x1
PROF bake.name @MeshInstance3D@45668 x1
PROF bake.name @MeshInstance3D@45669 x1
PROF bake.name @MeshInstance3D@45670 x1
PROF bake.name @MeshInstance3D@45671 x1
PROF bake.name @MeshInstance3D@45672 x1
PROF bake.name @MeshInstance3D@45673 x1
PROF bake.collect ms=49 sources=28
PROF bake.commit ms=0
PROF bake.detail instances=64 surfaces=64 append_ms=48 material_ms=0
PROF bake.name PumpkinLobe x4
PROF bake.name Stem x4
PROF bake.name PumpkinLeaf x4
PROF bake.name PumpkinVine x4
PROF bake.name @MeshInstance3D@45725 x1
PROF bake.name @MeshInstance3D@45726 x1
PROF bake.name @MeshInstance3D@45727 x1
PROF bake.name @MeshInstance3D@45728 x1
PROF bake.name @MeshInstance3D@45729 x1
PROF bake.name @MeshInstance3D@45730 x1
PROF bake.name @MeshInstance3D@45731 x1
PROF bake.name @MeshInstance3D@45732 x1
PROF bake.collect ms=50 sources=28
PROF bake.commit ms=0
PROF bake.detail instances=64 surfaces=64 append_ms=48 material_ms=0
PROF bake.name PumpkinLobe x4
PROF bake.name Stem x4
PROF bake.name PumpkinLeaf x4
PROF bake.name PumpkinVine x4
PROF bake.name @MeshInstance3D@45777 x1
PROF bake.name @MeshInstance3D@45778 x1
PROF bake.name @MeshInstance3D@45779 x1
PROF bake.name @MeshInstance3D@45780 x1
PROF bake.name @MeshInstance3D@45781 x1
PROF bake.name @MeshInstance3D@45782 x1
PROF bake.name @MeshInstance3D@45783 x1
PROF bake.name @MeshInstance3D@45784 x1
PROF bake.collect ms=48 sources=28
PROF bake.commit ms=1
PROF bake.detail instances=64 surfaces=64 append_ms=47 material_ms=0
PROF bake.name PumpkinLobe x4
PROF bake.name Stem x4
PROF bake.name PumpkinLeaf x4
PROF bake.name PumpkinVine x4
PROF bake.name @MeshInstance3D@45829 x1
PROF bake.name @MeshInstance3D@45830 x1
PROF bake.name @MeshInstance3D@45831 x1
PROF bake.name @MeshInstance3D@45832 x1
PROF bake.name @MeshInstance3D@45833 x1
PROF bake.name @MeshInstance3D@45834 x1
PROF bake.name @MeshInstance3D@45835 x1
PROF bake.name @MeshInstance3D@45836 x1
PROF bake.collect ms=49 sources=28
PROF bake.commit ms=0
PROF bake.detail instances=64 surfaces=64 append_ms=48 material_ms=0
PROF bake.name PumpkinLobe x4
PROF bake.name Stem x4
PROF bake.name PumpkinLeaf x4
PROF bake.name PumpkinVine x4
PROF bake.name @MeshInstance3D@45888 x1
PROF bake.name @MeshInstance3D@45889 x1
PROF bake.name @MeshInstance3D@45890 x1
PROF bake.name @MeshInstance3D@45891 x1
PROF bake.name @MeshInstance3D@45892 x1
PROF bake.name @MeshInstance3D@45893 x1
PROF bake.name @MeshInstance3D@45894 x1
PROF bake.name @MeshInstance3D@45895 x1
PROF bake.collect ms=49 sources=28
PROF bake.commit ms=1
PROF bake.detail instances=64 surfaces=64 append_ms=48 material_ms=0
PROF bake.name PumpkinLobe x4
PROF bake.name Stem x4
PROF bake.name PumpkinLeaf x4
PROF bake.name PumpkinVine x4
PROF bake.name @MeshInstance3D@45940 x1
PROF bake.name @MeshInstance3D@45941 x1
PROF bake.name @MeshInstance3D@45942 x1
PROF bake.name @MeshInstance3D@45943 x1
PROF bake.name @MeshInstance3D@45944 x1
PROF bake.name @MeshInstance3D@45945 x1
PROF bake.name @MeshInstance3D@45946 x1
PROF bake.name @MeshInstance3D@45947 x1
PROF bake.collect ms=49 sources=28
PROF bake.commit ms=0
PROF bake.detail instances=64 surfaces=64 append_ms=48 material_ms=0
PROF bake.name PumpkinLobe x4
PROF bake.name Stem x4
PROF bake.name PumpkinLeaf x4
PROF bake.name PumpkinVine x4
PROF bake.name @MeshInstance3D@45992 x1
PROF bake.name @MeshInstance3D@45993 x1
PROF bake.name @MeshInstance3D@45994 x1
PROF bake.name @MeshInstance3D@45995 x1
PROF bake.name @MeshInstance3D@45996 x1
PROF bake.name @MeshInstance3D@45997 x1
PROF bake.name @MeshInstance3D@45998 x1
PROF bake.name @MeshInstance3D@45999 x1
PROF bake.collect ms=50 sources=28
PROF bake.commit ms=0
PROF bake.detail instances=64 surfaces=64 append_ms=48 material_ms=0
PROF bake.name PumpkinLobe x4
PROF bake.name Stem x4
PROF bake.name PumpkinLeaf x4
PROF bake.name PumpkinVine x4
PROF bake.name @MeshInstance3D@46051 x1
PROF bake.name @MeshInstance3D@46052 x1
PROF bake.name @MeshInstance3D@46053 x1
PROF bake.name @MeshInstance3D@46054 x1
PROF bake.name @MeshInstance3D@46055 x1
PROF bake.name @MeshInstance3D@46056 x1
PROF bake.name @MeshInstance3D@46057 x1
PROF bake.name @MeshInstance3D@46058 x1
PROF bake.collect ms=49 sources=28
PROF bake.commit ms=0
PROF bake.detail instances=64 surfaces=64 append_ms=48 material_ms=0
PROF bake.name PumpkinLobe x4
PROF bake.name Stem x4
PROF bake.name PumpkinLeaf x4
PROF bake.name PumpkinVine x4
PROF bake.name @MeshInstance3D@46103 x1
PROF bake.name @MeshInstance3D@46104 x1
PROF bake.name @MeshInstance3D@46105 x1
PROF bake.name @MeshInstance3D@46106 x1
PROF bake.name @MeshInstance3D@46107 x1
PROF bake.name @MeshInstance3D@46108 x1
PROF bake.name @MeshInstance3D@46109 x1
PROF bake.name @MeshInstance3D@46110 x1
PROF bake.collect ms=49 sources=28
PROF bake.commit ms=0
PROF bake.detail instances=64 surfaces=64 append_ms=48 material_ms=0
PROF bake.name PumpkinLobe x4
PROF bake.name Stem x4
PROF bake.name PumpkinLeaf x4
PROF bake.name PumpkinVine x4
PROF bake.name @MeshInstance3D@46155 x1
PROF bake.name @MeshInstance3D@46156 x1
PROF bake.name @MeshInstance3D@46157 x1
PROF bake.name @MeshInstance3D@46158 x1
PROF bake.name @MeshInstance3D@46159 x1
PROF bake.name @MeshInstance3D@46160 x1
PROF bake.name @MeshInstance3D@46161 x1
PROF bake.name @MeshInstance3D@46162 x1
PROF bake.collect ms=26 sources=12
PROF bake.commit ms=0
PROF bake.detail instances=28 surfaces=28 append_ms=25 material_ms=0
PROF bake.name RootVegetable x4
PROF bake.name VegetableLeaf x4
PROF bake.name @MeshInstance3D@46210 x1
PROF bake.name @MeshInstance3D@46209 x1
PROF bake.name @MeshInstance3D@46208 x1
PROF bake.name @MeshInstance3D@46207 x1
PROF bake.name @MeshInstance3D@46206 x1
PROF bake.name @MeshInstance3D@46204 x1
PROF bake.name @MeshInstance3D@46203 x1
PROF bake.name @MeshInstance3D@46202 x1
PROF bake.name @MeshInstance3D@46201 x1
PROF bake.name @MeshInstance3D@46200 x1
PROF bake.collect ms=24 sources=12
PROF bake.commit ms=1
PROF bake.detail instances=28 surfaces=28 append_ms=23 material_ms=0
PROF bake.name RootVegetable x4
PROF bake.name VegetableLeaf x4
PROF bake.name @MeshInstance3D@46234 x1
PROF bake.name @MeshInstance3D@46233 x1
PROF bake.name @MeshInstance3D@46232 x1
PROF bake.name @MeshInstance3D@46231 x1
PROF bake.name @MeshInstance3D@46230 x1
PROF bake.name @MeshInstance3D@46228 x1
PROF bake.name @MeshInstance3D@46227 x1
PROF bake.name @MeshInstance3D@46226 x1
PROF bake.name @MeshInstance3D@46225 x1
PROF bake.name @MeshInstance3D@46224 x1
PROF bake.collect ms=27 sources=12
PROF bake.commit ms=0
PROF bake.detail instances=28 surfaces=28 append_ms=26 material_ms=0
PROF bake.name RootVegetable x4
PROF bake.name VegetableLeaf x4
PROF bake.name @MeshInstance3D@46265 x1
PROF bake.name @MeshInstance3D@46264 x1
PROF bake.name @MeshInstance3D@46263 x1
PROF bake.name @MeshInstance3D@46262 x1
PROF bake.name @MeshInstance3D@46261 x1
PROF bake.name @MeshInstance3D@46259 x1
PROF bake.name @MeshInstance3D@46258 x1
PROF bake.name @MeshInstance3D@46257 x1
PROF bake.name @MeshInstance3D@46256 x1
PROF bake.name @MeshInstance3D@46255 x1
PROF bake.collect ms=28 sources=12
PROF bake.commit ms=1
PROF bake.detail instances=28 surfaces=28 append_ms=28 material_ms=0
PROF bake.name RootVegetable x4
PROF bake.name VegetableLeaf x4
PROF bake.name @MeshInstance3D@46289 x1
PROF bake.name @MeshInstance3D@46288 x1
PROF bake.name @MeshInstance3D@46287 x1
PROF bake.name @MeshInstance3D@46286 x1
PROF bake.name @MeshInstance3D@46285 x1
PROF bake.name @MeshInstance3D@46283 x1
PROF bake.name @MeshInstance3D@46282 x1
PROF bake.name @MeshInstance3D@46281 x1
PROF bake.name @MeshInstance3D@46280 x1
PROF bake.name @MeshInstance3D@46279 x1
PROF bake.collect ms=26 sources=12
PROF bake.commit ms=0
PROF bake.detail instances=28 surfaces=28 append_ms=26 material_ms=0
PROF bake.name RootVegetable x4
PROF bake.name VegetableLeaf x4
PROF bake.name @MeshInstance3D@46320 x1
PROF bake.name @MeshInstance3D@46319 x1
PROF bake.name @MeshInstance3D@46318 x1
PROF bake.name @MeshInstance3D@46317 x1
PROF bake.name @MeshInstance3D@46316 x1
PROF bake.name @MeshInstance3D@46314 x1
PROF bake.name @MeshInstance3D@46313 x1
PROF bake.name @MeshInstance3D@46312 x1
PROF bake.name @MeshInstance3D@46311 x1
PROF bake.name @MeshInstance3D@46310 x1
PROF bake.collect ms=27 sources=12
PROF bake.commit ms=0
PROF bake.detail instances=28 surfaces=28 append_ms=26 material_ms=0
PROF bake.name RootVegetable x4
PROF bake.name VegetableLeaf x4
PROF bake.name @MeshInstance3D@46344 x1
PROF bake.name @MeshInstance3D@46343 x1
PROF bake.name @MeshInstance3D@46342 x1
PROF bake.name @MeshInstance3D@46341 x1
PROF bake.name @MeshInstance3D@46340 x1
PROF bake.name @MeshInstance3D@46338 x1
PROF bake.name @MeshInstance3D@46337 x1
PROF bake.name @MeshInstance3D@46336 x1
PROF bake.name @MeshInstance3D@46335 x1
PROF bake.name @MeshInstance3D@46334 x1
PROF bake.collect ms=26 sources=12
PROF bake.commit ms=0
PROF bake.detail instances=28 surfaces=28 append_ms=25 material_ms=0
PROF bake.name RootVegetable x4
PROF bake.name VegetableLeaf x4
PROF bake.name @MeshInstance3D@46375 x1
PROF bake.name @MeshInstance3D@46374 x1
PROF bake.name @MeshInstance3D@46373 x1
PROF bake.name @MeshInstance3D@46372 x1
PROF bake.name @MeshInstance3D@46371 x1
PROF bake.name @MeshInstance3D@46369 x1
PROF bake.name @MeshInstance3D@46368 x1
PROF bake.name @MeshInstance3D@46367 x1
PROF bake.name @MeshInstance3D@46366 x1
PROF bake.name @MeshInstance3D@46365 x1
PROF bake.collect ms=24 sources=12
PROF bake.commit ms=0
PROF bake.detail instances=28 surfaces=28 append_ms=23 material_ms=0
PROF bake.name RootVegetable x4
PROF bake.name VegetableLeaf x4
PROF bake.name @MeshInstance3D@46399 x1
PROF bake.name @MeshInstance3D@46398 x1
PROF bake.name @MeshInstance3D@46397 x1
PROF bake.name @MeshInstance3D@46396 x1
PROF bake.name @MeshInstance3D@46395 x1
PROF bake.name @MeshInstance3D@46393 x1
PROF bake.name @MeshInstance3D@46392 x1
PROF bake.name @MeshInstance3D@46391 x1
PROF bake.name @MeshInstance3D@46390 x1
PROF bake.name @MeshInstance3D@46389 x1
PROF bake.collect ms=25 sources=12
PROF bake.commit ms=0
PROF bake.detail instances=28 surfaces=28 append_ms=25 material_ms=0
PROF bake.name RootVegetable x4
PROF bake.name VegetableLeaf x4
PROF bake.name @MeshInstance3D@46430 x1
PROF bake.name @MeshInstance3D@46429 x1
PROF bake.name @MeshInstance3D@46428 x1
PROF bake.name @MeshInstance3D@46427 x1
PROF bake.name @MeshInstance3D@46426 x1
PROF bake.name @MeshInstance3D@46424 x1
PROF bake.name @MeshInstance3D@46423 x1
PROF bake.name @MeshInstance3D@46422 x1
PROF bake.name @MeshInstance3D@46421 x1
PROF bake.name @MeshInstance3D@46420 x1
PROF bake.collect ms=24 sources=12
PROF bake.commit ms=1
PROF bake.detail instances=28 surfaces=28 append_ms=23 material_ms=0
PROF bake.name RootVegetable x4
PROF bake.name VegetableLeaf x4
PROF bake.name @MeshInstance3D@46454 x1
PROF bake.name @MeshInstance3D@46453 x1
PROF bake.name @MeshInstance3D@46452 x1
PROF bake.name @MeshInstance3D@46451 x1
PROF bake.name @MeshInstance3D@46450 x1
PROF bake.name @MeshInstance3D@46448 x1
PROF bake.name @MeshInstance3D@46447 x1
PROF bake.name @MeshInstance3D@46446 x1
PROF bake.name @MeshInstance3D@46445 x1
PROF bake.name @MeshInstance3D@46444 x1
PROF bake.collect ms=25 sources=12
PROF bake.commit ms=0
PROF bake.detail instances=28 surfaces=28 append_ms=25 material_ms=0
PROF bake.name RootVegetable x4
PROF bake.name VegetableLeaf x4
PROF bake.name @MeshInstance3D@46485 x1
PROF bake.name @MeshInstance3D@46484 x1
PROF bake.name @MeshInstance3D@46483 x1
PROF bake.name @MeshInstance3D@46482 x1
PROF bake.name @MeshInstance3D@46481 x1
PROF bake.name @MeshInstance3D@46479 x1
PROF bake.name @MeshInstance3D@46478 x1
PROF bake.name @MeshInstance3D@46477 x1
PROF bake.name @MeshInstance3D@46476 x1
PROF bake.name @MeshInstance3D@46475 x1
PROF bake.collect ms=24 sources=12
PROF bake.commit ms=0
PROF bake.detail instances=28 surfaces=28 append_ms=23 material_ms=0
PROF bake.name RootVegetable x4
PROF bake.name VegetableLeaf x4
PROF bake.name @MeshInstance3D@46509 x1
PROF bake.name @MeshInstance3D@46508 x1
PROF bake.name @MeshInstance3D@46507 x1
PROF bake.name @MeshInstance3D@46506 x1
PROF bake.name @MeshInstance3D@46505 x1
PROF bake.name @MeshInstance3D@46503 x1
PROF bake.name @MeshInstance3D@46502 x1
PROF bake.name @MeshInstance3D@46501 x1
PROF bake.name @MeshInstance3D@46500 x1
PROF bake.name @MeshInstance3D@46499 x1
PROF bake.collect ms=25 sources=12
PROF bake.commit ms=0
PROF bake.detail instances=28 surfaces=28 append_ms=24 material_ms=0
PROF bake.name RootVegetable x4
PROF bake.name VegetableLeaf x4
PROF bake.name @MeshInstance3D@46540 x1
PROF bake.name @MeshInstance3D@46539 x1
PROF bake.name @MeshInstance3D@46538 x1
PROF bake.name @MeshInstance3D@46537 x1
PROF bake.name @MeshInstance3D@46536 x1
PROF bake.name @MeshInstance3D@46534 x1
PROF bake.name @MeshInstance3D@46533 x1
PROF bake.name @MeshInstance3D@46532 x1
PROF bake.name @MeshInstance3D@46531 x1
PROF bake.name @MeshInstance3D@46530 x1
PROF bake.collect ms=24 sources=12
PROF bake.commit ms=0
PROF bake.detail instances=28 surfaces=28 append_ms=24 material_ms=0
PROF bake.name RootVegetable x4
PROF bake.name VegetableLeaf x4
PROF bake.name @MeshInstance3D@46564 x1
PROF bake.name @MeshInstance3D@46563 x1
PROF bake.name @MeshInstance3D@46562 x1
PROF bake.name @MeshInstance3D@46561 x1
PROF bake.name @MeshInstance3D@46560 x1
PROF bake.name @MeshInstance3D@46558 x1
PROF bake.name @MeshInstance3D@46557 x1
PROF bake.name @MeshInstance3D@46556 x1
PROF bake.name @MeshInstance3D@46555 x1
PROF bake.name @MeshInstance3D@46554 x1
PROF bake.collect ms=24 sources=12
PROF bake.commit ms=0
PROF bake.detail instances=28 surfaces=28 append_ms=23 material_ms=0
PROF bake.name RootVegetable x4
PROF bake.name VegetableLeaf x4
PROF bake.name @MeshInstance3D@46595 x1
PROF bake.name @MeshInstance3D@46594 x1
PROF bake.name @MeshInstance3D@46593 x1
PROF bake.name @MeshInstance3D@46592 x1
PROF bake.name @MeshInstance3D@46591 x1
PROF bake.name @MeshInstance3D@46589 x1
PROF bake.name @MeshInstance3D@46588 x1
PROF bake.name @MeshInstance3D@46587 x1
PROF bake.name @MeshInstance3D@46586 x1
PROF bake.name @MeshInstance3D@46585 x1
PROF bake.collect ms=24 sources=12
PROF bake.commit ms=0
PROF bake.detail instances=28 surfaces=28 append_ms=24 material_ms=0
PROF bake.name RootVegetable x4
PROF bake.name VegetableLeaf x4
PROF bake.name @MeshInstance3D@46619 x1
PROF bake.name @MeshInstance3D@46618 x1
PROF bake.name @MeshInstance3D@46617 x1
PROF bake.name @MeshInstance3D@46616 x1
PROF bake.name @MeshInstance3D@46615 x1
PROF bake.name @MeshInstance3D@46613 x1
PROF bake.name @MeshInstance3D@46612 x1
PROF bake.name @MeshInstance3D@46611 x1
PROF bake.name @MeshInstance3D@46610 x1
PROF bake.name @MeshInstance3D@46609 x1
PROF bake.collect ms=25 sources=12
PROF bake.commit ms=0
PROF bake.detail instances=28 surfaces=28 append_ms=24 material_ms=0
PROF bake.name RootVegetable x4
PROF bake.name VegetableLeaf x4
PROF bake.name @MeshInstance3D@46650 x1
PROF bake.name @MeshInstance3D@46649 x1
PROF bake.name @MeshInstance3D@46648 x1
PROF bake.name @MeshInstance3D@46647 x1
PROF bake.name @MeshInstance3D@46646 x1
PROF bake.name @MeshInstance3D@46644 x1
PROF bake.name @MeshInstance3D@46643 x1
PROF bake.name @MeshInstance3D@46642 x1
PROF bake.name @MeshInstance3D@46641 x1
PROF bake.name @MeshInstance3D@46640 x1
PROF bake.collect ms=25 sources=12
PROF bake.commit ms=0
PROF bake.detail instances=28 surfaces=28 append_ms=25 material_ms=0
PROF bake.name RootVegetable x4
PROF bake.name VegetableLeaf x4
PROF bake.name @MeshInstance3D@46674 x1
PROF bake.name @MeshInstance3D@46673 x1
PROF bake.name @MeshInstance3D@46672 x1
PROF bake.name @MeshInstance3D@46671 x1
PROF bake.name @MeshInstance3D@46670 x1
PROF bake.name @MeshInstance3D@46668 x1
PROF bake.name @MeshInstance3D@46667 x1
PROF bake.name @MeshInstance3D@46666 x1
PROF bake.name @MeshInstance3D@46665 x1
PROF bake.name @MeshInstance3D@46664 x1
PROF bake.collect ms=23 sources=12
PROF bake.commit ms=1
PROF bake.detail instances=28 surfaces=28 append_ms=23 material_ms=0
PROF bake.name RootVegetable x4
PROF bake.name VegetableLeaf x4
PROF bake.name @MeshInstance3D@46705 x1
PROF bake.name @MeshInstance3D@46704 x1
PROF bake.name @MeshInstance3D@46703 x1
PROF bake.name @MeshInstance3D@46702 x1
PROF bake.name @MeshInstance3D@46701 x1
PROF bake.name @MeshInstance3D@46699 x1
PROF bake.name @MeshInstance3D@46698 x1
PROF bake.name @MeshInstance3D@46697 x1
PROF bake.name @MeshInstance3D@46696 x1
PROF bake.name @MeshInstance3D@46695 x1
PROF bake.collect ms=26 sources=12
PROF bake.commit ms=0
PROF bake.detail instances=28 surfaces=28 append_ms=25 material_ms=0
PROF bake.name RootVegetable x4
PROF bake.name VegetableLeaf x4
PROF bake.name @MeshInstance3D@46729 x1
PROF bake.name @MeshInstance3D@46728 x1
PROF bake.name @MeshInstance3D@46727 x1
PROF bake.name @MeshInstance3D@46726 x1
PROF bake.name @MeshInstance3D@46725 x1
PROF bake.name @MeshInstance3D@46723 x1
PROF bake.name @MeshInstance3D@46722 x1
PROF bake.name @MeshInstance3D@46721 x1
PROF bake.name @MeshInstance3D@46720 x1
PROF bake.name @MeshInstance3D@46719 x1
PROF bake.collect ms=24 sources=12
PROF bake.commit ms=0
PROF bake.detail instances=28 surfaces=28 append_ms=23 material_ms=0
PROF bake.name RootVegetable x4
PROF bake.name VegetableLeaf x4
PROF bake.name @MeshInstance3D@46760 x1
PROF bake.name @MeshInstance3D@46759 x1
PROF bake.name @MeshInstance3D@46758 x1
PROF bake.name @MeshInstance3D@46757 x1
PROF bake.name @MeshInstance3D@46756 x1
PROF bake.name @MeshInstance3D@46754 x1
PROF bake.name @MeshInstance3D@46753 x1
PROF bake.name @MeshInstance3D@46752 x1
PROF bake.name @MeshInstance3D@46751 x1
PROF bake.name @MeshInstance3D@46750 x1
PROF bake.collect ms=25 sources=12
PROF bake.commit ms=0
PROF bake.detail instances=28 surfaces=28 append_ms=25 material_ms=0
PROF bake.name RootVegetable x4
PROF bake.name VegetableLeaf x4
PROF bake.name @MeshInstance3D@46784 x1
PROF bake.name @MeshInstance3D@46783 x1
PROF bake.name @MeshInstance3D@46782 x1
PROF bake.name @MeshInstance3D@46781 x1
PROF bake.name @MeshInstance3D@46780 x1
PROF bake.name @MeshInstance3D@46778 x1
PROF bake.name @MeshInstance3D@46777 x1
PROF bake.name @MeshInstance3D@46776 x1
PROF bake.name @MeshInstance3D@46775 x1
PROF bake.name @MeshInstance3D@46774 x1
PROF bake.collect ms=24 sources=12
PROF bake.commit ms=0
PROF bake.detail instances=28 surfaces=28 append_ms=23 material_ms=0
PROF bake.name RootVegetable x4
PROF bake.name VegetableLeaf x4
PROF bake.name @MeshInstance3D@46815 x1
PROF bake.name @MeshInstance3D@46814 x1
PROF bake.name @MeshInstance3D@46813 x1
PROF bake.name @MeshInstance3D@46812 x1
PROF bake.name @MeshInstance3D@46811 x1
PROF bake.name @MeshInstance3D@46809 x1
PROF bake.name @MeshInstance3D@46808 x1
PROF bake.name @MeshInstance3D@46807 x1
PROF bake.name @MeshInstance3D@46806 x1
PROF bake.name @MeshInstance3D@46805 x1
PROF bake.collect ms=25 sources=12
PROF bake.commit ms=0
PROF bake.detail instances=28 surfaces=28 append_ms=25 material_ms=0
PROF bake.name RootVegetable x4
PROF bake.name VegetableLeaf x4
PROF bake.name @MeshInstance3D@46839 x1
PROF bake.name @MeshInstance3D@46838 x1
PROF bake.name @MeshInstance3D@46837 x1
PROF bake.name @MeshInstance3D@46836 x1
PROF bake.name @MeshInstance3D@46835 x1
PROF bake.name @MeshInstance3D@46833 x1
PROF bake.name @MeshInstance3D@46832 x1
PROF bake.name @MeshInstance3D@46831 x1
PROF bake.name @MeshInstance3D@46830 x1
PROF bake.name @MeshInstance3D@46829 x1
PROF bake.collect ms=24 sources=12
PROF bake.commit ms=0
PROF bake.detail instances=28 surfaces=28 append_ms=23 material_ms=0
PROF bake.name RootVegetable x4
PROF bake.name VegetableLeaf x4
PROF bake.name @MeshInstance3D@46870 x1
PROF bake.name @MeshInstance3D@46869 x1
PROF bake.name @MeshInstance3D@46868 x1
PROF bake.name @MeshInstance3D@46867 x1
PROF bake.name @MeshInstance3D@46866 x1
PROF bake.name @MeshInstance3D@46864 x1
PROF bake.name @MeshInstance3D@46863 x1
PROF bake.name @MeshInstance3D@46862 x1
PROF bake.name @MeshInstance3D@46861 x1
PROF bake.name @MeshInstance3D@46860 x1
PROF bake.collect ms=25 sources=12
PROF bake.commit ms=1
PROF bake.detail instances=28 surfaces=28 append_ms=25 material_ms=0
PROF bake.name RootVegetable x4
PROF bake.name VegetableLeaf x4
PROF bake.name @MeshInstance3D@46894 x1
PROF bake.name @MeshInstance3D@46893 x1
PROF bake.name @MeshInstance3D@46892 x1
PROF bake.name @MeshInstance3D@46891 x1
PROF bake.name @MeshInstance3D@46890 x1
PROF bake.name @MeshInstance3D@46888 x1
PROF bake.name @MeshInstance3D@46887 x1
PROF bake.name @MeshInstance3D@46886 x1
PROF bake.name @MeshInstance3D@46885 x1
PROF bake.name @MeshInstance3D@46884 x1
PROF bake.collect ms=24 sources=12
PROF bake.commit ms=0
PROF bake.detail instances=28 surfaces=28 append_ms=24 material_ms=0
PROF bake.name RootVegetable x4
PROF bake.name VegetableLeaf x4
PROF bake.name @MeshInstance3D@46925 x1
PROF bake.name @MeshInstance3D@46924 x1
PROF bake.name @MeshInstance3D@46923 x1
PROF bake.name @MeshInstance3D@46922 x1
PROF bake.name @MeshInstance3D@46921 x1
PROF bake.name @MeshInstance3D@46919 x1
PROF bake.name @MeshInstance3D@46918 x1
PROF bake.name @MeshInstance3D@46917 x1
PROF bake.name @MeshInstance3D@46916 x1
PROF bake.name @MeshInstance3D@46915 x1
PROF bake.collect ms=24 sources=12
PROF bake.commit ms=0
PROF bake.detail instances=28 surfaces=28 append_ms=23 material_ms=0
PROF bake.name RootVegetable x4
PROF bake.name VegetableLeaf x4
PROF bake.name @MeshInstance3D@46949 x1
PROF bake.name @MeshInstance3D@46948 x1
PROF bake.name @MeshInstance3D@46947 x1
PROF bake.name @MeshInstance3D@46946 x1
PROF bake.name @MeshInstance3D@46945 x1
PROF bake.name @MeshInstance3D@46943 x1
PROF bake.name @MeshInstance3D@46942 x1
PROF bake.name @MeshInstance3D@46941 x1
PROF bake.name @MeshInstance3D@46940 x1
PROF bake.name @MeshInstance3D@46939 x1
PROF bake.collect ms=26 sources=12
PROF bake.commit ms=0
PROF bake.detail instances=28 surfaces=28 append_ms=25 material_ms=0
PROF bake.name RootVegetable x4
PROF bake.name VegetableLeaf x4
PROF bake.name @MeshInstance3D@46980 x1
PROF bake.name @MeshInstance3D@46979 x1
PROF bake.name @MeshInstance3D@46978 x1
PROF bake.name @MeshInstance3D@46977 x1
PROF bake.name @MeshInstance3D@46976 x1
PROF bake.name @MeshInstance3D@46974 x1
PROF bake.name @MeshInstance3D@46973 x1
PROF bake.name @MeshInstance3D@46972 x1
PROF bake.name @MeshInstance3D@46971 x1
PROF bake.name @MeshInstance3D@46970 x1
PROF bake.collect ms=23 sources=12
PROF bake.commit ms=0
PROF bake.detail instances=28 surfaces=28 append_ms=23 material_ms=0
PROF bake.name RootVegetable x4
PROF bake.name VegetableLeaf x4
PROF bake.name @MeshInstance3D@47004 x1
PROF bake.name @MeshInstance3D@47003 x1
PROF bake.name @MeshInstance3D@47002 x1
PROF bake.name @MeshInstance3D@47001 x1
PROF bake.name @MeshInstance3D@47000 x1
PROF bake.name @MeshInstance3D@46998 x1
PROF bake.name @MeshInstance3D@46997 x1
PROF bake.name @MeshInstance3D@46996 x1
PROF bake.name @MeshInstance3D@46995 x1
PROF bake.name @MeshInstance3D@46994 x1
PROF bake.collect ms=25 sources=12
PROF bake.commit ms=0
PROF bake.detail instances=28 surfaces=28 append_ms=24 material_ms=0
PROF bake.name RootVegetable x4
PROF bake.name VegetableLeaf x4
PROF bake.name @MeshInstance3D@47035 x1
PROF bake.name @MeshInstance3D@47034 x1
PROF bake.name @MeshInstance3D@47033 x1
PROF bake.name @MeshInstance3D@47032 x1
PROF bake.name @MeshInstance3D@47031 x1
PROF bake.name @MeshInstance3D@47029 x1
PROF bake.name @MeshInstance3D@47028 x1
PROF bake.name @MeshInstance3D@47027 x1
PROF bake.name @MeshInstance3D@47026 x1
PROF bake.name @MeshInstance3D@47025 x1
PROF bake.collect ms=24 sources=12
PROF bake.commit ms=0
PROF bake.detail instances=28 surfaces=28 append_ms=23 material_ms=0
PROF bake.name RootVegetable x4
PROF bake.name VegetableLeaf x4
PROF bake.name @MeshInstance3D@47059 x1
PROF bake.name @MeshInstance3D@47058 x1
PROF bake.name @MeshInstance3D@47057 x1
PROF bake.name @MeshInstance3D@47056 x1
PROF bake.name @MeshInstance3D@47055 x1
PROF bake.name @MeshInstance3D@47053 x1
PROF bake.name @MeshInstance3D@47052 x1
PROF bake.name @MeshInstance3D@47051 x1
PROF bake.name @MeshInstance3D@47050 x1
PROF bake.name @MeshInstance3D@47049 x1
PROF bake.collect ms=66 sources=16
PROF bake.commit ms=0
PROF bake.detail instances=88 surfaces=88 append_ms=64 material_ms=0
PROF bake.name StrawberryLeaf x4
PROF bake.name Berry x4
PROF bake.name BerrySeed x4
PROF bake.name @MeshInstance3D@47126 x1
PROF bake.name @MeshInstance3D@47125 x1
PROF bake.name @MeshInstance3D@47124 x1
PROF bake.name @MeshInstance3D@47123 x1
PROF bake.name @MeshInstance3D@47122 x1
PROF bake.name @MeshInstance3D@47121 x1
PROF bake.name @MeshInstance3D@47120 x1
PROF bake.name @MeshInstance3D@47119 x1
PROF bake.name @MeshInstance3D@47118 x1
PROF bake.collect ms=66 sources=16
PROF bake.commit ms=0
PROF bake.detail instances=88 surfaces=88 append_ms=64 material_ms=0
PROF bake.name StrawberryLeaf x4
PROF bake.name Berry x4
PROF bake.name BerrySeed x4
PROF bake.name @MeshInstance3D@47206 x1
PROF bake.name @MeshInstance3D@47205 x1
PROF bake.name @MeshInstance3D@47204 x1
PROF bake.name @MeshInstance3D@47203 x1
PROF bake.name @MeshInstance3D@47202 x1
PROF bake.name @MeshInstance3D@47201 x1
PROF bake.name @MeshInstance3D@47200 x1
PROF bake.name @MeshInstance3D@47199 x1
PROF bake.name @MeshInstance3D@47198 x1
PROF bake.collect ms=65 sources=16
PROF bake.commit ms=1
PROF bake.detail instances=88 surfaces=88 append_ms=64 material_ms=0
PROF bake.name StrawberryLeaf x4
PROF bake.name Berry x4
PROF bake.name BerrySeed x4
PROF bake.name @MeshInstance3D@47293 x1
PROF bake.name @MeshInstance3D@47292 x1
PROF bake.name @MeshInstance3D@47291 x1
PROF bake.name @MeshInstance3D@47290 x1
PROF bake.name @MeshInstance3D@47289 x1
PROF bake.name @MeshInstance3D@47288 x1
PROF bake.name @MeshInstance3D@47287 x1
PROF bake.name @MeshInstance3D@47286 x1
PROF bake.name @MeshInstance3D@47285 x1
PROF bake.collect ms=65 sources=16
PROF bake.commit ms=1
PROF bake.detail instances=88 surfaces=88 append_ms=65 material_ms=0
PROF bake.name StrawberryLeaf x4
PROF bake.name Berry x4
PROF bake.name BerrySeed x4
PROF bake.name @MeshInstance3D@47373 x1
PROF bake.name @MeshInstance3D@47372 x1
PROF bake.name @MeshInstance3D@47371 x1
PROF bake.name @MeshInstance3D@47370 x1
PROF bake.name @MeshInstance3D@47369 x1
PROF bake.name @MeshInstance3D@47368 x1
PROF bake.name @MeshInstance3D@47367 x1
PROF bake.name @MeshInstance3D@47366 x1
PROF bake.name @MeshInstance3D@47365 x1
PROF bake.collect ms=65 sources=16
PROF bake.commit ms=0
PROF bake.detail instances=88 surfaces=88 append_ms=64 material_ms=0
PROF bake.name StrawberryLeaf x4
PROF bake.name Berry x4
PROF bake.name BerrySeed x4
PROF bake.name @MeshInstance3D@47460 x1
PROF bake.name @MeshInstance3D@47459 x1
PROF bake.name @MeshInstance3D@47458 x1
PROF bake.name @MeshInstance3D@47457 x1
PROF bake.name @MeshInstance3D@47456 x1
PROF bake.name @MeshInstance3D@47455 x1
PROF bake.name @MeshInstance3D@47454 x1
PROF bake.name @MeshInstance3D@47453 x1
PROF bake.name @MeshInstance3D@47452 x1
PROF bake.collect ms=65 sources=16
PROF bake.commit ms=0
PROF bake.detail instances=88 surfaces=88 append_ms=64 material_ms=0
PROF bake.name StrawberryLeaf x4
PROF bake.name Berry x4
PROF bake.name BerrySeed x4
PROF bake.name @MeshInstance3D@47540 x1
PROF bake.name @MeshInstance3D@47539 x1
PROF bake.name @MeshInstance3D@47538 x1
PROF bake.name @MeshInstance3D@47537 x1
PROF bake.name @MeshInstance3D@47536 x1
PROF bake.name @MeshInstance3D@47535 x1
PROF bake.name @MeshInstance3D@47534 x1
PROF bake.name @MeshInstance3D@47533 x1
PROF bake.name @MeshInstance3D@47532 x1
PROF bake.collect ms=66 sources=16
PROF bake.commit ms=0
PROF bake.detail instances=88 surfaces=88 append_ms=64 material_ms=0
PROF bake.name StrawberryLeaf x4
PROF bake.name Berry x4
PROF bake.name BerrySeed x4
PROF bake.name @MeshInstance3D@47627 x1
PROF bake.name @MeshInstance3D@47626 x1
PROF bake.name @MeshInstance3D@47625 x1
PROF bake.name @MeshInstance3D@47624 x1
PROF bake.name @MeshInstance3D@47623 x1
PROF bake.name @MeshInstance3D@47622 x1
PROF bake.name @MeshInstance3D@47621 x1
PROF bake.name @MeshInstance3D@47620 x1
PROF bake.name @MeshInstance3D@47619 x1
PROF bake.collect ms=65 sources=16
PROF bake.commit ms=1
PROF bake.detail instances=88 surfaces=88 append_ms=64 material_ms=0
PROF bake.name StrawberryLeaf x4
PROF bake.name Berry x4
PROF bake.name BerrySeed x4
PROF bake.name @MeshInstance3D@47707 x1
PROF bake.name @MeshInstance3D@47706 x1
PROF bake.name @MeshInstance3D@47705 x1
PROF bake.name @MeshInstance3D@47704 x1
PROF bake.name @MeshInstance3D@47703 x1
PROF bake.name @MeshInstance3D@47702 x1
PROF bake.name @MeshInstance3D@47701 x1
PROF bake.name @MeshInstance3D@47700 x1
PROF bake.name @MeshInstance3D@47699 x1
PROF bake.collect ms=66 sources=16
PROF bake.commit ms=0
PROF bake.detail instances=88 surfaces=88 append_ms=64 material_ms=0
PROF bake.name StrawberryLeaf x4
PROF bake.name Berry x4
PROF bake.name BerrySeed x4
PROF bake.name @MeshInstance3D@47794 x1
PROF bake.name @MeshInstance3D@47793 x1
PROF bake.name @MeshInstance3D@47792 x1
PROF bake.name @MeshInstance3D@47791 x1
PROF bake.name @MeshInstance3D@47790 x1
PROF bake.name @MeshInstance3D@47789 x1
PROF bake.name @MeshInstance3D@47788 x1
PROF bake.name @MeshInstance3D@47787 x1
PROF bake.name @MeshInstance3D@47786 x1
PROF bake.collect ms=65 sources=16
PROF bake.commit ms=0
PROF bake.detail instances=88 surfaces=88 append_ms=64 material_ms=0
PROF bake.name StrawberryLeaf x4
PROF bake.name Berry x4
PROF bake.name BerrySeed x4
PROF bake.name @MeshInstance3D@47874 x1
PROF bake.name @MeshInstance3D@47873 x1
PROF bake.name @MeshInstance3D@47872 x1
PROF bake.name @MeshInstance3D@47871 x1
PROF bake.name @MeshInstance3D@47870 x1
PROF bake.name @MeshInstance3D@47869 x1
PROF bake.name @MeshInstance3D@47868 x1
PROF bake.name @MeshInstance3D@47867 x1
PROF bake.name @MeshInstance3D@47866 x1
PROF bake.collect ms=64 sources=16
PROF bake.commit ms=1
PROF bake.detail instances=88 surfaces=88 append_ms=63 material_ms=0
PROF bake.name StrawberryLeaf x4
PROF bake.name Berry x4
PROF bake.name BerrySeed x4
PROF bake.name @MeshInstance3D@47954 x1
PROF bake.name @MeshInstance3D@47953 x1
PROF bake.name @MeshInstance3D@47952 x1
PROF bake.name @MeshInstance3D@47951 x1
PROF bake.name @MeshInstance3D@47950 x1
PROF bake.name @MeshInstance3D@47949 x1
PROF bake.name @MeshInstance3D@47948 x1
PROF bake.name @MeshInstance3D@47947 x1
PROF bake.name @MeshInstance3D@47946 x1
PROF bake.collect ms=65 sources=16
PROF bake.commit ms=1
PROF bake.detail instances=88 surfaces=88 append_ms=64 material_ms=0
PROF bake.name StrawberryLeaf x4
PROF bake.name Berry x4
PROF bake.name BerrySeed x4
PROF bake.name @MeshInstance3D@48041 x1
PROF bake.name @MeshInstance3D@48040 x1
PROF bake.name @MeshInstance3D@48039 x1
PROF bake.name @MeshInstance3D@48038 x1
PROF bake.name @MeshInstance3D@48037 x1
PROF bake.name @MeshInstance3D@48036 x1
PROF bake.name @MeshInstance3D@48035 x1
PROF bake.name @MeshInstance3D@48034 x1
PROF bake.name @MeshInstance3D@48033 x1
PROF bake.collect ms=65 sources=16
PROF bake.commit ms=0
PROF bake.detail instances=88 surfaces=88 append_ms=64 material_ms=0
PROF bake.name StrawberryLeaf x4
PROF bake.name Berry x4
PROF bake.name BerrySeed x4
PROF bake.name @MeshInstance3D@48121 x1
PROF bake.name @MeshInstance3D@48120 x1
PROF bake.name @MeshInstance3D@48119 x1
PROF bake.name @MeshInstance3D@48118 x1
PROF bake.name @MeshInstance3D@48117 x1
PROF bake.name @MeshInstance3D@48116 x1
PROF bake.name @MeshInstance3D@48115 x1
PROF bake.name @MeshInstance3D@48114 x1
PROF bake.name @MeshInstance3D@48113 x1
PROF bake.collect ms=65 sources=16
PROF bake.commit ms=0
PROF bake.detail instances=88 surfaces=88 append_ms=65 material_ms=0
PROF bake.name StrawberryLeaf x4
PROF bake.name Berry x4
PROF bake.name BerrySeed x4
PROF bake.name @MeshInstance3D@48201 x1
PROF bake.name @MeshInstance3D@48200 x1
PROF bake.name @MeshInstance3D@48199 x1
PROF bake.name @MeshInstance3D@48198 x1
PROF bake.name @MeshInstance3D@48197 x1
PROF bake.name @MeshInstance3D@48196 x1
PROF bake.name @MeshInstance3D@48195 x1
PROF bake.name @MeshInstance3D@48194 x1
PROF bake.name @MeshInstance3D@48193 x1
PROF bake.collect ms=65 sources=16
PROF bake.commit ms=0
PROF bake.detail instances=88 surfaces=88 append_ms=64 material_ms=0
PROF bake.name StrawberryLeaf x4
PROF bake.name Berry x4
PROF bake.name BerrySeed x4
PROF bake.name @MeshInstance3D@48288 x1
PROF bake.name @MeshInstance3D@48287 x1
PROF bake.name @MeshInstance3D@48286 x1
PROF bake.name @MeshInstance3D@48285 x1
PROF bake.name @MeshInstance3D@48284 x1
PROF bake.name @MeshInstance3D@48283 x1
PROF bake.name @MeshInstance3D@48282 x1
PROF bake.name @MeshInstance3D@48281 x1
PROF bake.name @MeshInstance3D@48280 x1
PROF bake.collect ms=65 sources=16
PROF bake.commit ms=1
PROF bake.detail instances=88 surfaces=88 append_ms=65 material_ms=0
PROF bake.name StrawberryLeaf x4
PROF bake.name Berry x4
PROF bake.name BerrySeed x4
PROF bake.name @MeshInstance3D@48368 x1
PROF bake.name @MeshInstance3D@48367 x1
PROF bake.name @MeshInstance3D@48366 x1
PROF bake.name @MeshInstance3D@48365 x1
PROF bake.name @MeshInstance3D@48364 x1
PROF bake.name @MeshInstance3D@48363 x1
PROF bake.name @MeshInstance3D@48362 x1
PROF bake.name @MeshInstance3D@48361 x1
PROF bake.name @MeshInstance3D@48360 x1
PROF bake.collect ms=65 sources=16
PROF bake.commit ms=0
PROF bake.detail instances=88 surfaces=88 append_ms=65 material_ms=0
PROF bake.name StrawberryLeaf x4
PROF bake.name Berry x4
PROF bake.name BerrySeed x4
PROF bake.name @MeshInstance3D@48448 x1
PROF bake.name @MeshInstance3D@48447 x1
PROF bake.name @MeshInstance3D@48446 x1
PROF bake.name @MeshInstance3D@48445 x1
PROF bake.name @MeshInstance3D@48444 x1
PROF bake.name @MeshInstance3D@48443 x1
PROF bake.name @MeshInstance3D@48442 x1
PROF bake.name @MeshInstance3D@48441 x1
PROF bake.name @MeshInstance3D@48440 x1
PROF bake.collect ms=65 sources=16
PROF bake.commit ms=0
PROF bake.detail instances=88 surfaces=88 append_ms=64 material_ms=0
PROF bake.name StrawberryLeaf x4
PROF bake.name Berry x4
PROF bake.name BerrySeed x4
PROF bake.name @MeshInstance3D@48535 x1
PROF bake.name @MeshInstance3D@48534 x1
PROF bake.name @MeshInstance3D@48533 x1
PROF bake.name @MeshInstance3D@48532 x1
PROF bake.name @MeshInstance3D@48531 x1
PROF bake.name @MeshInstance3D@48530 x1
PROF bake.name @MeshInstance3D@48529 x1
PROF bake.name @MeshInstance3D@48528 x1
PROF bake.name @MeshInstance3D@48527 x1
PROF bake.collect ms=67 sources=16
PROF bake.commit ms=0
PROF bake.detail instances=88 surfaces=88 append_ms=66 material_ms=0
PROF bake.name StrawberryLeaf x4
PROF bake.name Berry x4
PROF bake.name BerrySeed x4
PROF bake.name @MeshInstance3D@48615 x1
PROF bake.name @MeshInstance3D@48614 x1
PROF bake.name @MeshInstance3D@48613 x1
PROF bake.name @MeshInstance3D@48612 x1
PROF bake.name @MeshInstance3D@48611 x1
PROF bake.name @MeshInstance3D@48610 x1
PROF bake.name @MeshInstance3D@48609 x1
PROF bake.name @MeshInstance3D@48608 x1
PROF bake.name @MeshInstance3D@48607 x1
PROF bake.collect ms=65 sources=16
PROF bake.commit ms=1
PROF bake.detail instances=88 surfaces=88 append_ms=64 material_ms=0
PROF bake.name StrawberryLeaf x4
PROF bake.name Berry x4
PROF bake.name BerrySeed x4
PROF bake.name @MeshInstance3D@48695 x1
PROF bake.name @MeshInstance3D@48694 x1
PROF bake.name @MeshInstance3D@48693 x1
PROF bake.name @MeshInstance3D@48692 x1
PROF bake.name @MeshInstance3D@48691 x1
PROF bake.name @MeshInstance3D@48690 x1
PROF bake.name @MeshInstance3D@48689 x1
PROF bake.name @MeshInstance3D@48688 x1
PROF bake.name @MeshInstance3D@48687 x1
PROF bake.collect ms=70 sources=16
PROF bake.commit ms=0
PROF bake.detail instances=88 surfaces=88 append_ms=68 material_ms=0
PROF bake.name StrawberryLeaf x4
PROF bake.name Berry x4
PROF bake.name BerrySeed x4
PROF bake.name @MeshInstance3D@48782 x1
PROF bake.name @MeshInstance3D@48781 x1
PROF bake.name @MeshInstance3D@48780 x1
PROF bake.name @MeshInstance3D@48779 x1
PROF bake.name @MeshInstance3D@48778 x1
PROF bake.name @MeshInstance3D@48777 x1
PROF bake.name @MeshInstance3D@48776 x1
PROF bake.name @MeshInstance3D@48775 x1
PROF bake.name @MeshInstance3D@48774 x1
PROF bake.collect ms=66 sources=16
PROF bake.commit ms=0
PROF bake.detail instances=88 surfaces=88 append_ms=65 material_ms=0
PROF bake.name StrawberryLeaf x4
PROF bake.name Berry x4
PROF bake.name BerrySeed x4
PROF bake.name @MeshInstance3D@48862 x1
PROF bake.name @MeshInstance3D@48861 x1
PROF bake.name @MeshInstance3D@48860 x1
PROF bake.name @MeshInstance3D@48859 x1
PROF bake.name @MeshInstance3D@48858 x1
PROF bake.name @MeshInstance3D@48857 x1
PROF bake.name @MeshInstance3D@48856 x1
PROF bake.name @MeshInstance3D@48855 x1
PROF bake.name @MeshInstance3D@48854 x1
PROF bake.collect ms=66 sources=16
PROF bake.commit ms=0
PROF bake.detail instances=88 surfaces=88 append_ms=64 material_ms=0
PROF bake.name StrawberryLeaf x4
PROF bake.name Berry x4
PROF bake.name BerrySeed x4
PROF bake.name @MeshInstance3D@48949 x1
PROF bake.name @MeshInstance3D@48948 x1
PROF bake.name @MeshInstance3D@48947 x1
PROF bake.name @MeshInstance3D@48946 x1
PROF bake.name @MeshInstance3D@48945 x1
PROF bake.name @MeshInstance3D@48944 x1
PROF bake.name @MeshInstance3D@48943 x1
PROF bake.name @MeshInstance3D@48942 x1
PROF bake.name @MeshInstance3D@48941 x1
PROF bake.collect ms=65 sources=16
PROF bake.commit ms=0
PROF bake.detail instances=88 surfaces=88 append_ms=64 material_ms=0
PROF bake.name StrawberryLeaf x4
PROF bake.name Berry x4
PROF bake.name BerrySeed x4
PROF bake.name @MeshInstance3D@49029 x1
PROF bake.name @MeshInstance3D@49028 x1
PROF bake.name @MeshInstance3D@49027 x1
PROF bake.name @MeshInstance3D@49026 x1
PROF bake.name @MeshInstance3D@49025 x1
PROF bake.name @MeshInstance3D@49024 x1
PROF bake.name @MeshInstance3D@49023 x1
PROF bake.name @MeshInstance3D@49022 x1
PROF bake.name @MeshInstance3D@49021 x1
PROF bake.collect ms=65 sources=16
PROF bake.commit ms=0
PROF bake.detail instances=88 surfaces=88 append_ms=64 material_ms=0
PROF bake.name StrawberryLeaf x4
PROF bake.name Berry x4
PROF bake.name BerrySeed x4
PROF bake.name @MeshInstance3D@49116 x1
PROF bake.name @MeshInstance3D@49115 x1
PROF bake.name @MeshInstance3D@49114 x1
PROF bake.name @MeshInstance3D@49113 x1
PROF bake.name @MeshInstance3D@49112 x1
PROF bake.name @MeshInstance3D@49111 x1
PROF bake.name @MeshInstance3D@49110 x1
PROF bake.name @MeshInstance3D@49109 x1
PROF bake.name @MeshInstance3D@49108 x1
PROF bake.collect ms=66 sources=16
PROF bake.commit ms=0
PROF bake.detail instances=88 surfaces=88 append_ms=64 material_ms=0
PROF bake.name StrawberryLeaf x4
PROF bake.name Berry x4
PROF bake.name BerrySeed x4
PROF bake.name @MeshInstance3D@49196 x1
PROF bake.name @MeshInstance3D@49195 x1
PROF bake.name @MeshInstance3D@49194 x1
PROF bake.name @MeshInstance3D@49193 x1
PROF bake.name @MeshInstance3D@49192 x1
PROF bake.name @MeshInstance3D@49191 x1
PROF bake.name @MeshInstance3D@49190 x1
PROF bake.name @MeshInstance3D@49189 x1
PROF bake.name @MeshInstance3D@49188 x1
PROF bake.collect ms=66 sources=16
PROF bake.commit ms=0
PROF bake.detail instances=88 surfaces=88 append_ms=64 material_ms=0
PROF bake.name StrawberryLeaf x4
PROF bake.name Berry x4
PROF bake.name BerrySeed x4
PROF bake.name @MeshInstance3D@49283 x1
PROF bake.name @MeshInstance3D@49282 x1
PROF bake.name @MeshInstance3D@49281 x1
PROF bake.name @MeshInstance3D@49280 x1
PROF bake.name @MeshInstance3D@49279 x1
PROF bake.name @MeshInstance3D@49278 x1
PROF bake.name @MeshInstance3D@49277 x1
PROF bake.name @MeshInstance3D@49276 x1
PROF bake.name @MeshInstance3D@49275 x1
PROF bake.collect ms=65 sources=16
PROF bake.commit ms=0
PROF bake.detail instances=88 surfaces=88 append_ms=64 material_ms=0
PROF bake.name StrawberryLeaf x4
PROF bake.name Berry x4
PROF bake.name BerrySeed x4
PROF bake.name @MeshInstance3D@49363 x1
PROF bake.name @MeshInstance3D@49362 x1
PROF bake.name @MeshInstance3D@49361 x1
PROF bake.name @MeshInstance3D@49360 x1
PROF bake.name @MeshInstance3D@49359 x1
PROF bake.name @MeshInstance3D@49358 x1
PROF bake.name @MeshInstance3D@49357 x1
PROF bake.name @MeshInstance3D@49356 x1
PROF bake.name @MeshInstance3D@49355 x1
PROF bake.collect ms=65 sources=16
PROF bake.commit ms=0
PROF bake.detail instances=88 surfaces=88 append_ms=65 material_ms=0
PROF bake.name StrawberryLeaf x4
PROF bake.name Berry x4
PROF bake.name BerrySeed x4
PROF bake.name @MeshInstance3D@49450 x1
PROF bake.name @MeshInstance3D@49449 x1
PROF bake.name @MeshInstance3D@49448 x1
PROF bake.name @MeshInstance3D@49447 x1
PROF bake.name @MeshInstance3D@49446 x1
PROF bake.name @MeshInstance3D@49445 x1
PROF bake.name @MeshInstance3D@49444 x1
PROF bake.name @MeshInstance3D@49443 x1
PROF bake.name @MeshInstance3D@49442 x1
PROF bake.collect ms=66 sources=16
PROF bake.commit ms=0
PROF bake.detail instances=88 surfaces=88 append_ms=65 material_ms=0
PROF bake.name StrawberryLeaf x4
PROF bake.name Berry x4
PROF bake.name BerrySeed x4
PROF bake.name @MeshInstance3D@49530 x1
PROF bake.name @MeshInstance3D@49529 x1
PROF bake.name @MeshInstance3D@49528 x1
PROF bake.name @MeshInstance3D@49527 x1
PROF bake.name @MeshInstance3D@49526 x1
PROF bake.name @MeshInstance3D@49525 x1
PROF bake.name @MeshInstance3D@49524 x1
PROF bake.name @MeshInstance3D@49523 x1
PROF bake.name @MeshInstance3D@49522 x1
PROF bake.collect ms=65 sources=16
PROF bake.commit ms=1
PROF bake.detail instances=88 surfaces=88 append_ms=64 material_ms=0
PROF bake.name StrawberryLeaf x4
PROF bake.name Berry x4
PROF bake.name BerrySeed x4
PROF bake.name @MeshInstance3D@49610 x1
PROF bake.name @MeshInstance3D@49609 x1
PROF bake.name @MeshInstance3D@49608 x1
PROF bake.name @MeshInstance3D@49607 x1
PROF bake.name @MeshInstance3D@49606 x1
PROF bake.name @MeshInstance3D@49605 x1
PROF bake.name @MeshInstance3D@49604 x1
PROF bake.name @MeshInstance3D@49603 x1
PROF bake.name @MeshInstance3D@49602 x1
PROF bake.collect ms=65 sources=16
PROF bake.commit ms=0
PROF bake.detail instances=88 surfaces=88 append_ms=64 material_ms=0
PROF bake.name StrawberryLeaf x4
PROF bake.name Berry x4
PROF bake.name BerrySeed x4
PROF bake.name @MeshInstance3D@49697 x1
PROF bake.name @MeshInstance3D@49696 x1
PROF bake.name @MeshInstance3D@49695 x1
PROF bake.name @MeshInstance3D@49694 x1
PROF bake.name @MeshInstance3D@49693 x1
PROF bake.name @MeshInstance3D@49692 x1
PROF bake.name @MeshInstance3D@49691 x1
PROF bake.name @MeshInstance3D@49690 x1
PROF bake.name @MeshInstance3D@49689 x1
PROF bake.collect ms=65 sources=16
PROF bake.commit ms=0
PROF bake.detail instances=88 surfaces=88 append_ms=64 material_ms=0
PROF bake.name StrawberryLeaf x4
PROF bake.name Berry x4
PROF bake.name BerrySeed x4
PROF bake.name @MeshInstance3D@49777 x1
PROF bake.name @MeshInstance3D@49776 x1
PROF bake.name @MeshInstance3D@49775 x1
PROF bake.name @MeshInstance3D@49774 x1
PROF bake.name @MeshInstance3D@49773 x1
PROF bake.name @MeshInstance3D@49772 x1
PROF bake.name @MeshInstance3D@49771 x1
PROF bake.name @MeshInstance3D@49770 x1
PROF bake.name @MeshInstance3D@49769 x1
PROF bake.collect ms=71 sources=16
PROF bake.commit ms=0
PROF bake.detail instances=88 surfaces=88 append_ms=70 material_ms=0
PROF bake.name StrawberryLeaf x4
PROF bake.name Berry x4
PROF bake.name BerrySeed x4
PROF bake.name @MeshInstance3D@49857 x1
PROF bake.name @MeshInstance3D@49856 x1
PROF bake.name @MeshInstance3D@49855 x1
PROF bake.name @MeshInstance3D@49854 x1
PROF bake.name @MeshInstance3D@49853 x1
PROF bake.name @MeshInstance3D@49852 x1
PROF bake.name @MeshInstance3D@49851 x1
PROF bake.name @MeshInstance3D@49850 x1
PROF bake.name @MeshInstance3D@49849 x1
PROF bake.collect ms=87 sources=16
PROF bake.commit ms=0
PROF bake.detail instances=88 surfaces=88 append_ms=85 material_ms=0
PROF bake.name StrawberryLeaf x4
PROF bake.name Berry x4
PROF bake.name BerrySeed x4
PROF bake.name @MeshInstance3D@49944 x1
PROF bake.name @MeshInstance3D@49943 x1
PROF bake.name @MeshInstance3D@49942 x1
PROF bake.name @MeshInstance3D@49941 x1
PROF bake.name @MeshInstance3D@49940 x1
PROF bake.name @MeshInstance3D@49939 x1
PROF bake.name @MeshInstance3D@49938 x1
PROF bake.name @MeshInstance3D@49937 x1
PROF bake.name @MeshInstance3D@49936 x1
PROF bake.collect ms=104 sources=16
PROF bake.commit ms=0
PROF bake.detail instances=88 surfaces=88 append_ms=103 material_ms=0
PROF bake.name StrawberryLeaf x4
PROF bake.name Berry x4
PROF bake.name BerrySeed x4
PROF bake.name @MeshInstance3D@50024 x1
PROF bake.name @MeshInstance3D@50023 x1
PROF bake.name @MeshInstance3D@50022 x1
PROF bake.name @MeshInstance3D@50021 x1
PROF bake.name @MeshInstance3D@50020 x1
PROF bake.name @MeshInstance3D@50019 x1
PROF bake.name @MeshInstance3D@50018 x1
PROF bake.name @MeshInstance3D@50017 x1
PROF bake.name @MeshInstance3D@50016 x1
PROF bake.collect ms=64 sources=16
PROF bake.commit ms=1
PROF bake.detail instances=88 surfaces=88 append_ms=64 material_ms=0
PROF bake.name StrawberryLeaf x4
PROF bake.name Berry x4
PROF bake.name BerrySeed x4
PROF bake.name @MeshInstance3D@50104 x1
PROF bake.name @MeshInstance3D@50103 x1
PROF bake.name @MeshInstance3D@50102 x1
PROF bake.name @MeshInstance3D@50101 x1
PROF bake.name @MeshInstance3D@50100 x1
PROF bake.name @MeshInstance3D@50099 x1
PROF bake.name @MeshInstance3D@50098 x1
PROF bake.name @MeshInstance3D@50097 x1
PROF bake.name @MeshInstance3D@50096 x1
PROF bake.collect ms=66 sources=16
PROF bake.commit ms=0
PROF bake.detail instances=88 surfaces=88 append_ms=65 material_ms=0
PROF bake.name StrawberryLeaf x4
PROF bake.name Berry x4
PROF bake.name BerrySeed x4
PROF bake.name @MeshInstance3D@50191 x1
PROF bake.name @MeshInstance3D@50190 x1
PROF bake.name @MeshInstance3D@50189 x1
PROF bake.name @MeshInstance3D@50188 x1
PROF bake.name @MeshInstance3D@50187 x1
PROF bake.name @MeshInstance3D@50186 x1
PROF bake.name @MeshInstance3D@50185 x1
PROF bake.name @MeshInstance3D@50184 x1
PROF bake.name @MeshInstance3D@50183 x1
PROF bake.collect ms=65 sources=16
PROF bake.commit ms=0
PROF bake.detail instances=88 surfaces=88 append_ms=64 material_ms=0
PROF bake.name StrawberryLeaf x4
PROF bake.name Berry x4
PROF bake.name BerrySeed x4
PROF bake.name @MeshInstance3D@50271 x1
PROF bake.name @MeshInstance3D@50270 x1
PROF bake.name @MeshInstance3D@50269 x1
PROF bake.name @MeshInstance3D@50268 x1
PROF bake.name @MeshInstance3D@50267 x1
PROF bake.name @MeshInstance3D@50266 x1
PROF bake.name @MeshInstance3D@50265 x1
PROF bake.name @MeshInstance3D@50264 x1
PROF bake.name @MeshInstance3D@50263 x1
PROF bake.collect ms=65 sources=16
PROF bake.commit ms=0
PROF bake.detail instances=88 surfaces=88 append_ms=64 material_ms=0
PROF bake.name StrawberryLeaf x4
PROF bake.name Berry x4
PROF bake.name BerrySeed x4
PROF bake.name @MeshInstance3D@50351 x1
PROF bake.name @MeshInstance3D@50350 x1
PROF bake.name @MeshInstance3D@50349 x1
PROF bake.name @MeshInstance3D@50348 x1
PROF bake.name @MeshInstance3D@50347 x1
PROF bake.name @MeshInstance3D@50346 x1
PROF bake.name @MeshInstance3D@50345 x1
PROF bake.name @MeshInstance3D@50344 x1
PROF bake.name @MeshInstance3D@50343 x1
GAME_READY
BOOT first frame ms=40917
BOOT next 4 frames ms=286
ERROR: Pages in use exist at exit in PagedAllocator: N33RendererSceneRenderImplementation22RenderForwardClustered32GeometryInstanceSurfaceDataCacheE
   at: ~PagedAllocator (./core/templates/paged_allocator.h:170)
ERROR: Pages in use exist at exit in PagedAllocator: N33RendererSceneRenderImplementation22RenderForwardClustered32GeometryInstanceForwardClusteredE
   at: ~PagedAllocator (./core/templates/paged_allocator.h:170)
ERROR: 22 shaders of type SceneForwardClusteredShaderRD were never freed
   at: ~ShaderRD (servers/rendering/renderer_rd/shader_rd.cpp:1236)
WARNING: Leaked instance dependency: Bug - did not call instance_notify_deleted when freeing.
   at: ~Dependency (servers/rendering/storage/utilities.cpp:56)
WARNING: Leaked instance dependency: Bug - did not call instance_notify_deleted when freeing.
   at: ~Dependency (servers/rendering/storage/utilities.cpp:56)
WARNING: Leaked instance dependency: Bug - did not call instance_notify_deleted when freeing.
   at: ~Dependency (servers/rendering/storage/utilities.cpp:56)
WARNING: Leaked instance dependency: Bug - did not call instance_notify_deleted when freeing.
   at: ~Dependency (servers/rendering/storage/utilities.cpp:56)
WARNING: Leaked instance dependency: Bug - did not call instance_notify_deleted when freeing.
   at: ~Dependency (servers/rendering/storage/utilities.cpp:56)
WARNING: Leaked instance dependency: Bug - did not call instance_notify_deleted when freeing.
   at: ~Dependency (servers/rendering/storage/utilities.cpp:56)
WARNING: Leaked instance dependency: Bug - did not call instance_notify_deleted when freeing.
   at: ~Dependency (servers/rendering/storage/utilities.cpp:56)
WARNING: Leaked instance dependency: Bug - did not call instance_notify_deleted when freeing.
   at: ~Dependency (servers/rendering/storage/utilities.cpp:56)
WARNING: Leaked instance dependency: Bug - did not call instance_notify_deleted when freeing.
   at: ~Dependency (servers/rendering/storage/utilities.cpp:56)
WARNING: Leaked instance dependency: Bug - did not call instance_notify_deleted when freeing.
   at: ~Dependency (servers/rendering/storage/utilities.cpp:56)
WARNING: Leaked instance dependency: Bug - did not call instance_notify_deleted when freeing.
   at: ~Dependency (servers/rendering/storage/utilities.cpp:56)
WARNING: Leaked instance dependency: Bug - did not call instance_notify_deleted when freeing.
   at: ~Dependency (servers/rendering/storage/utilities.cpp:56)
WARNING: Leaked instance dependency: Bug - did not call instance_notify_deleted when freeing.
   at: ~Dependency (servers/rendering/storage/utilities.cpp:56)
WARNING: Leaked instance dependency: Bug - did not call instance_notify_deleted when freeing.
   at: ~Dependency (servers/rendering/storage/utilities.cpp:56)
WARNING: Leaked instance dependency: Bug - did not call instance_notify_deleted when freeing.
   at: ~Dependency (servers/rendering/storage/utilities.cpp:56)
WARNING: Leaked instance dependency: Bug - did not call instance_notify_deleted when freeing.
   at: ~Dependency (servers/rendering/storage/utilities.cpp:56)
WARNING: Leaked instance dependency: Bug - did not call instance_notify_deleted when freeing.
   at: ~Dependency (servers/rendering/storage/utilities.cpp:56)
WARNING: Leaked instance dependency: Bug - did not call instance_notify_deleted when freeing.
   at: ~Dependency (servers/rendering/storage/utilities.cpp:56)
WARNING: Leaked instance dependency: Bug - did not call instance_notify_deleted when freeing.
   at: ~Dependency (servers/rendering/storage/utilities.cpp:56)
WARNING: Leaked instance dependency: Bug - did not call instance_notify_deleted when freeing.
   at: ~Dependency (servers/rendering/storage/utilities.cpp:56)
WARNING: Leaked instance dependency: Bug - did not call instance_notify_deleted when freeing.
   at: ~Dependency (servers/rendering/storage/utilities.cpp:56)
WARNING: Leaked instance dependency: Bug - did not call instance_notify_deleted when freeing.
   at: ~Dependency (servers/rendering/storage/utilities.cpp:56)
WARNING: Leaked instance dependency: Bug - did not call instance_notify_deleted when freeing.
   at: ~Dependency (servers/rendering/storage/utilities.cpp:56)
WARNING: Leaked instance dependency: Bug - did not call instance_notify_deleted when freeing.
   at: ~Dependency (servers/rendering/storage/utilities.cpp:56)
WARNING: Leaked instance dependency: Bug - did not call instance_notify_deleted when freeing.
   at: ~Dependency (servers/rendering/storage/utilities.cpp:56)
WARNING: Leaked instance dependency: Bug - did not call instance_notify_deleted when freeing.
   at: ~Dependency (servers/rendering/storage/utilities.cpp:56)
WARNING: Leaked instance dependency: Bug - did not call instance_notify_deleted when freeing.
   at: ~Dependency (servers/rendering/storage/utilities.cpp:56)
WARNING: Leaked instance dependency: Bug - did not call instance_notify_deleted when freeing.
   at: ~Dependency (servers/rendering/storage/utilities.cpp:56)
WARNING: Leaked instance dependency: Bug - did not call instance_notify_deleted when freeing.
   at: ~Dependency (servers/rendering/storage/utilities.cpp:56)
WARNING: Leaked instance dependency: Bug - did not call instance_notify_deleted when freeing.
   at: ~Dependency (servers/rendering/storage/utilities.cpp:56)
WARNING: Leaked instance dependency: Bug - did not call instance_notify_deleted when freeing.
   at: ~Dependency (servers/rendering/storage/utilities.cpp:56)
WARNING: Leaked instance dependency: Bug - did not call instance_notify_deleted when freeing.
   at: ~Dependency (servers/rendering/storage/utilities.cpp:56)
WARNING: Leaked instance dependency: Bug - did not call instance_notify_deleted when freeing.
   at: ~Dependency (servers/rendering/storage/utilities.cpp:56)
WARNING: Leaked instance dependency: Bug - did not call instance_notify_deleted when freeing.
   at: ~Dependency (servers/rendering/storage/utilities.cpp:56)
WARNING: Leaked instance dependency: Bug - did not call instance_notify_deleted when freeing.
   at: ~Dependency (servers/rendering/storage/utilities.cpp:56)
WARNING: Leaked instance dependency: Bug - did not call instance_notify_deleted when freeing.
   at: ~Dependency (servers/rendering/storage/utilities.cpp:56)
WARNING: Leaked instance dependency: Bug - did not call instance_notify_deleted when freeing.
   at: ~Dependency (servers/rendering/storage/utilities.cpp:56)
WARNING: Leaked instance dependency: Bug - did not call instance_notify_deleted when freeing.
   at: ~Dependency (servers/rendering/storage/utilities.cpp:56)
WARNING: Leaked instance dependency: Bug - did not call instance_notify_deleted when freeing.
   at: ~Dependency (servers/rendering/storage/utilities.cpp:56)
WARNING: Leaked instance dependency: Bug - did not call instance_notify_deleted when freeing.
   at: ~Dependency (servers/rendering/storage/utilities.cpp:56)
WARNING: Leaked instance dependency: Bug - did not call instance_notify_deleted when freeing.
   at: ~Dependency (servers/rendering/storage/utilities.cpp:56)
WARNING: Leaked instance dependency: Bug - did not call instance_notify_deleted when freeing.
   at: ~Dependency (servers/rendering/storage/utilities.cpp:56)
WARNING: Leaked instance dependency: Bug - did not call instance_notify_deleted when freeing.
   at: ~Dependency (servers/rendering/storage/utilities.cpp:56)
WARNING: Leaked instance dependency: Bug - did not call instance_notify_deleted when freeing.
   at: ~Dependency (servers/rendering/storage/utilities.cpp:56)
WARNING: Leaked instance dependency: Bug - did not call instance_notify_deleted when freeing.
   at: ~Dependency (servers/rendering/storage/utilities.cpp:56)
WARNING: Leaked instance dependency: Bug - did not call instance_notify_deleted when freeing.
   at: ~Dependency (servers/rendering/storage/utilities.cpp:56)
WARNING: Leaked instance dependency: Bug - did not call instance_notify_deleted when freeing.
   at: ~Dependency (servers/rendering/storage/utilities.cpp:56)
WARNING: Leaked instance dependency: Bug - did not call instance_notify_deleted when freeing.
   at: ~Dependency (servers/rendering/storage/utilities.cpp:56)
WARNING: Leaked instance dependency: Bug - did not call instance_notify_deleted when freeing.
   at: ~Dependency (servers/rendering/storage/utilities.cpp:56)
WARNING: Leaked instance dependency: Bug - did not call instance_notify_deleted when freeing.
   at: ~Dependency (servers/rendering/storage/utilities.cpp:56)
WARNING: Leaked instance dependency: Bug - did not call instance_notify_deleted when freeing.
   at: ~Dependency (servers/rendering/storage/utilities.cpp:56)
WARNING: Leaked instance dependency: Bug - did not call instance_notify_deleted when freeing.
   at: ~Dependency (servers/rendering/storage/utilities.cpp:56)
WARNING: Leaked instance dependency: Bug - did not call instance_notify_deleted when freeing.
   at: ~Dependency (servers/rendering/storage/utilities.cpp:56)
WARNING: Leaked instance dependency: Bug - did not call instance_notify_deleted when freeing.
   at: ~Dependency (servers/rendering/storage/utilities.cpp:56)
WARNING: Leaked instance dependency: Bug - did not call instance_notify_deleted when freeing.
   at: ~Dependency (servers/rendering/storage/utilities.cpp:56)
WARNING: Leaked instance dependency: Bug - did not call instance_notify_deleted when freeing.
   at: ~Dependency (servers/rendering/storage/utilities.cpp:56)
WARNING: Leaked instance dependency: Bug - did not call instance_notify_deleted when freeing.
   at: ~Dependency (servers/rendering/storage/utilities.cpp:56)
WARNING: Leaked instance dependency: Bug - did not call instance_notify_deleted when freeing.
   at: ~Dependency (servers/rendering/storage/utilities.cpp:56)
WARNING: Leaked instance dependency: Bug - did not call instance_notify_deleted when freeing.
   at: ~Dependency (servers/rendering/storage/utilities.cpp:56)
WARNING: Leaked instance dependency: Bug - did not call instance_notify_deleted when freeing.
   at: ~Dependency (servers/rendering/storage/utilities.cpp:56)
WARNING: Leaked instance dependency: Bug - did not call instance_notify_deleted when freeing.
   at: ~Dependency (servers/rendering/storage/utilities.cpp:56)
WARNING: Leaked instance dependency: Bug - did not call instance_notify_deleted when freeing.
   at: ~Dependency (servers/rendering/storage/utilities.cpp:56)
WARNING: Leaked instance dependency: Bug - did not call instance_notify_deleted when freeing.
   at: ~Dependency (servers/rendering/storage/utilities.cpp:56)
WARNING: Leaked instance dependency: Bug - did not call instance_notify_deleted when freeing.
   at: ~Dependency (servers/rendering/storage/utilities.cpp:56)
WARNING: Leaked instance dependency: Bug - did not call instance_notify_deleted when freeing.
   at: ~Dependency (servers/rendering/storage/utilities.cpp:56)
WARNING: Leaked instance dependency: Bug - did not call instance_notify_deleted when freeing.
   at: ~Dependency (servers/rendering/storage/utilities.cpp:56)
WARNING: Leaked instance dependency: Bug - did not call instance_notify_deleted when freeing.
   at: ~Dependency (servers/rendering/storage/utilities.cpp:56)
WARNING: Leaked instance dependency: Bug - did not call instance_notify_deleted when freeing.
   at: ~Dependency (servers/rendering/storage/utilities.cpp:56)
WARNING: Leaked instance dependency: Bug - did not call instance_notify_deleted when freeing.
   at: ~Dependency (servers/rendering/storage/utilities.cpp:56)
WARNING: Leaked instance dependency: Bug - did not call instance_notify_deleted when freeing.
   at: ~Dependency (servers/rendering/storage/utilities.cpp:56)
WARNING: Leaked instance dependency: Bug - did not call instance_notify_deleted when freeing.
   at: ~Dependency (servers/rendering/storage/utilities.cpp:56)
WARNING: Leaked instance dependency: Bug - did not call instance_notify_deleted when freeing.
   at: ~Dependency (servers/rendering/storage/utilities.cpp:56)
WARNING: Leaked instance dependency: Bug - did not call instance_notify_deleted when freeing.
   at: ~Dependency (servers/rendering/storage/utilities.cpp:56)
WARNING: Leaked instance dependency: Bug - did not call instance_notify_deleted when freeing.
   at: ~Dependency (servers/rendering/storage/utilities.cpp:56)
WARNING: Leaked instance dependency: Bug - did not call instance_notify_deleted when freeing.
   at: ~Dependency (servers/rendering/storage/utilities.cpp:56)
WARNING: Leaked instance dependency: Bug - did not call instance_notify_deleted when freeing.
   at: ~Dependency (servers/rendering/storage/utilities.cpp:56)
WARNING: Leaked instance dependency: Bug - did not call instance_notify_deleted when freeing.
   at: ~Dependency (servers/rendering/storage/utilities.cpp:56)
WARNING: Leaked instance dependency: Bug - did not call instance_notify_deleted when freeing.
   at: ~Dependency (servers/rendering/storage/utilities.cpp:56)
WARNING: Leaked instance dependency: Bug - did not call instance_notify_deleted when freeing.
   at: ~Dependency (servers/rendering/storage/utilities.cpp:56)
WARNING: Leaked instance dependency: Bug - did not call instance_notify_deleted when freeing.
   at: ~Dependency (servers/rendering/storage/utilities.cpp:56)
WARNING: Leaked instance dependency: Bug - did not call instance_notify_deleted when freeing.
   at: ~Dependency (servers/rendering/storage/utilities.cpp:56)
WARNING: Leaked instance dependency: Bug - did not call instance_notify_deleted when freeing.
   at: ~Dependency (servers/rendering/storage/utilities.cpp:56)
WARNING: Leaked instance dependency: Bug - did not call instance_notify_deleted when freeing.
   at: ~Dependency (servers/rendering/storage/utilities.cpp:56)
WARNING: Leaked instance dependency: Bug - did not call instance_notify_deleted when freeing.
   at: ~Dependency (servers/rendering/storage/utilities.cpp:56)
WARNING: Leaked instance dependency: Bug - did not call instance_notify_deleted when freeing.
   at: ~Dependency (servers/rendering/storage/utilities.cpp:56)
WARNING: Leaked instance dependency: Bug - did not call instance_notify_deleted when freeing.
   at: ~Dependency (servers/rendering/storage/utilities.cpp:56)
WARNING: Leaked instance dependency: Bug - did not call instance_notify_deleted when freeing.
   at: ~Dependency (servers/rendering/storage/utilities.cpp:56)
WARNING: Leaked instance dependency: Bug - did not call instance_notify_deleted when freeing.
   at: ~Dependency (servers/rendering/storage/utilities.cpp:56)
WARNING: Leaked instance dependency: Bug - did not call instance_notify_deleted when freeing.
   at: ~Dependency (servers/rendering/storage/utilities.cpp:56)
WARNING: Leaked instance dependency: Bug - did not call instance_notify_deleted when freeing.
   at: ~Dependency (servers/rendering/storage/utilities.cpp:56)
WARNING: Leaked instance dependency: Bug - did not call instance_notify_deleted when freeing.
   at: ~Dependency (servers/rendering/storage/utilities.cpp:56)
WARNING: Leaked instance dependency: Bug - did not call instance_notify_deleted when freeing.
   at: ~Dependency (servers/rendering/storage/utilities.cpp:56)
WARNING: Leaked instance dependency: Bug - did not call instance_notify_deleted when freeing.
   at: ~Dependency (servers/rendering/storage/utilities.cpp:56)
WARNING: Leaked instance dependency: Bug - did not call instance_notify_deleted when freeing.
   at: ~Dependency (servers/rendering/storage/utilities.cpp:56)
WARNING: Leaked instance dependency: Bug - did not call instance_notify_deleted when freeing.
   at: ~Dependency (servers/rendering/storage/utilities.cpp:56)
WARNING: Leaked instance dependency: Bug - did not call instance_notify_deleted when freeing.
   at: ~Dependency (servers/rendering/storage/utilities.cpp:56)
WARNING: Leaked instance dependency: Bug - did not call instance_notify_deleted when freeing.
   at: ~Dependency (servers/rendering/storage/utilities.cpp:56)
WARNING: Leaked instance dependency: Bug - did not call instance_notify_deleted when freeing.
   at: ~Dependency (servers/rendering/storage/utilities.cpp:56)
WARNING: Leaked instance dependency: Bug - did not call instance_notify_deleted when freeing.
   at: ~Dependency (servers/rendering/storage/utilities.cpp:56)
WARNING: Leaked instance dependency: Bug - did not call instance_notify_deleted when freeing.
   at: ~Dependency (servers/rendering/storage/utilities.cpp:56)
WARNING: Leaked instance dependency: Bug - did not call instance_notify_deleted when freeing.
   at: ~Dependency (servers/rendering/storage/utilities.cpp:56)
WARNING: Leaked instance dependency: Bug - did not call instance_notify_deleted when freeing.
   at: ~Dependency (servers/rendering/storage/utilities.cpp:56)
WARNING: Leaked instance dependency: Bug - did not call instance_notify_deleted when freeing.
   at: ~Dependency (servers/rendering/storage/utilities.cpp:56)
WARNING: Leaked instance dependency: Bug - did not call instance_notify_deleted when freeing.
   at: ~Dependency (servers/rendering/storage/utilities.cpp:56)
WARNING: Leaked instance dependency: Bug - did not call instance_notify_deleted when freeing.
   at: ~Dependency (servers/rendering/storage/utilities.cpp:56)
WARNING: Leaked instance dependency: Bug - did not call instance_notify_deleted when freeing.
   at: ~Dependency (servers/rendering/storage/utilities.cpp:56)
WARNING: Leaked instance dependency: Bug - did not call instance_notify_deleted when freeing.
   at: ~Dependency (servers/rendering/storage/utilities.cpp:56)
WARNING: Leaked instance dependency: Bug - did not call instance_notify_deleted when freeing.
   at: ~Dependency (servers/rendering/storage/utilities.cpp:56)
WARNING: Leaked instance dependency: Bug - did not call instance_notify_deleted when freeing.
   at: ~Dependency (servers/rendering/storage/utilities.cpp:56)
WARNING: Leaked instance dependency: Bug - did not call instance_notify_deleted when freeing.
   at: ~Dependency (servers/rendering/storage/utilities.cpp:56)
WARNING: Leaked instance dependency: Bug - did not call instance_notify_deleted when freeing.
   at: ~Dependency (servers/rendering/storage/utilities.cpp:56)
WARNING: Leaked instance dependency: Bug - did not call instance_notify_deleted when freeing.
   at: ~Dependency (servers/rendering/storage/utilities.cpp:56)
WARNING: Leaked instance dependency: Bug - did not call instance_notify_deleted when freeing.
   at: ~Dependency (servers/rendering/storage/utilities.cpp:56)
WARNING: Leaked instance dependency: Bug - did not call instance_notify_deleted when freeing.
   at: ~Dependency (servers/rendering/storage/utilities.cpp:56)
WARNING: Leaked instance dependency: Bug - did not call instance_notify_deleted when freeing.
   at: ~Dependency (servers/rendering/storage/utilities.cpp:56)
WARNING: Leaked instance dependency: Bug - did not call instance_notify_deleted when freeing.
   at: ~Dependency (servers/rendering/storage/utilities.cpp:56)
WARNING: Leaked instance dependency: Bug - did not call instance_notify_deleted when freeing.
   at: ~Dependency (servers/rendering/storage/utilities.cpp:56)
WARNING: Leaked instance dependency: Bug - did not call instance_notify_deleted when freeing.
   at: ~Dependency (servers/rendering/storage/utilities.cpp:56)
WARNING: Leaked instance dependency: Bug - did not call instance_notify_deleted when freeing.
   at: ~Dependency (servers/rendering/storage/utilities.cpp:56)
WARNING: Leaked instance dependency: Bug - did not call instance_notify_deleted when freeing.
   at: ~Dependency (servers/rendering/storage/utilities.cpp:56)
WARNING: Leaked instance dependency: Bug - did not call instance_notify_deleted when freeing.
   at: ~Dependency (servers/rendering/storage/utilities.cpp:56)
WARNING: Leaked instance dependency: Bug - did not call instance_notify_deleted when freeing.
   at: ~Dependency (servers/rendering/storage/utilities.cpp:56)
WARNING: Leaked instance dependency: Bug - did not call instance_notify_deleted when freeing.
   at: ~Dependency (servers/rendering/storage/utilities.cpp:56)
WARNING: Leaked instance dependency: Bug - did not call instance_notify_deleted when freeing.
   at: ~Dependency (servers/rendering/storage/utilities.cpp:56)
WARNING: Leaked instance dependency: Bug - did not call instance_notify_deleted when freeing.
   at: ~Dependency (servers/rendering/storage/utilities.cpp:56)
WARNING: Leaked instance dependency: Bug - did not call instance_notify_deleted when freeing.
   at: ~Dependency (servers/rendering/storage/utilities.cpp:56)
WARNING: Leaked instance dependency: Bug - did not call instance_notify_deleted when freeing.
   at: ~Dependency (servers/rendering/storage/utilities.cpp:56)
WARNING: Leaked instance dependency: Bug - did not call instance_notify_deleted when freeing.
   at: ~Dependency (servers/rendering/storage/utilities.cpp:56)
WARNING: Leaked instance dependency: Bug - did not call instance_notify_deleted when freeing.
   at: ~Dependency (servers/rendering/storage/utilities.cpp:56)
WARNING: Leaked instance dependency: Bug - did not call instance_notify_deleted when freeing.
   at: ~Dependency (servers/rendering/storage/utilities.cpp:56)
WARNING: Leaked instance dependency: Bug - did not call instance_notify_deleted when freeing.
   at: ~Dependency (servers/rendering/storage/utilities.cpp:56)
WARNING: Leaked instance dependency: Bug - did not call instance_notify_deleted when freeing.
   at: ~Dependency (servers/rendering/storage/utilities.cpp:56)
WARNING: Leaked instance dependency: Bug - did not call instance_notify_deleted when freeing.
   at: ~Dependency (servers/rendering/storage/utilities.cpp:56)
WARNING: Leaked instance dependency: Bug - did not call instance_notify_deleted when freeing.
   at: ~Dependency (servers/rendering/storage/utilities.cpp:56)
WARNING: Leaked instance dependency: Bug - did not call instance_notify_deleted when freeing.
   at: ~Dependency (servers/rendering/storage/utilities.cpp:56)
WARNING: Leaked instance dependency: Bug - did not call instance_notify_deleted when freeing.
   at: ~Dependency (servers/rendering/storage/utilities.cpp:56)
WARNING: Leaked instance dependency: Bug - did not call instance_notify_deleted when freeing.
   at: ~Dependency (servers/rendering/storage/utilities.cpp:56)
WARNING: Leaked instance dependency: Bug - did not call instance_notify_deleted when freeing.
   at: ~Dependency (servers/rendering/storage/utilities.cpp:56)
WARNING: Leaked instance dependency: Bug - did not call instance_notify_deleted when freeing.
   at: ~Dependency (servers/rendering/storage/utilities.cpp:56)
WARNING: Leaked instance dependency: Bug - did not call instance_notify_deleted when freeing.
   at: ~Dependency (servers/rendering/storage/utilities.cpp:56)
WARNING: Leaked instance dependency: Bug - did not call instance_notify_deleted when freeing.
   at: ~Dependency (servers/rendering/storage/utilities.cpp:56)
WARNING: Leaked instance dependency: Bug - did not call instance_notify_deleted when freeing.
   at: ~Dependency (servers/rendering/storage/utilities.cpp:56)
WARNING: Leaked instance dependency: Bug - did not call instance_notify_deleted when freeing.
   at: ~Dependency (servers/rendering/storage/utilities.cpp:56)
WARNING: Leaked instance dependency: Bug - did not call instance_notify_deleted when freeing.
   at: ~Dependency (servers/rendering/storage/utilities.cpp:56)
WARNING: Leaked instance dependency: Bug - did not call instance_notify_deleted when freeing.
   at: ~Dependency (servers/rendering/storage/utilities.cpp:56)
WARNING: Leaked instance dependency: Bug - did not call instance_notify_deleted when freeing.
   at: ~Dependency (servers/rendering/storage/utilities.cpp:56)
WARNING: Leaked instance dependency: Bug - did not call instance_notify_deleted when freeing.
   at: ~Dependency (servers/rendering/storage/utilities.cpp:56)
WARNING: Leaked instance dependency: Bug - did not call instance_notify_deleted when freeing.
   at: ~Dependency (servers/rendering/storage/utilities.cpp:56)
WARNING: Leaked instance dependency: Bug - did not call instance_notify_deleted when freeing.
   at: ~Dependency (servers/rendering/storage/utilities.cpp:56)
WARNING: Leaked instance dependency: Bug - did not call instance_notify_deleted when freeing.
   at: ~Dependency (servers/rendering/storage/utilities.cpp:56)
WARNING: Leaked instance dependency: Bug - did not call instance_notify_deleted when freeing.
   at: ~Dependency (servers/rendering/storage/utilities.cpp:56)
WARNING: Leaked instance dependency: Bug - did not call instance_notify_deleted when freeing.
   at: ~Dependency (servers/rendering/storage/utilities.cpp:56)
WARNING: Leaked instance dependency: Bug - did not call instance_notify_deleted when freeing.
   at: ~Dependency (servers/rendering/storage/utilities.cpp:56)
WARNING: Leaked instance dependency: Bug - did not call instance_notify_deleted when freeing.
   at: ~Dependency (servers/rendering/storage/utilities.cpp:56)
WARNING: Leaked instance dependency: Bug - did not call instance_notify_deleted when freeing.
   at: ~Dependency (servers/rendering/storage/utilities.cpp:56)
WARNING: Leaked instance dependency: Bug - did not call instance_notify_deleted when freeing.
   at: ~Dependency (servers/rendering/storage/utilities.cpp:56)
WARNING: Leaked instance dependency: Bug - did not call instance_notify_deleted when freeing.
   at: ~Dependency (servers/rendering/storage/utilities.cpp:56)
WARNING: Leaked instance dependency: Bug - did not call instance_notify_deleted when freeing.
   at: ~Dependency (servers/rendering/storage/utilities.cpp:56)
WARNING: Leaked instance dependency: Bug - did not call instance_notify_deleted when freeing.
   at: ~Dependency (servers/rendering/storage/utilities.cpp:56)
WARNING: Leaked instance dependency: Bug - did not call instance_notify_deleted when freeing.
   at: ~Dependency (servers/rendering/storage/utilities.cpp:56)
WARNING: Leaked instance dependency: Bug - did not call instance_notify_deleted when freeing.
   at: ~Dependency (servers/rendering/storage/utilities.cpp:56)
WARNING: Leaked instance dependency: Bug - did not call instance_notify_deleted when freeing.
   at: ~Dependency (servers/rendering/storage/utilities.cpp:56)
WARNING: Leaked instance dependency: Bug - did not call instance_notify_deleted when freeing.
   at: ~Dependency (servers/rendering/storage/utilities.cpp:56)
WARNING: Leaked instance dependency: Bug - did not call instance_notify_deleted when freeing.
   at: ~Dependency (servers/rendering/storage/utilities.cpp:56)
WARNING: Leaked instance dependency: Bug - did not call instance_notify_deleted when freeing.
   at: ~Dependency (servers/rendering/storage/utilities.cpp:56)
WARNING: Leaked instance dependency: Bug - did not call instance_notify_deleted when freeing.
   at: ~Dependency (servers/rendering/storage/utilities.cpp:56)
WARNING: Leaked instance dependency: Bug - did not call instance_notify_deleted when freeing.
   at: ~Dependency (servers/rendering/storage/utilities.cpp:56)
WARNING: Leaked instance dependency: Bug - did not call instance_notify_deleted when freeing.
   at: ~Dependency (servers/rendering/storage/utilities.cpp:56)
WARNING: Leaked instance dependency: Bug - did not call instance_notify_deleted when freeing.
   at: ~Dependency (servers/rendering/storage/utilities.cpp:56)
WARNING: Leaked instance dependency: Bug - did not call instance_notify_deleted when freeing.
   at: ~Dependency (servers/rendering/storage/utilities.cpp:56)
WARNING: Leaked instance dependency: Bug - did not call instance_notify_deleted when freeing.
   at: ~Dependency (servers/rendering/storage/utilities.cpp:56)
WARNING: Leaked instance dependency: Bug - did not call instance_notify_deleted when freeing.
   at: ~Dependency (servers/rendering/storage/utilities.cpp:56)
WARNING: Leaked instance dependency: Bug - did not call instance_notify_deleted when freeing.
   at: ~Dependency (servers/rendering/storage/utilities.cpp:56)
WARNING: Leaked instance dependency: Bug - did not call instance_notify_deleted when freeing.
   at: ~Dependency (servers/rendering/storage/utilities.cpp:56)
WARNING: Leaked instance dependency: Bug - did not call instance_notify_deleted when freeing.
   at: ~Dependency (servers/rendering/storage/utilities.cpp:56)
WARNING: Leaked instance dependency: Bug - did not call instance_notify_deleted when freeing.
   at: ~Dependency (servers/rendering/storage/utilities.cpp:56)
WARNING: Leaked instance dependency: Bug - did not call instance_notify_deleted when freeing.
   at: ~Dependency (servers/rendering/storage/utilities.cpp:56)
WARNING: Leaked instance dependency: Bug - did not call instance_notify_deleted when freeing.
   at: ~Dependency (servers/rendering/storage/utilities.cpp:56)
WARNING: Leaked instance dependency: Bug - did not call instance_notify_deleted when freeing.
   at: ~Dependency (servers/rendering/storage/utilities.cpp:56)
WARNING: Leaked instance dependency: Bug - did not call instance_notify_deleted when freeing.
   at: ~Dependency (servers/rendering/storage/utilities.cpp:56)
WARNING: Leaked instance dependency: Bug - did not call instance_notify_deleted when freeing.
   at: ~Dependency (servers/rendering/storage/utilities.cpp:56)
WARNING: Leaked instance dependency: Bug - did not call instance_notify_deleted when freeing.
   at: ~Dependency (servers/rendering/storage/utilities.cpp:56)
WARNING: Leaked instance dependency: Bug - did not call instance_notify_deleted when freeing.
   at: ~Dependency (servers/rendering/storage/utilities.cpp:56)
WARNING: Leaked instance dependency: Bug - did not call instance_notify_deleted when freeing.
   at: ~Dependency (servers/rendering/storage/utilities.cpp:56)
WARNING: Leaked instance dependency: Bug - did not call instance_notify_deleted when freeing.
   at: ~Dependency (servers/rendering/storage/utilities.cpp:56)
WARNING: Leaked instance dependency: Bug - did not call instance_notify_deleted when freeing.
   at: ~Dependency (servers/rendering/storage/utilities.cpp:56)
WARNING: Leaked instance dependency: Bug - did not call instance_notify_deleted when freeing.
   at: ~Dependency (servers/rendering/storage/utilities.cpp:56)
WARNING: Leaked instance dependency: Bug - did not call instance_notify_deleted when freeing.
   at: ~Dependency (servers/rendering/storage/utilities.cpp:56)
WARNING: Leaked instance dependency: Bug - did not call instance_notify_deleted when freeing.
   at: ~Dependency (servers/rendering/storage/utilities.cpp:56)
WARNING: Leaked instance dependency: Bug - did not call instance_notify_deleted when freeing.
   at: ~Dependency (servers/rendering/storage/utilities.cpp:56)
WARNING: Leaked instance dependency: Bug - did not call instance_notify_deleted when freeing.
   at: ~Dependency (servers/rendering/storage/utilities.cpp:56)
WARNING: Leaked instance dependency: Bug - did not call instance_notify_deleted when freeing.
   at: ~Dependency (servers/rendering/storage/utilities.cpp:56)
WARNING: Leaked instance dependency: Bug - did not call instance_notify_deleted when freeing.
   at: ~Dependency (servers/rendering/storage/utilities.cpp:56)
WARNING: Leaked instance dependency: Bug - did not call instance_notify_deleted when freeing.
   at: ~Dependency (servers/rendering/storage/utilities.cpp:56)
WARNING: Leaked instance dependency: Bug - did not call instance_notify_deleted when freeing.
   at: ~Dependency (servers/rendering/storage/utilities.cpp:56)
WARNING: Leaked instance dependency: Bug - did not call instance_notify_deleted when freeing.
   at: ~Dependency (servers/rendering/storage/utilities.cpp:56)
WARNING: Leaked instance dependency: Bug - did not call instance_notify_deleted when freeing.
   at: ~Dependency (servers/rendering/storage/utilities.cpp:56)
WARNING: Leaked instance dependency: Bug - did not call instance_notify_deleted when freeing.
   at: ~Dependency (servers/rendering/storage/utilities.cpp:56)
WARNING: Leaked instance dependency: Bug - did not call instance_notify_deleted when freeing.
   at: ~Dependency (servers/rendering/storage/utilities.cpp:56)
WARNING: Leaked instance dependency: Bug - did not call instance_notify_deleted when freeing.
   at: ~Dependency (servers/rendering/storage/utilities.cpp:56)
WARNING: Leaked instance dependency: Bug - did not call instance_notify_deleted when freeing.
   at: ~Dependency (servers/rendering/storage/utilities.cpp:56)
WARNING: Leaked instance dependency: Bug - did not call instance_notify_deleted when freeing.
   at: ~Dependency (servers/rendering/storage/utilities.cpp:56)
WARNING: Leaked instance dependency: Bug - did not call instance_notify_deleted when freeing.
   at: ~Dependency (servers/rendering/storage/utilities.cpp:56)
WARNING: Leaked instance dependency: Bug - did not call instance_notify_deleted when freeing.
   at: ~Dependency (servers/rendering/storage/utilities.cpp:56)
WARNING: Leaked instance dependency: Bug - did not call instance_notify_deleted when freeing.
   at: ~Dependency (servers/rendering/storage/utilities.cpp:56)
WARNING: Leaked instance dependency: Bug - did not call instance_notify_deleted when freeing.
   at: ~Dependency (servers/rendering/storage/utilities.cpp:56)
WARNING: Leaked instance dependency: Bug - did not call instance_notify_deleted when freeing.
   at: ~Dependency (servers/rendering/storage/utilities.cpp:56)
WARNING: Leaked instance dependency: Bug - did not call instance_notify_deleted when freeing.
   at: ~Dependency (servers/rendering/storage/utilities.cpp:56)
WARNING: Leaked instance dependency: Bug - did not call instance_notify_deleted when freeing.
   at: ~Dependency (servers/rendering/storage/utilities.cpp:56)
WARNING: Leaked instance dependency: Bug - did not call instance_notify_deleted when freeing.
   at: ~Dependency (servers/rendering/storage/utilities.cpp:56)
WARNING: Leaked instance dependency: Bug - did not call instance_notify_deleted when freeing.
   at: ~Dependency (servers/rendering/storage/utilities.cpp:56)
WARNING: Leaked instance dependency: Bug - did not call instance_notify_deleted when freeing.
   at: ~Dependency (servers/rendering/storage/utilities.cpp:56)
WARNING: Leaked instance dependency: Bug - did not call instance_notify_deleted when freeing.
   at: ~Dependency (servers/rendering/storage/utilities.cpp:56)
WARNING: Leaked instance dependency: Bug - did not call instance_notify_deleted when freeing.
   at: ~Dependency (servers/rendering/storage/utilities.cpp:56)
WARNING: Leaked instance dependency: Bug - did not call instance_notify_deleted when freeing.
   at: ~Dependency (servers/rendering/storage/utilities.cpp:56)
WARNING: Leaked instance dependency: Bug - did not call instance_notify_deleted when freeing.
   at: ~Dependency (servers/rendering/storage/utilities.cpp:56)
WARNING: Leaked instance dependency: Bug - did not call instance_notify_deleted when freeing.
   at: ~Dependency (servers/rendering/storage/utilities.cpp:56)
WARNING: Leaked instance dependency: Bug - did not call instance_notify_deleted when freeing.
   at: ~Dependency (servers/rendering/storage/utilities.cpp:56)
WARNING: Leaked instance dependency: Bug - did not call instance_notify_deleted when freeing.
   at: ~Dependency (servers/rendering/storage/utilities.cpp:56)
WARNING: Leaked instance dependency: Bug - did not call instance_notify_deleted when freeing.
   at: ~Dependency (servers/rendering/storage/utilities.cpp:56)
WARNING: Leaked instance dependency: Bug - did not call instance_notify_deleted when freeing.
   at: ~Dependency (servers/rendering/storage/utilities.cpp:56)
WARNING: Leaked instance dependency: Bug - did not call instance_notify_deleted when freeing.
   at: ~Dependency (servers/rendering/storage/utilities.cpp:56)
WARNING: Leaked instance dependency: Bug - did not call instance_notify_deleted when freeing.
   at: ~Dependency (servers/rendering/storage/utilities.cpp:56)
WARNING: Leaked instance dependency: Bug - did not call instance_notify_deleted when freeing.
   at: ~Dependency (servers/rendering/storage/utilities.cpp:56)
WARNING: Leaked instance dependency: Bug - did not call instance_notify_deleted when freeing.
   at: ~Dependency (servers/rendering/storage/utilities.cpp:56)
WARNING: Leaked instance dependency: Bug - did not call instance_notify_deleted when freeing.
   at: ~Dependency (servers/rendering/storage/utilities.cpp:56)
WARNING: Leaked instance dependency: Bug - did not call instance_notify_deleted when freeing.
   at: ~Dependency (servers/rendering/storage/utilities.cpp:56)
WARNING: Leaked instance dependency: Bug - did not call instance_notify_deleted when freeing.
   at: ~Dependency (servers/rendering/storage/utilities.cpp:56)
WARNING: Leaked instance dependency: Bug - did not call instance_notify_deleted when freeing.
   at: ~Dependency (servers/rendering/storage/utilities.cpp:56)
WARNING: Leaked instance dependency: Bug - did not call instance_notify_deleted when freeing.
   at: ~Dependency (servers/rendering/storage/utilities.cpp:56)
WARNING: Leaked instance dependency: Bug - did not call instance_notify_deleted when freeing.
   at: ~Dependency (servers/rendering/storage/utilities.cpp:56)
WARNING: Leaked instance dependency: Bug - did not call instance_notify_deleted when freeing.
   at: ~Dependency (servers/rendering/storage/utilities.cpp:56)
WARNING: Leaked instance dependency: Bug - did not call instance_notify_deleted when freeing.
   at: ~Dependency (servers/rendering/storage/utilities.cpp:56)
WARNING: Leaked instance dependency: Bug - did not call instance_notify_deleted when freeing.
   at: ~Dependency (servers/rendering/storage/utilities.cpp:56)
WARNING: Leaked instance dependency: Bug - did not call instance_notify_deleted when freeing.
   at: ~Dependency (servers/rendering/storage/utilities.cpp:56)
WARNING: Leaked instance dependency: Bug - did not call instance_notify_deleted when freeing.
   at: ~Dependency (servers/rendering/storage/utilities.cpp:56)
WARNING: Leaked instance dependency: Bug - did not call instance_notify_deleted when freeing.
   at: ~Dependency (servers/rendering/storage/utilities.cpp:56)
WARNING: Leaked instance dependency: Bug - did not call instance_notify_deleted when freeing.
   at: ~Dependency (servers/rendering/storage/utilities.cpp:56)
WARNING: Leaked instance dependency: Bug - did not call instance_notify_deleted when freeing.
   at: ~Dependency (servers/rendering/storage/utilities.cpp:56)
WARNING: Leaked instance dependency: Bug - did not call instance_notify_deleted when freeing.
   at: ~Dependency (servers/rendering/storage/utilities.cpp:56)
WARNING: Leaked instance dependency: Bug - did not call instance_notify_deleted when freeing.
   at: ~Dependency (servers/rendering/storage/utilities.cpp:56)
WARNING: Leaked instance dependency: Bug - did not call instance_notify_deleted when freeing.
   at: ~Dependency (servers/rendering/storage/utilities.cpp:56)
WARNING: Leaked instance dependency: Bug - did not call instance_notify_deleted when freeing.
   at: ~Dependency (servers/rendering/storage/utilities.cpp:56)
WARNING: Leaked instance dependency: Bug - did not call instance_notify_deleted when freeing.
   at: ~Dependency (servers/rendering/storage/utilities.cpp:56)
WARNING: Leaked instance dependency: Bug - did not call instance_notify_deleted when freeing.
   at: ~Dependency (servers/rendering/storage/utilities.cpp:56)
WARNING: Leaked instance dependency: Bug - did not call instance_notify_deleted when freeing.
   at: ~Dependency (servers/rendering/storage/utilities.cpp:56)
WARNING: Leaked instance dependency: Bug - did not call instance_notify_deleted when freeing.
   at: ~Dependency (servers/rendering/storage/utilities.cpp:56)
WARNING: Leaked instance dependency: Bug - did not call instance_notify_deleted when freeing.
   at: ~Dependency (servers/rendering/storage/utilities.cpp:56)
WARNING: Leaked instance dependency: Bug - did not call instance_notify_deleted when freeing.
   at: ~Dependency (servers/rendering/storage/utilities.cpp:56)
WARNING: Leaked instance dependency: Bug - did not call instance_notify_deleted when freeing.
   at: ~Dependency (servers/rendering/storage/utilities.cpp:56)
WARNING: Leaked instance dependency: Bug - did not call instance_notify_deleted when freeing.
   at: ~Dependency (servers/rendering/storage/utilities.cpp:56)
WARNING: Leaked instance dependency: Bug - did not call instance_notify_deleted when freeing.
   at: ~Dependency (servers/rendering/storage/utilities.cpp:56)
WARNING: Leaked instance dependency: Bug - did not call instance_notify_deleted when freeing.
   at: ~Dependency (servers/rendering/storage/utilities.cpp:56)
WARNING: Leaked instance dependency: Bug - did not call instance_notify_deleted when freeing.
   at: ~Dependency (servers/rendering/storage/utilities.cpp:56)
WARNING: Leaked instance dependency: Bug - did not call instance_notify_deleted when freeing.
   at: ~Dependency (servers/rendering/storage/utilities.cpp:56)
WARNING: Leaked instance dependency: Bug - did not call instance_notify_deleted when freeing.
   at: ~Dependency (servers/rendering/storage/utilities.cpp:56)
WARNING: Leaked instance dependency: Bug - did not call instance_notify_deleted when freeing.
   at: ~Dependency (servers/rendering/storage/utilities.cpp:56)
WARNING: Leaked instance dependency: Bug - did not call instance_notify_deleted when freeing.
   at: ~Dependency (servers/rendering/storage/utilities.cpp:56)
WARNING: Leaked instance dependency: Bug - did not call instance_notify_deleted when freeing.
   at: ~Dependency (servers/rendering/storage/utilities.cpp:56)
WARNING: Leaked instance dependency: Bug - did not call instance_notify_deleted when freeing.
   at: ~Dependency (servers/rendering/storage/utilities.cpp:56)
WARNING: Leaked instance dependency: Bug - did not call instance_notify_deleted when freeing.
   at: ~Dependency (servers/rendering/storage/utilities.cpp:56)
WARNING: Leaked instance dependency: Bug - did not call instance_notify_deleted when freeing.
   at: ~Dependency (servers/rendering/storage/utilities.cpp:56)
WARNING: Leaked instance dependency: Bug - did not call instance_notify_deleted when freeing.
   at: ~Dependency (servers/rendering/storage/utilities.cpp:56)
WARNING: Leaked instance dependency: Bug - did not call instance_notify_deleted when freeing.
   at: ~Dependency (servers/rendering/storage/utilities.cpp:56)
WARNING: Leaked instance dependency: Bug - did not call instance_notify_deleted when freeing.
   at: ~Dependency (servers/rendering/storage/utilities.cpp:56)
WARNING: Leaked instance dependency: Bug - did not call instance_notify_deleted when freeing.
   at: ~Dependency (servers/rendering/storage/utilities.cpp:56)
WARNING: Leaked instance dependency: Bug - did not call instance_notify_deleted when freeing.
   at: ~Dependency (servers/rendering/storage/utilities.cpp:56)
WARNING: Leaked instance dependency: Bug - did not call instance_notify_deleted when freeing.
   at: ~Dependency (servers/rendering/storage/utilities.cpp:56)
WARNING: Leaked instance dependency: Bug - did not call instance_notify_deleted when freeing.
   at: ~Dependency (servers/rendering/storage/utilities.cpp:56)
WARNING: Leaked instance dependency: Bug - did not call instance_notify_deleted when freeing.
   at: ~Dependency (servers/rendering/storage/utilities.cpp:56)
WARNING: Leaked instance dependency: Bug - did not call instance_notify_deleted when freeing.
   at: ~Dependency (servers/rendering/storage/utilities.cpp:56)
WARNING: Leaked instance dependency: Bug - did not call instance_notify_deleted when freeing.
   at: ~Dependency (servers/rendering/storage/utilities.cpp:56)
WARNING: Leaked instance dependency: Bug - did not call instance_notify_deleted when freeing.
   at: ~Dependency (servers/rendering/storage/utilities.cpp:56)
WARNING: Leaked instance dependency: Bug - did not call instance_notify_deleted when freeing.
   at: ~Dependency (servers/rendering/storage/utilities.cpp:56)
WARNING: Leaked instance dependency: Bug - did not call instance_notify_deleted when freeing.
   at: ~Dependency (servers/rendering/storage/utilities.cpp:56)
WARNING: Leaked instance dependency: Bug - did not call instance_notify_deleted when freeing.
   at: ~Dependency (servers/rendering/storage/utilities.cpp:56)
WARNING: Leaked instance dependency: Bug - did not call instance_notify_deleted when freeing.
   at: ~Dependency (servers/rendering/storage/utilities.cpp:56)
WARNING: Leaked instance dependency: Bug - did not call instance_notify_deleted when freeing.
   at: ~Dependency (servers/rendering/storage/utilities.cpp:56)
WARNING: Leaked instance dependency: Bug - did not call instance_notify_deleted when freeing.
   at: ~Dependency (servers/rendering/storage/utilities.cpp:56)
WARNING: Leaked instance dependency: Bug - did not call instance_notify_deleted when freeing.
   at: ~Dependency (servers/rendering/storage/utilities.cpp:56)
WARNING: Leaked instance dependency: Bug - did not call instance_notify_deleted when freeing.
   at: ~Dependency (servers/rendering/storage/utilities.cpp:56)
WARNING: Leaked instance dependency: Bug - did not call instance_notify_deleted when freeing.
   at: ~Dependency (servers/rendering/storage/utilities.cpp:56)
WARNING: Leaked instance dependency: Bug - did not call instance_notify_deleted when freeing.
   at: ~Dependency (servers/rendering/storage/utilities.cpp:56)
WARNING: Leaked instance dependency: Bug - did not call instance_notify_deleted when freeing.
   at: ~Dependency (servers/rendering/storage/utilities.cpp:56)
WARNING: Leaked instance dependency: Bug - did not call instance_notify_deleted when freeing.
   at: ~Dependency (servers/rendering/storage/utilities.cpp:56)
WARNING: Leaked instance dependency: Bug - did not call instance_notify_deleted when freeing.
   at: ~Dependency (servers/rendering/storage/utilities.cpp:56)
WARNING: Leaked instance dependency: Bug - did not call instance_notify_deleted when freeing.
   at: ~Dependency (servers/rendering/storage/utilities.cpp:56)
WARNING: Leaked instance dependency: Bug - did not call instance_notify_deleted when freeing.
   at: ~Dependency (servers/rendering/storage/utilities.cpp:56)
WARNING: Leaked instance dependency: Bug - did not call instance_notify_deleted when freeing.
   at: ~Dependency (servers/rendering/storage/utilities.cpp:56)
WARNING: Leaked instance dependency: Bug - did not call instance_notify_deleted when freeing.
   at: ~Dependency (servers/rendering/storage/utilities.cpp:56)
WARNING: Leaked instance dependency: Bug - did not call instance_notify_deleted when freeing.
   at: ~Dependency (servers/rendering/storage/utilities.cpp:56)
WARNING: Leaked instance dependency: Bug - did not call instance_notify_deleted when freeing.
   at: ~Dependency (servers/rendering/storage/utilities.cpp:56)
WARNING: Leaked instance dependency: Bug - did not call instance_notify_deleted when freeing.
   at: ~Dependency (servers/rendering/storage/utilities.cpp:56)
WARNING: Leaked instance dependency: Bug - did not call instance_notify_deleted when freeing.
   at: ~Dependency (servers/rendering/storage/utilities.cpp:56)
WARNING: Leaked instance dependency: Bug - did not call instance_notify_deleted when freeing.
   at: ~Dependency (servers/rendering/storage/utilities.cpp:56)
WARNING: Leaked instance dependency: Bug - did not call instance_notify_deleted when freeing.
   at: ~Dependency (servers/rendering/storage/utilities.cpp:56)
WARNING: Leaked instance dependency: Bug - did not call instance_notify_deleted when freeing.
   at: ~Dependency (servers/rendering/storage/utilities.cpp:56)
WARNING: Leaked instance dependency: Bug - did not call instance_notify_deleted when freeing.
   at: ~Dependency (servers/rendering/storage/utilities.cpp:56)
WARNING: Leaked instance dependency: Bug - did not call instance_notify_deleted when freeing.
   at: ~Dependency (servers/rendering/storage/utilities.cpp:56)
WARNING: Leaked instance dependency: Bug - did not call instance_notify_deleted when freeing.
   at: ~Dependency (servers/rendering/storage/utilities.cpp:56)
WARNING: Leaked instance dependency: Bug - did not call instance_notify_deleted when freeing.
   at: ~Dependency (servers/rendering/storage/utilities.cpp:56)
WARNING: Leaked instance dependency: Bug - did not call instance_notify_deleted when freeing.
   at: ~Dependency (servers/rendering/storage/utilities.cpp:56)
WARNING: Leaked instance dependency: Bug - did not call instance_notify_deleted when freeing.
   at: ~Dependency (servers/rendering/storage/utilities.cpp:56)
WARNING: Leaked instance dependency: Bug - did not call instance_notify_deleted when freeing.
   at: ~Dependency (servers/rendering/storage/utilities.cpp:56)
WARNING: Leaked instance dependency: Bug - did not call instance_notify_deleted when freeing.
   at: ~Dependency (servers/rendering/storage/utilities.cpp:56)
WARNING: Leaked instance dependency: Bug - did not call instance_notify_deleted when freeing.
   at: ~Dependency (servers/rendering/storage/utilities.cpp:56)
WARNING: Leaked instance dependency: Bug - did not call instance_notify_deleted when freeing.
   at: ~Dependency (servers/rendering/storage/utilities.cpp:56)
WARNING: Leaked instance dependency: Bug - did not call instance_notify_deleted when freeing.
   at: ~Dependency (servers/rendering/storage/utilities.cpp:56)
WARNING: Leaked instance dependency: Bug - did not call instance_notify_deleted when freeing.
   at: ~Dependency (servers/rendering/storage/utilities.cpp:56)
WARNING: Leaked instance dependency: Bug - did not call instance_notify_deleted when freeing.
   at: ~Dependency (servers/rendering/storage/utilities.cpp:56)
WARNING: Leaked instance dependency: Bug - did not call instance_notify_deleted when freeing.
   at: ~Dependency (servers/rendering/storage/utilities.cpp:56)
WARNING: Leaked instance dependency: Bug - did not call instance_notify_deleted when freeing.
   at: ~Dependency (servers/rendering/storage/utilities.cpp:56)
WARNING: Leaked instance dependency: Bug - did not call instance_notify_deleted when freeing.
   at: ~Dependency (servers/rendering/storage/utilities.cpp:56)
WARNING: Leaked instance dependency: Bug - did not call instance_notify_deleted when freeing.
   at: ~Dependency (servers/rendering/storage/utilities.cpp:56)
WARNING: Leaked instance dependency: Bug - did not call instance_notify_deleted when freeing.
   at: ~Dependency (servers/rendering/storage/utilities.cpp:56)
WARNING: Leaked instance dependency: Bug - did not call instance_notify_deleted when freeing.
   at: ~Dependency (servers/rendering/storage/utilities.cpp:56)
WARNING: Leaked instance dependency: Bug - did not call instance_notify_deleted when freeing.
   at: ~Dependency (servers/rendering/storage/utilities.cpp:56)
WARNING: Leaked instance dependency: Bug - did not call instance_notify_deleted when freeing.
   at: ~Dependency (servers/rendering/storage/utilities.cpp:56)
WARNING: Leaked instance dependency: Bug - did not call instance_notify_deleted when freeing.
   at: ~Dependency (servers/rendering/storage/utilities.cpp:56)
WARNING: Leaked instance dependency: Bug - did not call instance_notify_deleted when freeing.
   at: ~Dependency (servers/rendering/storage/utilities.cpp:56)
WARNING: Leaked instance dependency: Bug - did not call instance_notify_deleted when freeing.
   at: ~Dependency (servers/rendering/storage/utilities.cpp:56)
WARNING: Leaked instance dependency: Bug - did not call instance_notify_deleted when freeing.
   at: ~Dependency (servers/rendering/storage/utilities.cpp:56)
WARNING: Leaked instance dependency: Bug - did not call instance_notify_deleted when freeing.
   at: ~Dependency (servers/rendering/storage/utilities.cpp:56)
WARNING: Leaked instance dependency: Bug - did not call instance_notify_deleted when freeing.
   at: ~Dependency (servers/rendering/storage/utilities.cpp:56)
WARNING: Leaked instance dependency: Bug - did not call instance_notify_deleted when freeing.
   at: ~Dependency (servers/rendering/storage/utilities.cpp:56)
WARNING: Leaked instance dependency: Bug - did not call instance_notify_deleted when freeing.
   at: ~Dependency (servers/rendering/storage/utilities.cpp:56)
WARNING: Leaked instance dependency: Bug - did not call instance_notify_deleted when freeing.
   at: ~Dependency (servers/rendering/storage/utilities.cpp:56)
WARNING: Leaked instance dependency: Bug - did not call instance_notify_deleted when freeing.
   at: ~Dependency (servers/rendering/storage/utilities.cpp:56)
WARNING: Leaked instance dependency: Bug - did not call instance_notify_deleted when freeing.
   at: ~Dependency (servers/rendering/storage/utilities.cpp:56)
WARNING: Leaked instance dependency: Bug - did not call instance_notify_deleted when freeing.
   at: ~Dependency (servers/rendering/storage/utilities.cpp:56)
WARNING: Leaked instance dependency: Bug - did not call instance_notify_deleted when freeing.
   at: ~Dependency (servers/rendering/storage/utilities.cpp:56)
WARNING: Leaked instance dependency: Bug - did not call instance_notify_deleted when freeing.
   at: ~Dependency (servers/rendering/storage/utilities.cpp:56)
WARNING: Leaked instance dependency: Bug - did not call instance_notify_deleted when freeing.
   at: ~Dependency (servers/rendering/storage/utilities.cpp:56)
WARNING: Leaked instance dependency: Bug - did not call instance_notify_deleted when freeing.
   at: ~Dependency (servers/rendering/storage/utilities.cpp:56)
WARNING: Leaked instance dependency: Bug - did not call instance_notify_deleted when freeing.
   at: ~Dependency (servers/rendering/storage/utilities.cpp:56)
WARNING: Leaked instance dependency: Bug - did not call instance_notify_deleted when freeing.
   at: ~Dependency (servers/rendering/storage/utilities.cpp:56)
WARNING: Leaked instance dependency: Bug - did not call instance_notify_deleted when freeing.
   at: ~Dependency (servers/rendering/storage/utilities.cpp:56)
WARNING: Leaked instance dependency: Bug - did not call instance_notify_deleted when freeing.
   at: ~Dependency (servers/rendering/storage/utilities.cpp:56)
WARNING: Leaked instance dependency: Bug - did not call instance_notify_deleted when freeing.
   at: ~Dependency (servers/rendering/storage/utilities.cpp:56)
WARNING: Leaked instance dependency: Bug - did not call instance_notify_deleted when freeing.
   at: ~Dependency (servers/rendering/storage/utilities.cpp:56)
WARNING: Leaked instance dependency: Bug - did not call instance_notify_deleted when freeing.
   at: ~Dependency (servers/rendering/storage/utilities.cpp:56)
WARNING: Leaked instance dependency: Bug - did not call instance_notify_deleted when freeing.
   at: ~Dependency (servers/rendering/storage/utilities.cpp:56)
WARNING: Leaked instance dependency: Bug - did not call instance_notify_deleted when freeing.
   at: ~Dependency (servers/rendering/storage/utilities.cpp:56)
WARNING: Leaked instance dependency: Bug - did not call instance_notify_deleted when freeing.
   at: ~Dependency (servers/rendering/storage/utilities.cpp:56)
WARNING: Leaked instance dependency: Bug - did not call instance_notify_deleted when freeing.
   at: ~Dependency (servers/rendering/storage/utilities.cpp:56)
WARNING: Leaked instance dependency: Bug - did not call instance_notify_deleted when freeing.
   at: ~Dependency (servers/rendering/storage/utilities.cpp:56)
WARNING: Leaked instance dependency: Bug - did not call instance_notify_deleted when freeing.
   at: ~Dependency (servers/rendering/storage/utilities.cpp:56)
WARNING: Leaked instance dependency: Bug - did not call instance_notify_deleted when freeing.
   at: ~Dependency (servers/rendering/storage/utilities.cpp:56)
WARNING: Leaked instance dependency: Bug - did not call instance_notify_deleted when freeing.
   at: ~Dependency (servers/rendering/storage/utilities.cpp:56)
WARNING: Leaked instance dependency: Bug - did not call instance_notify_deleted when freeing.
   at: ~Dependency (servers/rendering/storage/utilities.cpp:56)
WARNING: Leaked instance dependency: Bug - did not call instance_notify_deleted when freeing.
   at: ~Dependency (servers/rendering/storage/utilities.cpp:56)
WARNING: Leaked instance dependency: Bug - did not call instance_notify_deleted when freeing.
   at: ~Dependency (servers/rendering/storage/utilities.cpp:56)
WARNING: Leaked instance dependency: Bug - did not call instance_notify_deleted when freeing.
   at: ~Dependency (servers/rendering/storage/utilities.cpp:56)
WARNING: Leaked instance dependency: Bug - did not call instance_notify_deleted when freeing.
   at: ~Dependency (servers/rendering/storage/utilities.cpp:56)
WARNING: Leaked instance dependency: Bug - did not call instance_notify_deleted when freeing.
   at: ~Dependency (servers/rendering/storage/utilities.cpp:56)
WARNING: Leaked instance dependency: Bug - did not call instance_notify_deleted when freeing.
   at: ~Dependency (servers/rendering/storage/utilities.cpp:56)
WARNING: Leaked instance dependency: Bug - did not call instance_notify_deleted when freeing.
   at: ~Dependency (servers/rendering/storage/utilities.cpp:56)
WARNING: Leaked instance dependency: Bug - did not call instance_notify_deleted when freeing.
   at: ~Dependency (servers/rendering/storage/utilities.cpp:56)
WARNING: Leaked instance dependency: Bug - did not call instance_notify_deleted when freeing.
   at: ~Dependency (servers/rendering/storage/utilities.cpp:56)
WARNING: Leaked instance dependency: Bug - did not call instance_notify_deleted when freeing.
   at: ~Dependency (servers/rendering/storage/utilities.cpp:56)
WARNING: Leaked instance dependency: Bug - did not call instance_notify_deleted when freeing.
   at: ~Dependency (servers/rendering/storage/utilities.cpp:56)
WARNING: Leaked instance dependency: Bug - did not call instance_notify_deleted when freeing.
   at: ~Dependency (servers/rendering/storage/utilities.cpp:56)
WARNING: Leaked instance dependency: Bug - did not call instance_notify_deleted when freeing.
   at: ~Dependency (servers/rendering/storage/utilities.cpp:56)
WARNING: Leaked instance dependency: Bug - did not call instance_notify_deleted when freeing.
   at: ~Dependency (servers/rendering/storage/utilities.cpp:56)
WARNING: Leaked instance dependency: Bug - did not call instance_notify_deleted when freeing.
   at: ~Dependency (servers/rendering/storage/utilities.cpp:56)
WARNING: Leaked instance dependency: Bug - did not call instance_notify_deleted when freeing.
   at: ~Dependency (servers/rendering/storage/utilities.cpp:56)
WARNING: Leaked instance dependency: Bug - did not call instance_notify_deleted when freeing.
   at: ~Dependency (servers/rendering/storage/utilities.cpp:56)
WARNING: Leaked instance dependency: Bug - did not call instance_notify_deleted when freeing.
   at: ~Dependency (servers/rendering/storage/utilities.cpp:56)
WARNING: Leaked instance dependency: Bug - did not call instance_notify_deleted when freeing.
   at: ~Dependency (servers/rendering/storage/utilities.cpp:56)
WARNING: Leaked instance dependency: Bug - did not call instance_notify_deleted when freeing.
   at: ~Dependency (servers/rendering/storage/utilities.cpp:56)
WARNING: Leaked instance dependency: Bug - did not call instance_notify_deleted when freeing.
   at: ~Dependency (servers/rendering/storage/utilities.cpp:56)
WARNING: Leaked instance dependency: Bug - did not call instance_notify_deleted when freeing.
   at: ~Dependency (servers/rendering/storage/utilities.cpp:56)
WARNING: Leaked instance dependency: Bug - did not call instance_notify_deleted when freeing.
   at: ~Dependency (servers/rendering/storage/utilities.cpp:56)
WARNING: Leaked instance dependency: Bug - did not call instance_notify_deleted when freeing.
   at: ~Dependency (servers/rendering/storage/utilities.cpp:56)
WARNING: Leaked instance dependency: Bug - did not call instance_notify_deleted when freeing.
   at: ~Dependency (servers/rendering/storage/utilities.cpp:56)
WARNING: Leaked instance dependency: Bug - did not call instance_notify_deleted when freeing.
   at: ~Dependency (servers/rendering/storage/utilities.cpp:56)
WARNING: Leaked instance dependency: Bug - did not call instance_notify_deleted when freeing.
   at: ~Dependency (servers/rendering/storage/utilities.cpp:56)
WARNING: Leaked instance dependency: Bug - did not call instance_notify_deleted when freeing.
   at: ~Dependency (servers/rendering/storage/utilities.cpp:56)
WARNING: Leaked instance dependency: Bug - did not call instance_notify_deleted when freeing.
   at: ~Dependency (servers/rendering/storage/utilities.cpp:56)
WARNING: Leaked instance dependency: Bug - did not call instance_notify_deleted when freeing.
   at: ~Dependency (servers/rendering/storage/utilities.cpp:56)
WARNING: Leaked instance dependency: Bug - did not call instance_notify_deleted when freeing.
   at: ~Dependency (servers/rendering/storage/utilities.cpp:56)
WARNING: Leaked instance dependency: Bug - did not call instance_notify_deleted when freeing.
   at: ~Dependency (servers/rendering/storage/utilities.cpp:56)
WARNING: Leaked instance dependency: Bug - did not call instance_notify_deleted when freeing.
   at: ~Dependency (servers/rendering/storage/utilities.cpp:56)
WARNING: Leaked instance dependency: Bug - did not call instance_notify_deleted when freeing.
   at: ~Dependency (servers/rendering/storage/utilities.cpp:56)
WARNING: Leaked instance dependency: Bug - did not call instance_notify_deleted when freeing.
   at: ~Dependency (servers/rendering/storage/utilities.cpp:56)
WARNING: Leaked instance dependency: Bug - did not call instance_notify_deleted when freeing.
   at: ~Dependency (servers/rendering/storage/utilities.cpp:56)
WARNING: Leaked instance dependency: Bug - did not call instance_notify_deleted when freeing.
   at: ~Dependency (servers/rendering/storage/utilities.cpp:56)
WARNING: Leaked instance dependency: Bug - did not call instance_notify_deleted when freeing.
   at: ~Dependency (servers/rendering/storage/utilities.cpp:56)
WARNING: Leaked instance dependency: Bug - did not call instance_notify_deleted when freeing.
   at: ~Dependency (servers/rendering/storage/utilities.cpp:56)
WARNING: Leaked instance dependency: Bug - did not call instance_notify_deleted when freeing.
   at: ~Dependency (servers/rendering/storage/utilities.cpp:56)
WARNING: Leaked instance dependency: Bug - did not call instance_notify_deleted when freeing.
   at: ~Dependency (servers/rendering/storage/utilities.cpp:56)
WARNING: Leaked instance dependency: Bug - did not call instance_notify_deleted when freeing.
   at: ~Dependency (servers/rendering/storage/utilities.cpp:56)
WARNING: Leaked instance dependency: Bug - did not call instance_notify_deleted when freeing.
   at: ~Dependency (servers/rendering/storage/utilities.cpp:56)
WARNING: Leaked instance dependency: Bug - did not call instance_notify_deleted when freeing.
   at: ~Dependency (servers/rendering/storage/utilities.cpp:56)
WARNING: Leaked instance dependency: Bug - did not call instance_notify_deleted when freeing.
   at: ~Dependency (servers/rendering/storage/utilities.cpp:56)
WARNING: Leaked instance dependency: Bug - did not call instance_notify_deleted when freeing.
   at: ~Dependency (servers/rendering/storage/utilities.cpp:56)
WARNING: Leaked instance dependency: Bug - did not call instance_notify_deleted when freeing.
   at: ~Dependency (servers/rendering/storage/utilities.cpp:56)
WARNING: Leaked instance dependency: Bug - did not call instance_notify_deleted when freeing.
   at: ~Dependency (servers/rendering/storage/utilities.cpp:56)
WARNING: Leaked instance dependency: Bug - did not call instance_notify_deleted when freeing.
   at: ~Dependency (servers/rendering/storage/utilities.cpp:56)
WARNING: Leaked instance dependency: Bug - did not call instance_notify_deleted when freeing.
   at: ~Dependency (servers/rendering/storage/utilities.cpp:56)
WARNING: Leaked instance dependency: Bug - did not call instance_notify_deleted when freeing.
   at: ~Dependency (servers/rendering/storage/utilities.cpp:56)
WARNING: Leaked instance dependency: Bug - did not call instance_notify_deleted when freeing.
   at: ~Dependency (servers/rendering/storage/utilities.cpp:56)
WARNING: Leaked instance dependency: Bug - did not call instance_notify_deleted when freeing.
   at: ~Dependency (servers/rendering/storage/utilities.cpp:56)
WARNING: Leaked instance dependency: Bug - did not call instance_notify_deleted when freeing.
   at: ~Dependency (servers/rendering/storage/utilities.cpp:56)
WARNING: Leaked instance dependency: Bug - did not call instance_notify_deleted when freeing.
   at: ~Dependency (servers/rendering/storage/utilities.cpp:56)
WARNING: Leaked instance dependency: Bug - did not call instance_notify_deleted when freeing.
   at: ~Dependency (servers/rendering/storage/utilities.cpp:56)
WARNING: Leaked instance dependency: Bug - did not call instance_notify_deleted when freeing.
   at: ~Dependency (servers/rendering/storage/utilities.cpp:56)
WARNING: Leaked instance dependency: Bug - did not call instance_notify_deleted when freeing.
   at: ~Dependency (servers/rendering/storage/utilities.cpp:56)
WARNING: Leaked instance dependency: Bug - did not call instance_notify_deleted when freeing.
   at: ~Dependency (servers/rendering/storage/utilities.cpp:56)
WARNING: Leaked instance dependency: Bug - did not call instance_notify_deleted when freeing.
   at: ~Dependency (servers/rendering/storage/utilities.cpp:56)
WARNING: Leaked instance dependency: Bug - did not call instance_notify_deleted when freeing.
   at: ~Dependency (servers/rendering/storage/utilities.cpp:56)
WARNING: Leaked instance dependency: Bug - did not call instance_notify_deleted when freeing.
   at: ~Dependency (servers/rendering/storage/utilities.cpp:56)
WARNING: Leaked instance dependency: Bug - did not call instance_notify_deleted when freeing.
   at: ~Dependency (servers/rendering/storage/utilities.cpp:56)
WARNING: Leaked instance dependency: Bug - did not call instance_notify_deleted when freeing.
   at: ~Dependency (servers/rendering/storage/utilities.cpp:56)
WARNING: Leaked instance dependency: Bug - did not call instance_notify_deleted when freeing.
   at: ~Dependency (servers/rendering/storage/utilities.cpp:56)
WARNING: Leaked instance dependency: Bug - did not call instance_notify_deleted when freeing.
   at: ~Dependency (servers/rendering/storage/utilities.cpp:56)
WARNING: Leaked instance dependency: Bug - did not call instance_notify_deleted when freeing.
   at: ~Dependency (servers/rendering/storage/utilities.cpp:56)
WARNING: Leaked instance dependency: Bug - did not call instance_notify_deleted when freeing.
   at: ~Dependency (servers/rendering/storage/utilities.cpp:56)
WARNING: Leaked instance dependency: Bug - did not call instance_notify_deleted when freeing.
   at: ~Dependency (servers/rendering/storage/utilities.cpp:56)
WARNING: Leaked instance dependency: Bug - did not call instance_notify_deleted when freeing.
   at: ~Dependency (servers/rendering/storage/utilities.cpp:56)
WARNING: Leaked instance dependency: Bug - did not call instance_notify_deleted when freeing.
   at: ~Dependency (servers/rendering/storage/utilities.cpp:56)
WARNING: Leaked instance dependency: Bug - did not call instance_notify_deleted when freeing.
   at: ~Dependency (servers/rendering/storage/utilities.cpp:56)
WARNING: Leaked instance dependency: Bug - did not call instance_notify_deleted when freeing.
   at: ~Dependency (servers/rendering/storage/utilities.cpp:56)
WARNING: Leaked instance dependency: Bug - did not call instance_notify_deleted when freeing.
   at: ~Dependency (servers/rendering/storage/utilities.cpp:56)
WARNING: Leaked instance dependency: Bug - did not call instance_notify_deleted when freeing.
   at: ~Dependency (servers/rendering/storage/utilities.cpp:56)
WARNING: Leaked instance dependency: Bug - did not call instance_notify_deleted when freeing.
   at: ~Dependency (servers/rendering/storage/utilities.cpp:56)
WARNING: Leaked instance dependency: Bug - did not call instance_notify_deleted when freeing.
   at: ~Dependency (servers/rendering/storage/utilities.cpp:56)
WARNING: Leaked instance dependency: Bug - did not call instance_notify_deleted when freeing.
   at: ~Dependency (servers/rendering/storage/utilities.cpp:56)
WARNING: Leaked instance dependency: Bug - did not call instance_notify_deleted when freeing.
   at: ~Dependency (servers/rendering/storage/utilities.cpp:56)
WARNING: Leaked instance dependency: Bug - did not call instance_notify_deleted when freeing.
   at: ~Dependency (servers/rendering/storage/utilities.cpp:56)
WARNING: Leaked instance dependency: Bug - did not call instance_notify_deleted when freeing.
   at: ~Dependency (servers/rendering/storage/utilities.cpp:56)
WARNING: Leaked instance dependency: Bug - did not call instance_notify_deleted when freeing.
   at: ~Dependency (servers/rendering/storage/utilities.cpp:56)
WARNING: Leaked instance dependency: Bug - did not call instance_notify_deleted when freeing.
   at: ~Dependency (servers/rendering/storage/utilities.cpp:56)
WARNING: Leaked instance dependency: Bug - did not call instance_notify_deleted when freeing.
   at: ~Dependency (servers/rendering/storage/utilities.cpp:56)
WARNING: Leaked instance dependency: Bug - did not call instance_notify_deleted when freeing.
   at: ~Dependency (servers/rendering/storage/utilities.cpp:56)
WARNING: Leaked instance dependency: Bug - did not call instance_notify_deleted when freeing.
   at: ~Dependency (servers/rendering/storage/utilities.cpp:56)
WARNING: Leaked instance dependency: Bug - did not call instance_notify_deleted when freeing.
   at: ~Dependency (servers/rendering/storage/utilities.cpp:56)
WARNING: Leaked instance dependency: Bug - did not call instance_notify_deleted when freeing.
   at: ~Dependency (servers/rendering/storage/utilities.cpp:56)
WARNING: Leaked instance dependency: Bug - did not call instance_notify_deleted when freeing.
   at: ~Dependency (servers/rendering/storage/utilities.cpp:56)
WARNING: Leaked instance dependency: Bug - did not call instance_notify_deleted when freeing.
   at: ~Dependency (servers/rendering/storage/utilities.cpp:56)
WARNING: Leaked instance dependency: Bug - did not call instance_notify_deleted when freeing.
   at: ~Dependency (servers/rendering/storage/utilities.cpp:56)
WARNING: Leaked instance dependency: Bug - did not call instance_notify_deleted when freeing.
   at: ~Dependency (servers/rendering/storage/utilities.cpp:56)
WARNING: Leaked instance dependency: Bug - did not call instance_notify_deleted when freeing.
   at: ~Dependency (servers/rendering/storage/utilities.cpp:56)
WARNING: Leaked instance dependency: Bug - did not call instance_notify_deleted when freeing.
   at: ~Dependency (servers/rendering/storage/utilities.cpp:56)
WARNING: Leaked instance dependency: Bug - did not call instance_notify_deleted when freeing.
   at: ~Dependency (servers/rendering/storage/utilities.cpp:56)
WARNING: Leaked instance dependency: Bug - did not call instance_notify_deleted when freeing.
   at: ~Dependency (servers/rendering/storage/utilities.cpp:56)
WARNING: Leaked instance dependency: Bug - did not call instance_notify_deleted when freeing.
   at: ~Dependency (servers/rendering/storage/utilities.cpp:56)
WARNING: Leaked instance dependency: Bug - did not call instance_notify_deleted when freeing.
   at: ~Dependency (servers/rendering/storage/utilities.cpp:56)
WARNING: Leaked instance dependency: Bug - did not call instance_notify_deleted when freeing.
   at: ~Dependency (servers/rendering/storage/utilities.cpp:56)
WARNING: Leaked instance dependency: Bug - did not call instance_notify_deleted when freeing.
   at: ~Dependency (servers/rendering/storage/utilities.cpp:56)
WARNING: Leaked instance dependency: Bug - did not call instance_notify_deleted when freeing.
   at: ~Dependency (servers/rendering/storage/utilities.cpp:56)
WARNING: Leaked instance dependency: Bug - did not call instance_notify_deleted when freeing.
   at: ~Dependency (servers/rendering/storage/utilities.cpp:56)
WARNING: Leaked instance dependency: Bug - did not call instance_notify_deleted when freeing.
   at: ~Dependency (servers/rendering/storage/utilities.cpp:56)
WARNING: Leaked instance dependency: Bug - did not call instance_notify_deleted when freeing.
   at: ~Dependency (servers/rendering/storage/utilities.cpp:56)
WARNING: Leaked instance dependency: Bug - did not call instance_notify_deleted when freeing.
   at: ~Dependency (servers/rendering/storage/utilities.cpp:56)
WARNING: Leaked instance dependency: Bug - did not call instance_notify_deleted when freeing.
   at: ~Dependency (servers/rendering/storage/utilities.cpp:56)
WARNING: Leaked instance dependency: Bug - did not call instance_notify_deleted when freeing.
   at: ~Dependency (servers/rendering/storage/utilities.cpp:56)
WARNING: Leaked instance dependency: Bug - did not call instance_notify_deleted when freeing.
   at: ~Dependency (servers/rendering/storage/utilities.cpp:56)
WARNING: Leaked instance dependency: Bug - did not call instance_notify_deleted when freeing.
   at: ~Dependency (servers/rendering/storage/utilities.cpp:56)
WARNING: Leaked instance dependency: Bug - did not call instance_notify_deleted when freeing.
   at: ~Dependency (servers/rendering/storage/utilities.cpp:56)
WARNING: Leaked instance dependency: Bug - did not call instance_notify_deleted when freeing.
   at: ~Dependency (servers/rendering/storage/utilities.cpp:56)
WARNING: Leaked instance dependency: Bug - did not call instance_notify_deleted when freeing.
   at: ~Dependency (servers/rendering/storage/utilities.cpp:56)
WARNING: Leaked instance dependency: Bug - did not call instance_notify_deleted when freeing.
   at: ~Dependency (servers/rendering/storage/utilities.cpp:56)
WARNING: Leaked instance dependency: Bug - did not call instance_notify_deleted when freeing.
   at: ~Dependency (servers/rendering/storage/utilities.cpp:56)
WARNING: Leaked instance dependency: Bug - did not call instance_notify_deleted when freeing.
   at: ~Dependency (servers/rendering/storage/utilities.cpp:56)
WARNING: Leaked instance dependency: Bug - did not call instance_notify_deleted when freeing.
   at: ~Dependency (servers/rendering/storage/utilities.cpp:56)
WARNING: Leaked instance dependency: Bug - did not call instance_notify_deleted when freeing.
   at: ~Dependency (servers/rendering/storage/utilities.cpp:56)
WARNING: Leaked instance dependency: Bug - did not call instance_notify_deleted when freeing.
   at: ~Dependency (servers/rendering/storage/utilities.cpp:56)
WARNING: Leaked instance dependency: Bug - did not call instance_notify_deleted when freeing.
   at: ~Dependency (servers/rendering/storage/utilities.cpp:56)
WARNING: Leaked instance dependency: Bug - did not call instance_notify_deleted when freeing.
   at: ~Dependency (servers/rendering/storage/utilities.cpp:56)
WARNING: Leaked instance dependency: Bug - did not call instance_notify_deleted when freeing.
   at: ~Dependency (servers/rendering/storage/utilities.cpp:56)
WARNING: Leaked instance dependency: Bug - did not call instance_notify_deleted when freeing.
   at: ~Dependency (servers/rendering/storage/utilities.cpp:56)
WARNING: Leaked instance dependency: Bug - did not call instance_notify_deleted when freeing.
   at: ~Dependency (servers/rendering/storage/utilities.cpp:56)
WARNING: Leaked instance dependency: Bug - did not call instance_notify_deleted when freeing.
   at: ~Dependency (servers/rendering/storage/utilities.cpp:56)
WARNING: Leaked instance dependency: Bug - did not call instance_notify_deleted when freeing.
   at: ~Dependency (servers/rendering/storage/utilities.cpp:56)
WARNING: Leaked instance dependency: Bug - did not call instance_notify_deleted when freeing.
   at: ~Dependency (servers/rendering/storage/utilities.cpp:56)
WARNING: Leaked instance dependency: Bug - did not call instance_notify_deleted when freeing.
   at: ~Dependency (servers/rendering/storage/utilities.cpp:56)
WARNING: Leaked instance dependency: Bug - did not call instance_notify_deleted when freeing.
   at: ~Dependency (servers/rendering/storage/utilities.cpp:56)
WARNING: Leaked instance dependency: Bug - did not call instance_notify_deleted when freeing.
   at: ~Dependency (servers/rendering/storage/utilities.cpp:56)
WARNING: Leaked instance dependency: Bug - did not call instance_notify_deleted when freeing.
   at: ~Dependency (servers/rendering/storage/utilities.cpp:56)
WARNING: Leaked instance dependency: Bug - did not call instance_notify_deleted when freeing.
   at: ~Dependency (servers/rendering/storage/utilities.cpp:56)
WARNING: Leaked instance dependency: Bug - did not call instance_notify_deleted when freeing.
   at: ~Dependency (servers/rendering/storage/utilities.cpp:56)
WARNING: Leaked instance dependency: Bug - did not call instance_notify_deleted when freeing.
   at: ~Dependency (servers/rendering/storage/utilities.cpp:56)
WARNING: Leaked instance dependency: Bug - did not call instance_notify_deleted when freeing.
   at: ~Dependency (servers/rendering/storage/utilities.cpp:56)
WARNING: Leaked instance dependency: Bug - did not call instance_notify_deleted when freeing.
   at: ~Dependency (servers/rendering/storage/utilities.cpp:56)
WARNING: Leaked instance dependency: Bug - did not call instance_notify_deleted when freeing.
   at: ~Dependency (servers/rendering/storage/utilities.cpp:56)
WARNING: Leaked instance dependency: Bug - did not call instance_notify_deleted when freeing.
   at: ~Dependency (servers/rendering/storage/utilities.cpp:56)
WARNING: Leaked instance dependency: Bug - did not call instance_notify_deleted when freeing.
   at: ~Dependency (servers/rendering/storage/utilities.cpp:56)
WARNING: Leaked instance dependency: Bug - did not call instance_notify_deleted when freeing.
   at: ~Dependency (servers/rendering/storage/utilities.cpp:56)
WARNING: Leaked instance dependency: Bug - did not call instance_notify_deleted when freeing.
   at: ~Dependency (servers/rendering/storage/utilities.cpp:56)
WARNING: Leaked instance dependency: Bug - did not call instance_notify_deleted when freeing.
   at: ~Dependency (servers/rendering/storage/utilities.cpp:56)
WARNING: Leaked instance dependency: Bug - did not call instance_notify_deleted when freeing.
   at: ~Dependency (servers/rendering/storage/utilities.cpp:56)
WARNING: Leaked instance dependency: Bug - did not call instance_notify_deleted when freeing.
   at: ~Dependency (servers/rendering/storage/utilities.cpp:56)
WARNING: Leaked instance dependency: Bug - did not call instance_notify_deleted when freeing.
   at: ~Dependency (servers/rendering/storage/utilities.cpp:56)
WARNING: Leaked instance dependency: Bug - did not call instance_notify_deleted when freeing.
   at: ~Dependency (servers/rendering/storage/utilities.cpp:56)
WARNING: Leaked instance dependency: Bug - did not call instance_notify_deleted when freeing.
   at: ~Dependency (servers/rendering/storage/utilities.cpp:56)
WARNING: Leaked instance dependency: Bug - did not call instance_notify_deleted when freeing.
   at: ~Dependency (servers/rendering/storage/utilities.cpp:56)
WARNING: Leaked instance dependency: Bug - did not call instance_notify_deleted when freeing.
   at: ~Dependency (servers/rendering/storage/utilities.cpp:56)
WARNING: Leaked instance dependency: Bug - did not call instance_notify_deleted when freeing.
   at: ~Dependency (servers/rendering/storage/utilities.cpp:56)
WARNING: Leaked instance dependency: Bug - did not call instance_notify_deleted when freeing.
   at: ~Dependency (servers/rendering/storage/utilities.cpp:56)
WARNING: Leaked instance dependency: Bug - did not call instance_notify_deleted when freeing.
   at: ~Dependency (servers/rendering/storage/utilities.cpp:56)
WARNING: Leaked instance dependency: Bug - did not call instance_notify_deleted when freeing.
   at: ~Dependency (servers/rendering/storage/utilities.cpp:56)
WARNING: Leaked instance dependency: Bug - did not call instance_notify_deleted when freeing.
   at: ~Dependency (servers/rendering/storage/utilities.cpp:56)
WARNING: Leaked instance dependency: Bug - did not call instance_notify_deleted when freeing.
   at: ~Dependency (servers/rendering/storage/utilities.cpp:56)
WARNING: Leaked instance dependency: Bug - did not call instance_notify_deleted when freeing.
   at: ~Dependency (servers/rendering/storage/utilities.cpp:56)
WARNING: Leaked instance dependency: Bug - did not call instance_notify_deleted when freeing.
   at: ~Dependency (servers/rendering/storage/utilities.cpp:56)
WARNING: Leaked instance dependency: Bug - did not call instance_notify_deleted when freeing.
   at: ~Dependency (servers/rendering/storage/utilities.cpp:56)
WARNING: Leaked instance dependency: Bug - did not call instance_notify_deleted when freeing.
   at: ~Dependency (servers/rendering/storage/utilities.cpp:56)
WARNING: Leaked instance dependency: Bug - did not call instance_notify_deleted when freeing.
   at: ~Dependency (servers/rendering/storage/utilities.cpp:56)
WARNING: Leaked instance dependency: Bug - did not call instance_notify_deleted when freeing.
   at: ~Dependency (servers/rendering/storage/utilities.cpp:56)
WARNING: Leaked instance dependency: Bug - did not call instance_notify_deleted when freeing.
   at: ~Dependency (servers/rendering/storage/utilities.cpp:56)
WARNING: Leaked instance dependency: Bug - did not call instance_notify_deleted when freeing.
   at: ~Dependency (servers/rendering/storage/utilities.cpp:56)
WARNING: Leaked instance dependency: Bug - did not call instance_notify_deleted when freeing.
   at: ~Dependency (servers/rendering/storage/utilities.cpp:56)
WARNING: Leaked instance dependency: Bug - did not call instance_notify_deleted when freeing.
   at: ~Dependency (servers/rendering/storage/utilities.cpp:56)
WARNING: Leaked instance dependency: Bug - did not call instance_notify_deleted when freeing.
   at: ~Dependency (servers/rendering/storage/utilities.cpp:56)
WARNING: Leaked instance dependency: Bug - did not call instance_notify_deleted when freeing.
   at: ~Dependency (servers/rendering/storage/utilities.cpp:56)
WARNING: Leaked instance dependency: Bug - did not call instance_notify_deleted when freeing.
   at: ~Dependency (servers/rendering/storage/utilities.cpp:56)
WARNING: Leaked instance dependency: Bug - did not call instance_notify_deleted when freeing.
   at: ~Dependency (servers/rendering/storage/utilities.cpp:56)
WARNING: Leaked instance dependency: Bug - did not call instance_notify_deleted when freeing.
   at: ~Dependency (servers/rendering/storage/utilities.cpp:56)
WARNING: Leaked instance dependency: Bug - did not call instance_notify_deleted when freeing.
   at: ~Dependency (servers/rendering/storage/utilities.cpp:56)
WARNING: Leaked instance dependency: Bug - did not call instance_notify_deleted when freeing.
   at: ~Dependency (servers/rendering/storage/utilities.cpp:56)
WARNING: Leaked instance dependency: Bug - did not call instance_notify_deleted when freeing.
   at: ~Dependency (servers/rendering/storage/utilities.cpp:56)
WARNING: Leaked instance dependency: Bug - did not call instance_notify_deleted when freeing.
   at: ~Dependency (servers/rendering/storage/utilities.cpp:56)
WARNING: Leaked instance dependency: Bug - did not call instance_notify_deleted when freeing.
   at: ~Dependency (servers/rendering/storage/utilities.cpp:56)
WARNING: Leaked instance dependency: Bug - did not call instance_notify_deleted when freeing.
   at: ~Dependency (servers/rendering/storage/utilities.cpp:56)
WARNING: Leaked instance dependency: Bug - did not call instance_notify_deleted when freeing.
   at: ~Dependency (servers/rendering/storage/utilities.cpp:56)
WARNING: Leaked instance dependency: Bug - did not call instance_notify_deleted when freeing.
   at: ~Dependency (servers/rendering/storage/utilities.cpp:56)
WARNING: Leaked instance dependency: Bug - did not call instance_notify_deleted when freeing.
   at: ~Dependency (servers/rendering/storage/utilities.cpp:56)
WARNING: Leaked instance dependency: Bug - did not call instance_notify_deleted when freeing.
   at: ~Dependency (servers/rendering/storage/utilities.cpp:56)
WARNING: Leaked instance dependency: Bug - did not call instance_notify_deleted when freeing.
   at: ~Dependency (servers/rendering/storage/utilities.cpp:56)
WARNING: Leaked instance dependency: Bug - did not call instance_notify_deleted when freeing.
   at: ~Dependency (servers/rendering/storage/utilities.cpp:56)
WARNING: Leaked instance dependency: Bug - did not call instance_notify_deleted when freeing.
   at: ~Dependency (servers/rendering/storage/utilities.cpp:56)
WARNING: Leaked instance dependency: Bug - did not call instance_notify_deleted when freeing.
   at: ~Dependency (servers/rendering/storage/utilities.cpp:56)
WARNING: Leaked instance dependency: Bug - did not call instance_notify_deleted when freeing.
   at: ~Dependency (servers/rendering/storage/utilities.cpp:56)
WARNING: Leaked instance dependency: Bug - did not call instance_notify_deleted when freeing.
   at: ~Dependency (servers/rendering/storage/utilities.cpp:56)
WARNING: Leaked instance dependency: Bug - did not call instance_notify_deleted when freeing.
   at: ~Dependency (servers/rendering/storage/utilities.cpp:56)
WARNING: Leaked instance dependency: Bug - did not call instance_notify_deleted when freeing.
   at: ~Dependency (servers/rendering/storage/utilities.cpp:56)
WARNING: Leaked instance dependency: Bug - did not call instance_notify_deleted when freeing.
   at: ~Dependency (servers/rendering/storage/utilities.cpp:56)
WARNING: Leaked instance dependency: Bug - did not call instance_notify_deleted when freeing.
   at: ~Dependency (servers/rendering/storage/utilities.cpp:56)
WARNING: Leaked instance dependency: Bug - did not call instance_notify_deleted when freeing.
   at: ~Dependency (servers/rendering/storage/utilities.cpp:56)
WARNING: Leaked instance dependency: Bug - did not call instance_notify_deleted when freeing.
   at: ~Dependency (servers/rendering/storage/utilities.cpp:56)
WARNING: Leaked instance dependency: Bug - did not call instance_notify_deleted when freeing.
   at: ~Dependency (servers/rendering/storage/utilities.cpp:56)
WARNING: Leaked instance dependency: Bug - did not call instance_notify_deleted when freeing.
   at: ~Dependency (servers/rendering/storage/utilities.cpp:56)
WARNING: Leaked instance dependency: Bug - did not call instance_notify_deleted when freeing.
   at: ~Dependency (servers/rendering/storage/utilities.cpp:56)
WARNING: Leaked instance dependency: Bug - did not call instance_notify_deleted when freeing.
   at: ~Dependency (servers/rendering/storage/utilities.cpp:56)
WARNING: Leaked instance dependency: Bug - did not call instance_notify_deleted when freeing.
   at: ~Dependency (servers/rendering/storage/utilities.cpp:56)
WARNING: Leaked instance dependency: Bug - did not call instance_notify_deleted when freeing.
   at: ~Dependency (servers/rendering/storage/utilities.cpp:56)
WARNING: Leaked instance dependency: Bug - did not call instance_notify_deleted when freeing.
   at: ~Dependency (servers/rendering/storage/utilities.cpp:56)
WARNING: Leaked instance dependency: Bug - did not call instance_notify_deleted when freeing.
   at: ~Dependency (servers/rendering/storage/utilities.cpp:56)
WARNING: Leaked instance dependency: Bug - did not call instance_notify_deleted when freeing.
   at: ~Dependency (servers/rendering/storage/utilities.cpp:56)
WARNING: Leaked instance dependency: Bug - did not call instance_notify_deleted when freeing.
   at: ~Dependency (servers/rendering/storage/utilities.cpp:56)
WARNING: Leaked instance dependency: Bug - did not call instance_notify_deleted when freeing.
   at: ~Dependency (servers/rendering/storage/utilities.cpp:56)
WARNING: Leaked instance dependency: Bug - did not call instance_notify_deleted when freeing.
   at: ~Dependency (servers/rendering/storage/utilities.cpp:56)
WARNING: Leaked instance dependency: Bug - did not call instance_notify_deleted when freeing.
   at: ~Dependency (servers/rendering/storage/utilities.cpp:56)
WARNING: Leaked instance dependency: Bug - did not call instance_notify_deleted when freeing.
   at: ~Dependency (servers/rendering/storage/utilities.cpp:56)
WARNING: Leaked instance dependency: Bug - did not call instance_notify_deleted when freeing.
   at: ~Dependency (servers/rendering/storage/utilities.cpp:56)
WARNING: Leaked instance dependency: Bug - did not call instance_notify_deleted when freeing.
   at: ~Dependency (servers/rendering/storage/utilities.cpp:56)
WARNING: Leaked instance dependency: Bug - did not call instance_notify_deleted when freeing.
   at: ~Dependency (servers/rendering/storage/utilities.cpp:56)
WARNING: Leaked instance dependency: Bug - did not call instance_notify_deleted when freeing.
   at: ~Dependency (servers/rendering/storage/utilities.cpp:56)
WARNING: Leaked instance dependency: Bug - did not call instance_notify_deleted when freeing.
   at: ~Dependency (servers/rendering/storage/utilities.cpp:56)
WARNING: Leaked instance dependency: Bug - did not call instance_notify_deleted when freeing.
   at: ~Dependency (servers/rendering/storage/utilities.cpp:56)
WARNING: Leaked instance dependency: Bug - did not call instance_notify_deleted when freeing.
   at: ~Dependency (servers/rendering/storage/utilities.cpp:56)
WARNING: Leaked instance dependency: Bug - did not call instance_notify_deleted when freeing.
   at: ~Dependency (servers/rendering/storage/utilities.cpp:56)
WARNING: Leaked instance dependency: Bug - did not call instance_notify_deleted when freeing.
   at: ~Dependency (servers/rendering/storage/utilities.cpp:56)
WARNING: Leaked instance dependency: Bug - did not call instance_notify_deleted when freeing.
   at: ~Dependency (servers/rendering/storage/utilities.cpp:56)
WARNING: Leaked instance dependency: Bug - did not call instance_notify_deleted when freeing.
   at: ~Dependency (servers/rendering/storage/utilities.cpp:56)
WARNING: Leaked instance dependency: Bug - did not call instance_notify_deleted when freeing.
   at: ~Dependency (servers/rendering/storage/utilities.cpp:56)
WARNING: Leaked instance dependency: Bug - did not call instance_notify_deleted when freeing.
   at: ~Dependency (servers/rendering/storage/utilities.cpp:56)
WARNING: Leaked instance dependency: Bug - did not call instance_notify_deleted when freeing.
   at: ~Dependency (servers/rendering/storage/utilities.cpp:56)
WARNING: Leaked instance dependency: Bug - did not call instance_notify_deleted when freeing.
   at: ~Dependency (servers/rendering/storage/utilities.cpp:56)
WARNING: Leaked instance dependency: Bug - did not call instance_notify_deleted when freeing.
   at: ~Dependency (servers/rendering/storage/utilities.cpp:56)
WARNING: Leaked instance dependency: Bug - did not call instance_notify_deleted when freeing.
   at: ~Dependency (servers/rendering/storage/utilities.cpp:56)
WARNING: Leaked instance dependency: Bug - did not call instance_notify_deleted when freeing.
   at: ~Dependency (servers/rendering/storage/utilities.cpp:56)
WARNING: Leaked instance dependency: Bug - did not call instance_notify_deleted when freeing.
   at: ~Dependency (servers/rendering/storage/utilities.cpp:56)
WARNING: Leaked instance dependency: Bug - did not call instance_notify_deleted when freeing.
   at: ~Dependency (servers/rendering/storage/utilities.cpp:56)
WARNING: Leaked instance dependency: Bug - did not call instance_notify_deleted when freeing.
   at: ~Dependency (servers/rendering/storage/utilities.cpp:56)
WARNING: Leaked instance dependency: Bug - did not call instance_notify_deleted when freeing.
   at: ~Dependency (servers/rendering/storage/utilities.cpp:56)
WARNING: Leaked instance dependency: Bug - did not call instance_notify_deleted when freeing.
   at: ~Dependency (servers/rendering/storage/utilities.cpp:56)
WARNING: Leaked instance dependency: Bug - did not call instance_notify_deleted when freeing.
   at: ~Dependency (servers/rendering/storage/utilities.cpp:56)
WARNING: Leaked instance dependency: Bug - did not call instance_notify_deleted when freeing.
   at: ~Dependency (servers/rendering/storage/utilities.cpp:56)
WARNING: Leaked instance dependency: Bug - did not call instance_notify_deleted when freeing.
   at: ~Dependency (servers/rendering/storage/utilities.cpp:56)
WARNING: Leaked instance dependency: Bug - did not call instance_notify_deleted when freeing.
   at: ~Dependency (servers/rendering/storage/utilities.cpp:56)
WARNING: Leaked instance dependency: Bug - did not call instance_notify_deleted when freeing.
   at: ~Dependency (servers/rendering/storage/utilities.cpp:56)
WARNING: Leaked instance dependency: Bug - did not call instance_notify_deleted when freeing.
   at: ~Dependency (servers/rendering/storage/utilities.cpp:56)
WARNING: Leaked instance dependency: Bug - did not call instance_notify_deleted when freeing.
   at: ~Dependency (servers/rendering/storage/utilities.cpp:56)
WARNING: Leaked instance dependency: Bug - did not call instance_notify_deleted when freeing.
   at: ~Dependency (servers/rendering/storage/utilities.cpp:56)
WARNING: Leaked instance dependency: Bug - did not call instance_notify_deleted when freeing.
   at: ~Dependency (servers/rendering/storage/utilities.cpp:56)
WARNING: Leaked instance dependency: Bug - did not call instance_notify_deleted when freeing.
   at: ~Dependency (servers/rendering/storage/utilities.cpp:56)
WARNING: Leaked instance dependency: Bug - did not call instance_notify_deleted when freeing.
   at: ~Dependency (servers/rendering/storage/utilities.cpp:56)
WARNING: Leaked instance dependency: Bug - did not call instance_notify_deleted when freeing.
   at: ~Dependency (servers/rendering/storage/utilities.cpp:56)
WARNING: Leaked instance dependency: Bug - did not call instance_notify_deleted when freeing.
   at: ~Dependency (servers/rendering/storage/utilities.cpp:56)
WARNING: Leaked instance dependency: Bug - did not call instance_notify_deleted when freeing.
   at: ~Dependency (servers/rendering/storage/utilities.cpp:56)
WARNING: Leaked instance dependency: Bug - did not call instance_notify_deleted when freeing.
   at: ~Dependency (servers/rendering/storage/utilities.cpp:56)
WARNING: Leaked instance dependency: Bug - did not call instance_notify_deleted when freeing.
   at: ~Dependency (servers/rendering/storage/utilities.cpp:56)
WARNING: Leaked instance dependency: Bug - did not call instance_notify_deleted when freeing.
   at: ~Dependency (servers/rendering/storage/utilities.cpp:56)
WARNING: Leaked instance dependency: Bug - did not call instance_notify_deleted when freeing.
   at: ~Dependency (servers/rendering/storage/utilities.cpp:56)
WARNING: Leaked instance dependency: Bug - did not call instance_notify_deleted when freeing.
   at: ~Dependency (servers/rendering/storage/utilities.cpp:56)
WARNING: Leaked instance dependency: Bug - did not call instance_notify_deleted when freeing.
   at: ~Dependency (servers/rendering/storage/utilities.cpp:56)
WARNING: Leaked instance dependency: Bug - did not call instance_notify_deleted when freeing.
   at: ~Dependency (servers/rendering/storage/utilities.cpp:56)
WARNING: Leaked instance dependency: Bug - did not call instance_notify_deleted when freeing.
   at: ~Dependency (servers/rendering/storage/utilities.cpp:56)
WARNING: Leaked instance dependency: Bug - did not call instance_notify_deleted when freeing.
   at: ~Dependency (servers/rendering/storage/utilities.cpp:56)
WARNING: Leaked instance dependency: Bug - did not call instance_notify_deleted when freeing.
   at: ~Dependency (servers/rendering/storage/utilities.cpp:56)
WARNING: Leaked instance dependency: Bug - did not call instance_notify_deleted when freeing.
   at: ~Dependency (servers/rendering/storage/utilities.cpp:56)
WARNING: Leaked instance dependency: Bug - did not call instance_notify_deleted when freeing.
   at: ~Dependency (servers/rendering/storage/utilities.cpp:56)
WARNING: Leaked instance dependency: Bug - did not call instance_notify_deleted when freeing.
   at: ~Dependency (servers/rendering/storage/utilities.cpp:56)
WARNING: Leaked instance dependency: Bug - did not call instance_notify_deleted when freeing.
   at: ~Dependency (servers/rendering/storage/utilities.cpp:56)
WARNING: Leaked instance dependency: Bug - did not call instance_notify_deleted when freeing.
   at: ~Dependency (servers/rendering/storage/utilities.cpp:56)
WARNING: Leaked instance dependency: Bug - did not call instance_notify_deleted when freeing.
   at: ~Dependency (servers/rendering/storage/utilities.cpp:56)
WARNING: Leaked instance dependency: Bug - did not call instance_notify_deleted when freeing.
   at: ~Dependency (servers/rendering/storage/utilities.cpp:56)
WARNING: Leaked instance dependency: Bug - did not call instance_notify_deleted when freeing.
   at: ~Dependency (servers/rendering/storage/utilities.cpp:56)
WARNING: Leaked instance dependency: Bug - did not call instance_notify_deleted when freeing.
   at: ~Dependency (servers/rendering/storage/utilities.cpp:56)
WARNING: Leaked instance dependency: Bug - did not call instance_notify_deleted when freeing.
   at: ~Dependency (servers/rendering/storage/utilities.cpp:56)
WARNING: Leaked instance dependency: Bug - did not call instance_notify_deleted when freeing.
   at: ~Dependency (servers/rendering/storage/utilities.cpp:56)
WARNING: Leaked instance dependency: Bug - did not call instance_notify_deleted when freeing.
   at: ~Dependency (servers/rendering/storage/utilities.cpp:56)
WARNING: Leaked instance dependency: Bug - did not call instance_notify_deleted when freeing.
   at: ~Dependency (servers/rendering/storage/utilities.cpp:56)
WARNING: Leaked instance dependency: Bug - did not call instance_notify_deleted when freeing.
   at: ~Dependency (servers/rendering/storage/utilities.cpp:56)
WARNING: Leaked instance dependency: Bug - did not call instance_notify_deleted when freeing.
   at: ~Dependency (servers/rendering/storage/utilities.cpp:56)
WARNING: Leaked instance dependency: Bug - did not call instance_notify_deleted when freeing.
   at: ~Dependency (servers/rendering/storage/utilities.cpp:56)
WARNING: Leaked instance dependency: Bug - did not call instance_notify_deleted when freeing.
   at: ~Dependency (servers/rendering/storage/utilities.cpp:56)
WARNING: Leaked instance dependency: Bug - did not call instance_notify_deleted when freeing.
   at: ~Dependency (servers/rendering/storage/utilities.cpp:56)
WARNING: Leaked instance dependency: Bug - did not call instance_notify_deleted when freeing.
   at: ~Dependency (servers/rendering/storage/utilities.cpp:56)
WARNING: Leaked instance dependency: Bug - did not call instance_notify_deleted when freeing.
   at: ~Dependency (servers/rendering/storage/utilities.cpp:56)
WARNING: Leaked instance dependency: Bug - did not call instance_notify_deleted when freeing.
   at: ~Dependency (servers/rendering/storage/utilities.cpp:56)
WARNING: Leaked instance dependency: Bug - did not call instance_notify_deleted when freeing.
   at: ~Dependency (servers/rendering/storage/utilities.cpp:56)
WARNING: Leaked instance dependency: Bug - did not call instance_notify_deleted when freeing.
   at: ~Dependency (servers/rendering/storage/utilities.cpp:56)
WARNING: Leaked instance dependency: Bug - did not call instance_notify_deleted when freeing.
   at: ~Dependency (servers/rendering/storage/utilities.cpp:56)
WARNING: Leaked instance dependency: Bug - did not call instance_notify_deleted when freeing.
   at: ~Dependency (servers/rendering/storage/utilities.cpp:56)
WARNING: Leaked instance dependency: Bug - did not call instance_notify_deleted when freeing.
   at: ~Dependency (servers/rendering/storage/utilities.cpp:56)
WARNING: Leaked instance dependency: Bug - did not call instance_notify_deleted when freeing.
   at: ~Dependency (servers/rendering/storage/utilities.cpp:56)
WARNING: Leaked instance dependency: Bug - did not call instance_notify_deleted when freeing.
   at: ~Dependency (servers/rendering/storage/utilities.cpp:56)
WARNING: Leaked instance dependency: Bug - did not call instance_notify_deleted when freeing.
   at: ~Dependency (servers/rendering/storage/utilities.cpp:56)
WARNING: Leaked instance dependency: Bug - did not call instance_notify_deleted when freeing.
   at: ~Dependency (servers/rendering/storage/utilities.cpp:56)
WARNING: Leaked instance dependency: Bug - did not call instance_notify_deleted when freeing.
   at: ~Dependency (servers/rendering/storage/utilities.cpp:56)
WARNING: Leaked instance dependency: Bug - did not call instance_notify_deleted when freeing.
   at: ~Dependency (servers/rendering/storage/utilities.cpp:56)
WARNING: Leaked instance dependency: Bug - did not call instance_notify_deleted when freeing.
   at: ~Dependency (servers/rendering/storage/utilities.cpp:56)
WARNING: Leaked instance dependency: Bug - did not call instance_notify_deleted when freeing.
   at: ~Dependency (servers/rendering/storage/utilities.cpp:56)
WARNING: Leaked instance dependency: Bug - did not call instance_notify_deleted when freeing.
   at: ~Dependency (servers/rendering/storage/utilities.cpp:56)
WARNING: Leaked instance dependency: Bug - did not call instance_notify_deleted when freeing.
   at: ~Dependency (servers/rendering/storage/utilities.cpp:56)
WARNING: Leaked instance dependency: Bug - did not call instance_notify_deleted when freeing.
   at: ~Dependency (servers/rendering/storage/utilities.cpp:56)
WARNING: Leaked instance dependency: Bug - did not call instance_notify_deleted when freeing.
   at: ~Dependency (servers/rendering/storage/utilities.cpp:56)
WARNING: Leaked instance dependency: Bug - did not call instance_notify_deleted when freeing.
   at: ~Dependency (servers/rendering/storage/utilities.cpp:56)
WARNING: Leaked instance dependency: Bug - did not call instance_notify_deleted when freeing.
   at: ~Dependency (servers/rendering/storage/utilities.cpp:56)
WARNING: Leaked instance dependency: Bug - did not call instance_notify_deleted when freeing.
   at: ~Dependency (servers/rendering/storage/utilities.cpp:56)
WARNING: Leaked instance dependency: Bug - did not call instance_notify_deleted when freeing.
   at: ~Dependency (servers/rendering/storage/utilities.cpp:56)
WARNING: Leaked instance dependency: Bug - did not call instance_notify_deleted when freeing.
   at: ~Dependency (servers/rendering/storage/utilities.cpp:56)
WARNING: Leaked instance dependency: Bug - did not call instance_notify_deleted when freeing.
   at: ~Dependency (servers/rendering/storage/utilities.cpp:56)
WARNING: Leaked instance dependency: Bug - did not call instance_notify_deleted when freeing.
   at: ~Dependency (servers/rendering/storage/utilities.cpp:56)
WARNING: Leaked instance dependency: Bug - did not call instance_notify_deleted when freeing.
   at: ~Dependency (servers/rendering/storage/utilities.cpp:56)
WARNING: Leaked instance dependency: Bug - did not call instance_notify_deleted when freeing.
   at: ~Dependency (servers/rendering/storage/utilities.cpp:56)
WARNING: Leaked instance dependency: Bug - did not call instance_notify_deleted when freeing.
   at: ~Dependency (servers/rendering/storage/utilities.cpp:56)
WARNING: Leaked instance dependency: Bug - did not call instance_notify_deleted when freeing.
   at: ~Dependency (servers/rendering/storage/utilities.cpp:56)
WARNING: Leaked instance dependency: Bug - did not call instance_notify_deleted when freeing.
   at: ~Dependency (servers/rendering/storage/utilities.cpp:56)
WARNING: Leaked instance dependency: Bug - did not call instance_notify_deleted when freeing.
   at: ~Dependency (servers/rendering/storage/utilities.cpp:56)
WARNING: Leaked instance dependency: Bug - did not call instance_notify_deleted when freeing.
   at: ~Dependency (servers/rendering/storage/utilities.cpp:56)
WARNING: Leaked instance dependency: Bug - did not call instance_notify_deleted when freeing.
   at: ~Dependency (servers/rendering/storage/utilities.cpp:56)
WARNING: Leaked instance dependency: Bug - did not call instance_notify_deleted when freeing.
   at: ~Dependency (servers/rendering/storage/utilities.cpp:56)
WARNING: Leaked instance dependency: Bug - did not call instance_notify_deleted when freeing.
   at: ~Dependency (servers/rendering/storage/utilities.cpp:56)
WARNING: Leaked instance dependency: Bug - did not call instance_notify_deleted when freeing.
   at: ~Dependency (servers/rendering/storage/utilities.cpp:56)
WARNING: Leaked instance dependency: Bug - did not call instance_notify_deleted when freeing.
   at: ~Dependency (servers/rendering/storage/utilities.cpp:56)
WARNING: Leaked instance dependency: Bug - did not call instance_notify_deleted when freeing.
   at: ~Dependency (servers/rendering/storage/utilities.cpp:56)
WARNING: Leaked instance dependency: Bug - did not call instance_notify_deleted when freeing.
   at: ~Dependency (servers/rendering/storage/utilities.cpp:56)
WARNING: Leaked instance dependency: Bug - did not call instance_notify_deleted when freeing.
   at: ~Dependency (servers/rendering/storage/utilities.cpp:56)
WARNING: Leaked instance dependency: Bug - did not call instance_notify_deleted when freeing.
   at: ~Dependency (servers/rendering/storage/utilities.cpp:56)
WARNING: Leaked instance dependency: Bug - did not call instance_notify_deleted when freeing.
   at: ~Dependency (servers/rendering/storage/utilities.cpp:56)
WARNING: Leaked instance dependency: Bug - did not call instance_notify_deleted when freeing.
   at: ~Dependency (servers/rendering/storage/utilities.cpp:56)
WARNING: Leaked instance dependency: Bug - did not call instance_notify_deleted when freeing.
   at: ~Dependency (servers/rendering/storage/utilities.cpp:56)
WARNING: Leaked instance dependency: Bug - did not call instance_notify_deleted when freeing.
   at: ~Dependency (servers/rendering/storage/utilities.cpp:56)
WARNING: Leaked instance dependency: Bug - did not call instance_notify_deleted when freeing.
   at: ~Dependency (servers/rendering/storage/utilities.cpp:56)
WARNING: Leaked instance dependency: Bug - did not call instance_notify_deleted when freeing.
   at: ~Dependency (servers/rendering/storage/utilities.cpp:56)
WARNING: Leaked instance dependency: Bug - did not call instance_notify_deleted when freeing.
   at: ~Dependency (servers/rendering/storage/utilities.cpp:56)
WARNING: Leaked instance dependency: Bug - did not call instance_notify_deleted when freeing.
   at: ~Dependency (servers/rendering/storage/utilities.cpp:56)
WARNING: Leaked instance dependency: Bug - did not call instance_notify_deleted when freeing.
   at: ~Dependency (servers/rendering/storage/utilities.cpp:56)
WARNING: Leaked instance dependency: Bug - did not call instance_notify_deleted when freeing.
   at: ~Dependency (servers/rendering/storage/utilities.cpp:56)
WARNING: Leaked instance dependency: Bug - did not call instance_notify_deleted when freeing.
   at: ~Dependency (servers/rendering/storage/utilities.cpp:56)
WARNING: Leaked instance dependency: Bug - did not call instance_notify_deleted when freeing.
   at: ~Dependency (servers/rendering/storage/utilities.cpp:56)
WARNING: Leaked instance dependency: Bug - did not call instance_notify_deleted when freeing.
   at: ~Dependency (servers/rendering/storage/utilities.cpp:56)
WARNING: Leaked instance dependency: Bug - did not call instance_notify_deleted when freeing.
   at: ~Dependency (servers/rendering/storage/utilities.cpp:56)
WARNING: Leaked instance dependency: Bug - did not call instance_notify_deleted when freeing.
   at: ~Dependency (servers/rendering/storage/utilities.cpp:56)
WARNING: Leaked instance dependency: Bug - did not call instance_notify_deleted when freeing.
   at: ~Dependency (servers/rendering/storage/utilities.cpp:56)
WARNING: Leaked instance dependency: Bug - did not call instance_notify_deleted when freeing.
   at: ~Dependency (servers/rendering/storage/utilities.cpp:56)
WARNING: Leaked instance dependency: Bug - did not call instance_notify_deleted when freeing.
   at: ~Dependency (servers/rendering/storage/utilities.cpp:56)
WARNING: Leaked instance dependency: Bug - did not call instance_notify_deleted when freeing.
   at: ~Dependency (servers/rendering/storage/utilities.cpp:56)
WARNING: Leaked instance dependency: Bug - did not call instance_notify_deleted when freeing.
   at: ~Dependency (servers/rendering/storage/utilities.cpp:56)
WARNING: Leaked instance dependency: Bug - did not call instance_notify_deleted when freeing.
   at: ~Dependency (servers/rendering/storage/utilities.cpp:56)
WARNING: Leaked instance dependency: Bug - did not call instance_notify_deleted when freeing.
   at: ~Dependency (servers/rendering/storage/utilities.cpp:56)
WARNING: Leaked instance dependency: Bug - did not call instance_notify_deleted when freeing.
   at: ~Dependency (servers/rendering/storage/utilities.cpp:56)
WARNING: Leaked instance dependency: Bug - did not call instance_notify_deleted when freeing.
   at: ~Dependency (servers/rendering/storage/utilities.cpp:56)
WARNING: Leaked instance dependency: Bug - did not call instance_notify_deleted when freeing.
   at: ~Dependency (servers/rendering/storage/utilities.cpp:56)
WARNING: Leaked instance dependency: Bug - did not call instance_notify_deleted when freeing.
   at: ~Dependency (servers/rendering/storage/utilities.cpp:56)
WARNING: Leaked instance dependency: Bug - did not call instance_notify_deleted when freeing.
   at: ~Dependency (servers/rendering/storage/utilities.cpp:56)
WARNING: Leaked instance dependency: Bug - did not call instance_notify_deleted when freeing.
   at: ~Dependency (servers/rendering/storage/utilities.cpp:56)
WARNING: Leaked instance dependency: Bug - did not call instance_notify_deleted when freeing.
   at: ~Dependency (servers/rendering/storage/utilities.cpp:56)
WARNING: Leaked instance dependency: Bug - did not call instance_notify_deleted when freeing.
   at: ~Dependency (servers/rendering/storage/utilities.cpp:56)
WARNING: Leaked instance dependency: Bug - did not call instance_notify_deleted when freeing.
   at: ~Dependency (servers/rendering/storage/utilities.cpp:56)
WARNING: Leaked instance dependency: Bug - did not call instance_notify_deleted when freeing.
   at: ~Dependency (servers/rendering/storage/utilities.cpp:56)
WARNING: Leaked instance dependency: Bug - did not call instance_notify_deleted when freeing.
   at: ~Dependency (servers/rendering/storage/utilities.cpp:56)
WARNING: Leaked instance dependency: Bug - did not call instance_notify_deleted when freeing.
   at: ~Dependency (servers/rendering/storage/utilities.cpp:56)
WARNING: Leaked instance dependency: Bug - did not call instance_notify_deleted when freeing.
   at: ~Dependency (servers/rendering/storage/utilities.cpp:56)
WARNING: Leaked instance dependency: Bug - did not call instance_notify_deleted when freeing.
   at: ~Dependency (servers/rendering/storage/utilities.cpp:56)
WARNING: Leaked instance dependency: Bug - did not call instance_notify_deleted when freeing.
   at: ~Dependency (servers/rendering/storage/utilities.cpp:56)
WARNING: Leaked instance dependency: Bug - did not call instance_notify_deleted when freeing.
   at: ~Dependency (servers/rendering/storage/utilities.cpp:56)
WARNING: Leaked instance dependency: Bug - did not call instance_notify_deleted when freeing.
   at: ~Dependency (servers/rendering/storage/utilities.cpp:56)
WARNING: Leaked instance dependency: Bug - did not call instance_notify_deleted when freeing.
   at: ~Dependency (servers/rendering/storage/utilities.cpp:56)
WARNING: Leaked instance dependency: Bug - did not call instance_notify_deleted when freeing.
   at: ~Dependency (servers/rendering/storage/utilities.cpp:56)
WARNING: Leaked instance dependency: Bug - did not call instance_notify_deleted when freeing.
   at: ~Dependency (servers/rendering/storage/utilities.cpp:56)
WARNING: Leaked instance dependency: Bug - did not call instance_notify_deleted when freeing.
   at: ~Dependency (servers/rendering/storage/utilities.cpp:56)
WARNING: Leaked instance dependency: Bug - did not call instance_notify_deleted when freeing.
   at: ~Dependency (servers/rendering/storage/utilities.cpp:56)
WARNING: Leaked instance dependency: Bug - did not call instance_notify_deleted when freeing.
   at: ~Dependency (servers/rendering/storage/utilities.cpp:56)
WARNING: Leaked instance dependency: Bug - did not call instance_notify_deleted when freeing.
   at: ~Dependency (servers/rendering/storage/utilities.cpp:56)
WARNING: Leaked instance dependency: Bug - did not call instance_notify_deleted when freeing.
   at: ~Dependency (servers/rendering/storage/utilities.cpp:56)
WARNING: Leaked instance dependency: Bug - did not call instance_notify_deleted when freeing.
   at: ~Dependency (servers/rendering/storage/utilities.cpp:56)
WARNING: Leaked instance dependency: Bug - did not call instance_notify_deleted when freeing.
   at: ~Dependency (servers/rendering/storage/utilities.cpp:56)
WARNING: Leaked instance dependency: Bug - did not call instance_notify_deleted when freeing.
   at: ~Dependency (servers/rendering/storage/utilities.cpp:56)
WARNING: Leaked instance dependency: Bug - did not call instance_notify_deleted when freeing.
   at: ~Dependency (servers/rendering/storage/utilities.cpp:56)
WARNING: Leaked instance dependency: Bug - did not call instance_notify_deleted when freeing.
   at: ~Dependency (servers/rendering/storage/utilities.cpp:56)
WARNING: Leaked instance dependency: Bug - did not call instance_notify_deleted when freeing.
   at: ~Dependency (servers/rendering/storage/utilities.cpp:56)
WARNING: Leaked instance dependency: Bug - did not call instance_notify_deleted when freeing.
   at: ~Dependency (servers/rendering/storage/utilities.cpp:56)
WARNING: Leaked instance dependency: Bug - did not call instance_notify_deleted when freeing.
   at: ~Dependency (servers/rendering/storage/utilities.cpp:56)
WARNING: Leaked instance dependency: Bug - did not call instance_notify_deleted when freeing.
   at: ~Dependency (servers/rendering/storage/utilities.cpp:56)
WARNING: Leaked instance dependency: Bug - did not call instance_notify_deleted when freeing.
   at: ~Dependency (servers/rendering/storage/utilities.cpp:56)
WARNING: Leaked instance dependency: Bug - did not call instance_notify_deleted when freeing.
   at: ~Dependency (servers/rendering/storage/utilities.cpp:56)
WARNING: Leaked instance dependency: Bug - did not call instance_notify_deleted when freeing.
   at: ~Dependency (servers/rendering/storage/utilities.cpp:56)
WARNING: Leaked instance dependency: Bug - did not call instance_notify_deleted when freeing.
   at: ~Dependency (servers/rendering/storage/utilities.cpp:56)
WARNING: Leaked instance dependency: Bug - did not call instance_notify_deleted when freeing.
   at: ~Dependency (servers/rendering/storage/utilities.cpp:56)
WARNING: Leaked instance dependency: Bug - did not call instance_notify_deleted when freeing.
   at: ~Dependency (servers/rendering/storage/utilities.cpp:56)
WARNING: Leaked instance dependency: Bug - did not call instance_notify_deleted when freeing.
   at: ~Dependency (servers/rendering/storage/utilities.cpp:56)
WARNING: Leaked instance dependency: Bug - did not call instance_notify_deleted when freeing.
   at: ~Dependency (servers/rendering/storage/utilities.cpp:56)
WARNING: Leaked instance dependency: Bug - did not call instance_notify_deleted when freeing.
   at: ~Dependency (servers/rendering/storage/utilities.cpp:56)
WARNING: Leaked instance dependency: Bug - did not call instance_notify_deleted when freeing.
   at: ~Dependency (servers/rendering/storage/utilities.cpp:56)
WARNING: Leaked instance dependency: Bug - did not call instance_notify_deleted when freeing.
   at: ~Dependency (servers/rendering/storage/utilities.cpp:56)
WARNING: Leaked instance dependency: Bug - did not call instance_notify_deleted when freeing.
   at: ~Dependency (servers/rendering/storage/utilities.cpp:56)
WARNING: Leaked instance dependency: Bug - did not call instance_notify_deleted when freeing.
   at: ~Dependency (servers/rendering/storage/utilities.cpp:56)
WARNING: Leaked instance dependency: Bug - did not call instance_notify_deleted when freeing.
   at: ~Dependency (servers/rendering/storage/utilities.cpp:56)
WARNING: Leaked instance dependency: Bug - did not call instance_notify_deleted when freeing.
   at: ~Dependency (servers/rendering/storage/utilities.cpp:56)
WARNING: Leaked instance dependency: Bug - did not call instance_notify_deleted when freeing.
   at: ~Dependency (servers/rendering/storage/utilities.cpp:56)
WARNING: Leaked instance dependency: Bug - did not call instance_notify_deleted when freeing.
   at: ~Dependency (servers/rendering/storage/utilities.cpp:56)
WARNING: Leaked instance dependency: Bug - did not call instance_notify_deleted when freeing.
   at: ~Dependency (servers/rendering/storage/utilities.cpp:56)
WARNING: Leaked instance dependency: Bug - did not call instance_notify_deleted when freeing.
   at: ~Dependency (servers/rendering/storage/utilities.cpp:56)
WARNING: Leaked instance dependency: Bug - did not call instance_notify_deleted when freeing.
   at: ~Dependency (servers/rendering/storage/utilities.cpp:56)
WARNING: Leaked instance dependency: Bug - did not call instance_notify_deleted when freeing.
   at: ~Dependency (servers/rendering/storage/utilities.cpp:56)
WARNING: Leaked instance dependency: Bug - did not call instance_notify_deleted when freeing.
   at: ~Dependency (servers/rendering/storage/utilities.cpp:56)
WARNING: Leaked instance dependency: Bug - did not call instance_notify_deleted when freeing.
   at: ~Dependency (servers/rendering/storage/utilities.cpp:56)
WARNING: Leaked instance dependency: Bug - did not call instance_notify_deleted when freeing.
   at: ~Dependency (servers/rendering/storage/utilities.cpp:56)
WARNING: Leaked instance dependency: Bug - did not call instance_notify_deleted when freeing.
   at: ~Dependency (servers/rendering/storage/utilities.cpp:56)
WARNING: Leaked instance dependency: Bug - did not call instance_notify_deleted when freeing.
   at: ~Dependency (servers/rendering/storage/utilities.cpp:56)
WARNING: Leaked instance dependency: Bug - did not call instance_notify_deleted when freeing.
   at: ~Dependency (servers/rendering/storage/utilities.cpp:56)
WARNING: Leaked instance dependency: Bug - did not call instance_notify_deleted when freeing.
   at: ~Dependency (servers/rendering/storage/utilities.cpp:56)
WARNING: Leaked instance dependency: Bug - did not call instance_notify_deleted when freeing.
   at: ~Dependency (servers/rendering/storage/utilities.cpp:56)
WARNING: Leaked instance dependency: Bug - did not call instance_notify_deleted when freeing.
   at: ~Dependency (servers/rendering/storage/utilities.cpp:56)
WARNING: Leaked instance dependency: Bug - did not call instance_notify_deleted when freeing.
   at: ~Dependency (servers/rendering/storage/utilities.cpp:56)
WARNING: Leaked instance dependency: Bug - did not call instance_notify_deleted when freeing.
   at: ~Dependency (servers/rendering/storage/utilities.cpp:56)
WARNING: Leaked instance dependency: Bug - did not call instance_notify_deleted when freeing.
   at: ~Dependency (servers/rendering/storage/utilities.cpp:56)
WARNING: Leaked instance dependency: Bug - did not call instance_notify_deleted when freeing.
   at: ~Dependency (servers/rendering/storage/utilities.cpp:56)
WARNING: Leaked instance dependency: Bug - did not call instance_notify_deleted when freeing.
   at: ~Dependency (servers/rendering/storage/utilities.cpp:56)
WARNING: Leaked instance dependency: Bug - did not call instance_notify_deleted when freeing.
   at: ~Dependency (servers/rendering/storage/utilities.cpp:56)
WARNING: Leaked instance dependency: Bug - did not call instance_notify_deleted when freeing.
   at: ~Dependency (servers/rendering/storage/utilities.cpp:56)
WARNING: Leaked instance dependency: Bug - did not call instance_notify_deleted when freeing.
   at: ~Dependency (servers/rendering/storage/utilities.cpp:56)
WARNING: Leaked instance dependency: Bug - did not call instance_notify_deleted when freeing.
   at: ~Dependency (servers/rendering/storage/utilities.cpp:56)
WARNING: Leaked instance dependency: Bug - did not call instance_notify_deleted when freeing.
   at: ~Dependency (servers/rendering/storage/utilities.cpp:56)
WARNING: Leaked instance dependency: Bug - did not call instance_notify_deleted when freeing.
   at: ~Dependency (servers/rendering/storage/utilities.cpp:56)
WARNING: Leaked instance dependency: Bug - did not call instance_notify_deleted when freeing.
   at: ~Dependency (servers/rendering/storage/utilities.cpp:56)
WARNING: Leaked instance dependency: Bug - did not call instance_notify_deleted when freeing.
   at: ~Dependency (servers/rendering/storage/utilities.cpp:56)
WARNING: Leaked instance dependency: Bug - did not call instance_notify_deleted when freeing.
   at: ~Dependency (servers/rendering/storage/utilities.cpp:56)
WARNING: Leaked instance dependency: Bug - did not call instance_notify_deleted when freeing.
   at: ~Dependency (servers/rendering/storage/utilities.cpp:56)
WARNING: Leaked instance dependency: Bug - did not call instance_notify_deleted when freeing.
   at: ~Dependency (servers/rendering/storage/utilities.cpp:56)
WARNING: Leaked instance dependency: Bug - did not call instance_notify_deleted when freeing.
   at: ~Dependency (servers/rendering/storage/utilities.cpp:56)
WARNING: Leaked instance dependency: Bug - did not call instance_notify_deleted when freeing.
   at: ~Dependency (servers/rendering/storage/utilities.cpp:56)
WARNING: Leaked instance dependency: Bug - did not call instance_notify_deleted when freeing.
   at: ~Dependency (servers/rendering/storage/utilities.cpp:56)
WARNING: Leaked instance dependency: Bug - did not call instance_notify_deleted when freeing.
   at: ~Dependency (servers/rendering/storage/utilities.cpp:56)
WARNING: Leaked instance dependency: Bug - did not call instance_notify_deleted when freeing.
   at: ~Dependency (servers/rendering/storage/utilities.cpp:56)
WARNING: Leaked instance dependency: Bug - did not call instance_notify_deleted when freeing.
   at: ~Dependency (servers/rendering/storage/utilities.cpp:56)
WARNING: Leaked instance dependency: Bug - did not call instance_notify_deleted when freeing.
   at: ~Dependency (servers/rendering/storage/utilities.cpp:56)
WARNING: Leaked instance dependency: Bug - did not call instance_notify_deleted when freeing.
   at: ~Dependency (servers/rendering/storage/utilities.cpp:56)
WARNING: Leaked instance dependency: Bug - did not call instance_notify_deleted when freeing.
   at: ~Dependency (servers/rendering/storage/utilities.cpp:56)
WARNING: Leaked instance dependency: Bug - did not call instance_notify_deleted when freeing.
   at: ~Dependency (servers/rendering/storage/utilities.cpp:56)
WARNING: Leaked instance dependency: Bug - did not call instance_notify_deleted when freeing.
   at: ~Dependency (servers/rendering/storage/utilities.cpp:56)
WARNING: Leaked instance dependency: Bug - did not call instance_notify_deleted when freeing.
   at: ~Dependency (servers/rendering/storage/utilities.cpp:56)
WARNING: Leaked instance dependency: Bug - did not call instance_notify_deleted when freeing.
   at: ~Dependency (servers/rendering/storage/utilities.cpp:56)
WARNING: Leaked instance dependency: Bug - did not call instance_notify_deleted when freeing.
   at: ~Dependency (servers/rendering/storage/utilities.cpp:56)
WARNING: Leaked instance dependency: Bug - did not call instance_notify_deleted when freeing.
   at: ~Dependency (servers/rendering/storage/utilities.cpp:56)
WARNING: Leaked instance dependency: Bug - did not call instance_notify_deleted when freeing.
   at: ~Dependency (servers/rendering/storage/utilities.cpp:56)
WARNING: Leaked instance dependency: Bug - did not call instance_notify_deleted when freeing.
   at: ~Dependency (servers/rendering/storage/utilities.cpp:56)
WARNING: Leaked instance dependency: Bug - did not call instance_notify_deleted when freeing.
   at: ~Dependency (servers/rendering/storage/utilities.cpp:56)
WARNING: Leaked instance dependency: Bug - did not call instance_notify_deleted when freeing.
   at: ~Dependency (servers/rendering/storage/utilities.cpp:56)
WARNING: Leaked instance dependency: Bug - did not call instance_notify_deleted when freeing.
   at: ~Dependency (servers/rendering/storage/utilities.cpp:56)
WARNING: Leaked instance dependency: Bug - did not call instance_notify_deleted when freeing.
   at: ~Dependency (servers/rendering/storage/utilities.cpp:56)
WARNING: Leaked instance dependency: Bug - did not call instance_notify_deleted when freeing.
   at: ~Dependency (servers/rendering/storage/utilities.cpp:56)
WARNING: Leaked instance dependency: Bug - did not call instance_notify_deleted when freeing.
   at: ~Dependency (servers/rendering/storage/utilities.cpp:56)
WARNING: Leaked instance dependency: Bug - did not call instance_notify_deleted when freeing.
   at: ~Dependency (servers/rendering/storage/utilities.cpp:56)
WARNING: Leaked instance dependency: Bug - did not call instance_notify_deleted when freeing.
   at: ~Dependency (servers/rendering/storage/utilities.cpp:56)
WARNING: Leaked instance dependency: Bug - did not call instance_notify_deleted when freeing.
   at: ~Dependency (servers/rendering/storage/utilities.cpp:56)
WARNING: Leaked instance dependency: Bug - did not call instance_notify_deleted when freeing.
   at: ~Dependency (servers/rendering/storage/utilities.cpp:56)
WARNING: Leaked instance dependency: Bug - did not call instance_notify_deleted when freeing.
   at: ~Dependency (servers/rendering/storage/utilities.cpp:56)
WARNING: Leaked instance dependency: Bug - did not call instance_notify_deleted when freeing.
   at: ~Dependency (servers/rendering/storage/utilities.cpp:56)
WARNING: Leaked instance dependency: Bug - did not call instance_notify_deleted when freeing.
   at: ~Dependency (servers/rendering/storage/utilities.cpp:56)
WARNING: Leaked instance dependency: Bug - did not call instance_notify_deleted when freeing.
   at: ~Dependency (servers/rendering/storage/utilities.cpp:56)
WARNING: Leaked instance dependency: Bug - did not call instance_notify_deleted when freeing.
   at: ~Dependency (servers/rendering/storage/utilities.cpp:56)
WARNING: Leaked instance dependency: Bug - did not call instance_notify_deleted when freeing.
   at: ~Dependency (servers/rendering/storage/utilities.cpp:56)
WARNING: Leaked instance dependency: Bug - did not call instance_notify_deleted when freeing.
   at: ~Dependency (servers/rendering/storage/utilities.cpp:56)
WARNING: Leaked instance dependency: Bug - did not call instance_notify_deleted when freeing.
   at: ~Dependency (servers/rendering/storage/utilities.cpp:56)
WARNING: Leaked instance dependency: Bug - did not call instance_notify_deleted when freeing.
   at: ~Dependency (servers/rendering/storage/utilities.cpp:56)
WARNING: Leaked instance dependency: Bug - did not call instance_notify_deleted when freeing.
   at: ~Dependency (servers/rendering/storage/utilities.cpp:56)
WARNING: Leaked instance dependency: Bug - did not call instance_notify_deleted when freeing.
   at: ~Dependency (servers/rendering/storage/utilities.cpp:56)
WARNING: Leaked instance dependency: Bug - did not call instance_notify_deleted when freeing.
   at: ~Dependency (servers/rendering/storage/utilities.cpp:56)
WARNING: Leaked instance dependency: Bug - did not call instance_notify_deleted when freeing.
   at: ~Dependency (servers/rendering/storage/utilities.cpp:56)
WARNING: Leaked instance dependency: Bug - did not call instance_notify_deleted when freeing.
   at: ~Dependency (servers/rendering/storage/utilities.cpp:56)
WARNING: Leaked instance dependency: Bug - did not call instance_notify_deleted when freeing.
   at: ~Dependency (servers/rendering/storage/utilities.cpp:56)
WARNING: Leaked instance dependency: Bug - did not call instance_notify_deleted when freeing.
   at: ~Dependency (servers/rendering/storage/utilities.cpp:56)
WARNING: Leaked instance dependency: Bug - did not call instance_notify_deleted when freeing.
   at: ~Dependency (servers/rendering/storage/utilities.cpp:56)
WARNING: Leaked instance dependency: Bug - did not call instance_notify_deleted when freeing.
   at: ~Dependency (servers/rendering/storage/utilities.cpp:56)
WARNING: Leaked instance dependency: Bug - did not call instance_notify_deleted when freeing.
   at: ~Dependency (servers/rendering/storage/utilities.cpp:56)
WARNING: Leaked instance dependency: Bug - did not call instance_notify_deleted when freeing.
   at: ~Dependency (servers/rendering/storage/utilities.cpp:56)
WARNING: Leaked instance dependency: Bug - did not call instance_notify_deleted when freeing.
   at: ~Dependency (servers/rendering/storage/utilities.cpp:56)
WARNING: Leaked instance dependency: Bug - did not call instance_notify_deleted when freeing.
   at: ~Dependency (servers/rendering/storage/utilities.cpp:56)
WARNING: Leaked instance dependency: Bug - did not call instance_notify_deleted when freeing.
   at: ~Dependency (servers/rendering/storage/utilities.cpp:56)
WARNING: Leaked instance dependency: Bug - did not call instance_notify_deleted when freeing.
   at: ~Dependency (servers/rendering/storage/utilities.cpp:56)
WARNING: Leaked instance dependency: Bug - did not call instance_notify_deleted when freeing.
   at: ~Dependency (servers/rendering/storage/utilities.cpp:56)
WARNING: Leaked instance dependency: Bug - did not call instance_notify_deleted when freeing.
   at: ~Dependency (servers/rendering/storage/utilities.cpp:56)
WARNING: Leaked instance dependency: Bug - did not call instance_notify_deleted when freeing.
   at: ~Dependency (servers/rendering/storage/utilities.cpp:56)
WARNING: Leaked instance dependency: Bug - did not call instance_notify_deleted when freeing.
   at: ~Dependency (servers/rendering/storage/utilities.cpp:56)
WARNING: Leaked instance dependency: Bug - did not call instance_notify_deleted when freeing.
   at: ~Dependency (servers/rendering/storage/utilities.cpp:56)
WARNING: Leaked instance dependency: Bug - did not call instance_notify_deleted when freeing.
   at: ~Dependency (servers/rendering/storage/utilities.cpp:56)
WARNING: Leaked instance dependency: Bug - did not call instance_notify_deleted when freeing.
   at: ~Dependency (servers/rendering/storage/utilities.cpp:56)
WARNING: Leaked instance dependency: Bug - did not call instance_notify_deleted when freeing.
   at: ~Dependency (servers/rendering/storage/utilities.cpp:56)
WARNING: Leaked instance dependency: Bug - did not call instance_notify_deleted when freeing.
   at: ~Dependency (servers/rendering/storage/utilities.cpp:56)
WARNING: Leaked instance dependency: Bug - did not call instance_notify_deleted when freeing.
   at: ~Dependency (servers/rendering/storage/utilities.cpp:56)
WARNING: Leaked instance dependency: Bug - did not call instance_notify_deleted when freeing.
   at: ~Dependency (servers/rendering/storage/utilities.cpp:56)
WARNING: Leaked instance dependency: Bug - did not call instance_notify_deleted when freeing.
   at: ~Dependency (servers/rendering/storage/utilities.cpp:56)
WARNING: Leaked instance dependency: Bug - did not call instance_notify_deleted when freeing.
   at: ~Dependency (servers/rendering/storage/utilities.cpp:56)
WARNING: Leaked instance dependency: Bug - did not call instance_notify_deleted when freeing.
   at: ~Dependency (servers/rendering/storage/utilities.cpp:56)
WARNING: Leaked instance dependency: Bug - did not call instance_notify_deleted when freeing.
   at: ~Dependency (servers/rendering/storage/utilities.cpp:56)
WARNING: Leaked instance dependency: Bug - did not call instance_notify_deleted when freeing.
   at: ~Dependency (servers/rendering/storage/utilities.cpp:56)
WARNING: Leaked instance dependency: Bug - did not call instance_notify_deleted when freeing.
   at: ~Dependency (servers/rendering/storage/utilities.cpp:56)
WARNING: Leaked instance dependency: Bug - did not call instance_notify_deleted when freeing.
   at: ~Dependency (servers/rendering/storage/utilities.cpp:56)
WARNING: Leaked instance dependency: Bug - did not call instance_notify_deleted when freeing.
   at: ~Dependency (servers/rendering/storage/utilities.cpp:56)
WARNING: Leaked instance dependency: Bug - did not call instance_notify_deleted when freeing.
   at: ~Dependency (servers/rendering/storage/utilities.cpp:56)
WARNING: Leaked instance dependency: Bug - did not call instance_notify_deleted when freeing.
   at: ~Dependency (servers/rendering/storage/utilities.cpp:56)
WARNING: Leaked instance dependency: Bug - did not call instance_notify_deleted when freeing.
   at: ~Dependency (servers/rendering/storage/utilities.cpp:56)
WARNING: Leaked instance dependency: Bug - did not call instance_notify_deleted when freeing.
   at: ~Dependency (servers/rendering/storage/utilities.cpp:56)
WARNING: Leaked instance dependency: Bug - did not call instance_notify_deleted when freeing.
   at: ~Dependency (servers/rendering/storage/utilities.cpp:56)
WARNING: Leaked instance dependency: Bug - did not call instance_notify_deleted when freeing.
   at: ~Dependency (servers/rendering/storage/utilities.cpp:56)
WARNING: Leaked instance dependency: Bug - did not call instance_notify_deleted when freeing.
   at: ~Dependency (servers/rendering/storage/utilities.cpp:56)
WARNING: Leaked instance dependency: Bug - did not call instance_notify_deleted when freeing.
   at: ~Dependency (servers/rendering/storage/utilities.cpp:56)
WARNING: Leaked instance dependency: Bug - did not call instance_notify_deleted when freeing.
   at: ~Dependency (servers/rendering/storage/utilities.cpp:56)
WARNING: Leaked instance dependency: Bug - did not call instance_notify_deleted when freeing.
   at: ~Dependency (servers/rendering/storage/utilities.cpp:56)
WARNING: Leaked instance dependency: Bug - did not call instance_notify_deleted when freeing.
   at: ~Dependency (servers/rendering/storage/utilities.cpp:56)
WARNING: Leaked instance dependency: Bug - did not call instance_notify_deleted when freeing.
   at: ~Dependency (servers/rendering/storage/utilities.cpp:56)
WARNING: Leaked instance dependency: Bug - did not call instance_notify_deleted when freeing.
   at: ~Dependency (servers/rendering/storage/utilities.cpp:56)
WARNING: Leaked instance dependency: Bug - did not call instance_notify_deleted when freeing.
   at: ~Dependency (servers/rendering/storage/utilities.cpp:56)
WARNING: Leaked instance dependency: Bug - did not call instance_notify_deleted when freeing.
   at: ~Dependency (servers/rendering/storage/utilities.cpp:56)
WARNING: Leaked instance dependency: Bug - did not call instance_notify_deleted when freeing.
   at: ~Dependency (servers/rendering/storage/utilities.cpp:56)
WARNING: Leaked instance dependency: Bug - did not call instance_notify_deleted when freeing.
   at: ~Dependency (servers/rendering/storage/utilities.cpp:56)
WARNING: Leaked instance dependency: Bug - did not call instance_notify_deleted when freeing.
   at: ~Dependency (servers/rendering/storage/utilities.cpp:56)
WARNING: Leaked instance dependency: Bug - did not call instance_notify_deleted when freeing.
   at: ~Dependency (servers/rendering/storage/utilities.cpp:56)
WARNING: Leaked instance dependency: Bug - did not call instance_notify_deleted when freeing.
   at: ~Dependency (servers/rendering/storage/utilities.cpp:56)
WARNING: Leaked instance dependency: Bug - did not call instance_notify_deleted when freeing.
   at: ~Dependency (servers/rendering/storage/utilities.cpp:56)
WARNING: Leaked instance dependency: Bug - did not call instance_notify_deleted when freeing.
   at: ~Dependency (servers/rendering/storage/utilities.cpp:56)
WARNING: Leaked instance dependency: Bug - did not call instance_notify_deleted when freeing.
   at: ~Dependency (servers/rendering/storage/utilities.cpp:56)
WARNING: Leaked instance dependency: Bug - did not call instance_notify_deleted when freeing.
   at: ~Dependency (servers/rendering/storage/utilities.cpp:56)
WARNING: Leaked instance dependency: Bug - did not call instance_notify_deleted when freeing.
   at: ~Dependency (servers/rendering/storage/utilities.cpp:56)
WARNING: Leaked instance dependency: Bug - did not call instance_notify_deleted when freeing.
   at: ~Dependency (servers/rendering/storage/utilities.cpp:56)
WARNING: Leaked instance dependency: Bug - did not call instance_notify_deleted when freeing.
   at: ~Dependency (servers/rendering/storage/utilities.cpp:56)
WARNING: Leaked instance dependency: Bug - did not call instance_notify_deleted when freeing.
   at: ~Dependency (servers/rendering/storage/utilities.cpp:56)
WARNING: Leaked instance dependency: Bug - did not call instance_notify_deleted when freeing.
   at: ~Dependency (servers/rendering/storage/utilities.cpp:56)
WARNING: Leaked instance dependency: Bug - did not call instance_notify_deleted when freeing.
   at: ~Dependency (servers/rendering/storage/utilities.cpp:56)
WARNING: Leaked instance dependency: Bug - did not call instance_notify_deleted when freeing.
   at: ~Dependency (servers/rendering/storage/utilities.cpp:56)
WARNING: Leaked instance dependency: Bug - did not call instance_notify_deleted when freeing.
   at: ~Dependency (servers/rendering/storage/utilities.cpp:56)
WARNING: Leaked instance dependency: Bug - did not call instance_notify_deleted when freeing.
   at: ~Dependency (servers/rendering/storage/utilities.cpp:56)
WARNING: Leaked instance dependency: Bug - did not call instance_notify_deleted when freeing.
   at: ~Dependency (servers/rendering/storage/utilities.cpp:56)
WARNING: Leaked instance dependency: Bug - did not call instance_notify_deleted when freeing.
   at: ~Dependency (servers/rendering/storage/utilities.cpp:56)
WARNING: Leaked instance dependency: Bug - did not call instance_notify_deleted when freeing.
   at: ~Dependency (servers/rendering/storage/utilities.cpp:56)
WARNING: Leaked instance dependency: Bug - did not call instance_notify_deleted when freeing.
   at: ~Dependency (servers/rendering/storage/utilities.cpp:56)
WARNING: Leaked instance dependency: Bug - did not call instance_notify_deleted when freeing.
   at: ~Dependency (servers/rendering/storage/utilities.cpp:56)
WARNING: Leaked instance dependency: Bug - did not call instance_notify_deleted when freeing.
   at: ~Dependency (servers/rendering/storage/utilities.cpp:56)
WARNING: Leaked instance dependency: Bug - did not call instance_notify_deleted when freeing.
   at: ~Dependency (servers/rendering/storage/utilities.cpp:56)
WARNING: Leaked instance dependency: Bug - did not call instance_notify_deleted when freeing.
   at: ~Dependency (servers/rendering/storage/utilities.cpp:56)
WARNING: Leaked instance dependency: Bug - did not call instance_notify_deleted when freeing.
   at: ~Dependency (servers/rendering/storage/utilities.cpp:56)
WARNING: Leaked instance dependency: Bug - did not call instance_notify_deleted when freeing.
   at: ~Dependency (servers/rendering/storage/utilities.cpp:56)
WARNING: Leaked instance dependency: Bug - did not call instance_notify_deleted when freeing.
   at: ~Dependency (servers/rendering/storage/utilities.cpp:56)
WARNING: Leaked instance dependency: Bug - did not call instance_notify_deleted when freeing.
   at: ~Dependency (servers/rendering/storage/utilities.cpp:56)
WARNING: Leaked instance dependency: Bug - did not call instance_notify_deleted when freeing.
   at: ~Dependency (servers/rendering/storage/utilities.cpp:56)
WARNING: Leaked instance dependency: Bug - did not call instance_notify_deleted when freeing.
   at: ~Dependency (servers/rendering/storage/utilities.cpp:56)
WARNING: Leaked instance dependency: Bug - did not call instance_notify_deleted when freeing.
   at: ~Dependency (servers/rendering/storage/utilities.cpp:56)
WARNING: Leaked instance dependency: Bug - did not call instance_notify_deleted when freeing.
   at: ~Dependency (servers/rendering/storage/utilities.cpp:56)
WARNING: Leaked instance dependency: Bug - did not call instance_notify_deleted when freeing.
   at: ~Dependency (servers/rendering/storage/utilities.cpp:56)
WARNING: Leaked instance dependency: Bug - did not call instance_notify_deleted when freeing.
   at: ~Dependency (servers/rendering/storage/utilities.cpp:56)
WARNING: Leaked instance dependency: Bug - did not call instance_notify_deleted when freeing.
   at: ~Dependency (servers/rendering/storage/utilities.cpp:56)
WARNING: Leaked instance dependency: Bug - did not call instance_notify_deleted when freeing.
   at: ~Dependency (servers/rendering/storage/utilities.cpp:56)
WARNING: Leaked instance dependency: Bug - did not call instance_notify_deleted when freeing.
   at: ~Dependency (servers/rendering/storage/utilities.cpp:56)
WARNING: Leaked instance dependency: Bug - did not call instance_notify_deleted when freeing.
   at: ~Dependency (servers/rendering/storage/utilities.cpp:56)
WARNING: Leaked instance dependency: Bug - did not call instance_notify_deleted when freeing.
   at: ~Dependency (servers/rendering/storage/utilities.cpp:56)
WARNING: Leaked instance dependency: Bug - did not call instance_notify_deleted when freeing.
   at: ~Dependency (servers/rendering/storage/utilities.cpp:56)
WARNING: Leaked instance dependency: Bug - did not call instance_notify_deleted when freeing.
   at: ~Dependency (servers/rendering/storage/utilities.cpp:56)
WARNING: Leaked instance dependency: Bug - did not call instance_notify_deleted when freeing.
   at: ~Dependency (servers/rendering/storage/utilities.cpp:56)
WARNING: Leaked instance dependency: Bug - did not call instance_notify_deleted when freeing.
   at: ~Dependency (servers/rendering/storage/utilities.cpp:56)
WARNING: Leaked instance dependency: Bug - did not call instance_notify_deleted when freeing.
   at: ~Dependency (servers/rendering/storage/utilities.cpp:56)
WARNING: Leaked instance dependency: Bug - did not call instance_notify_deleted when freeing.
   at: ~Dependency (servers/rendering/storage/utilities.cpp:56)
WARNING: Leaked instance dependency: Bug - did not call instance_notify_deleted when freeing.
   at: ~Dependency (servers/rendering/storage/utilities.cpp:56)
WARNING: Leaked instance dependency: Bug - did not call instance_notify_deleted when freeing.
   at: ~Dependency (servers/rendering/storage/utilities.cpp:56)
WARNING: Leaked instance dependency: Bug - did not call instance_notify_deleted when freeing.
   at: ~Dependency (servers/rendering/storage/utilities.cpp:56)
WARNING: Leaked instance dependency: Bug - did not call instance_notify_deleted when freeing.
   at: ~Dependency (servers/rendering/storage/utilities.cpp:56)
WARNING: Leaked instance dependency: Bug - did not call instance_notify_deleted when freeing.
   at: ~Dependency (servers/rendering/storage/utilities.cpp:56)
WARNING: Leaked instance dependency: Bug - did not call instance_notify_deleted when freeing.
   at: ~Dependency (servers/rendering/storage/utilities.cpp:56)
WARNING: Leaked instance dependency: Bug - did not call instance_notify_deleted when freeing.
   at: ~Dependency (servers/rendering/storage/utilities.cpp:56)
WARNING: Leaked instance dependency: Bug - did not call instance_notify_deleted when freeing.
   at: ~Dependency (servers/rendering/storage/utilities.cpp:56)
WARNING: Leaked instance dependency: Bug - did not call instance_notify_deleted when freeing.
   at: ~Dependency (servers/rendering/storage/utilities.cpp:56)
WARNING: Leaked instance dependency: Bug - did not call instance_notify_deleted when freeing.
   at: ~Dependency (servers/rendering/storage/utilities.cpp:56)
WARNING: Leaked instance dependency: Bug - did not call instance_notify_deleted when freeing.
   at: ~Dependency (servers/rendering/storage/utilities.cpp:56)
WARNING: Leaked instance dependency: Bug - did not call instance_notify_deleted when freeing.
   at: ~Dependency (servers/rendering/storage/utilities.cpp:56)
WARNING: Leaked instance dependency: Bug - did not call instance_notify_deleted when freeing.
   at: ~Dependency (servers/rendering/storage/utilities.cpp:56)
WARNING: Leaked instance dependency: Bug - did not call instance_notify_deleted when freeing.
   at: ~Dependency (servers/rendering/storage/utilities.cpp:56)
WARNING: Leaked instance dependency: Bug - did not call instance_notify_deleted when freeing.
   at: ~Dependency (servers/rendering/storage/utilities.cpp:56)
WARNING: Leaked instance dependency: Bug - did not call instance_notify_deleted when freeing.
   at: ~Dependency (servers/rendering/storage/utilities.cpp:56)
WARNING: Leaked instance dependency: Bug - did not call instance_notify_deleted when freeing.
   at: ~Dependency (servers/rendering/storage/utilities.cpp:56)
WARNING: Leaked instance dependency: Bug - did not call instance_notify_deleted when freeing.
   at: ~Dependency (servers/rendering/storage/utilities.cpp:56)
WARNING: Leaked instance dependency: Bug - did not call instance_notify_deleted when freeing.
   at: ~Dependency (servers/rendering/storage/utilities.cpp:56)
WARNING: Leaked instance dependency: Bug - did not call instance_notify_deleted when freeing.
   at: ~Dependency (servers/rendering/storage/utilities.cpp:56)
WARNING: Leaked instance dependency: Bug - did not call instance_notify_deleted when freeing.
   at: ~Dependency (servers/rendering/storage/utilities.cpp:56)
WARNING: Leaked instance dependency: Bug - did not call instance_notify_deleted when freeing.
   at: ~Dependency (servers/rendering/storage/utilities.cpp:56)
WARNING: Leaked instance dependency: Bug - did not call instance_notify_deleted when freeing.
   at: ~Dependency (servers/rendering/storage/utilities.cpp:56)
WARNING: Leaked instance dependency: Bug - did not call instance_notify_deleted when freeing.
   at: ~Dependency (servers/rendering/storage/utilities.cpp:56)
WARNING: Leaked instance dependency: Bug - did not call instance_notify_deleted when freeing.
   at: ~Dependency (servers/rendering/storage/utilities.cpp:56)
WARNING: Leaked instance dependency: Bug - did not call instance_notify_deleted when freeing.
   at: ~Dependency (servers/rendering/storage/utilities.cpp:56)
WARNING: Leaked instance dependency: Bug - did not call instance_notify_deleted when freeing.
   at: ~Dependency (servers/rendering/storage/utilities.cpp:56)
WARNING: Leaked instance dependency: Bug - did not call instance_notify_deleted when freeing.
   at: ~Dependency (servers/rendering/storage/utilities.cpp:56)
WARNING: Leaked instance dependency: Bug - did not call instance_notify_deleted when freeing.
   at: ~Dependency (servers/rendering/storage/utilities.cpp:56)
WARNING: Leaked instance dependency: Bug - did not call instance_notify_deleted when freeing.
   at: ~Dependency (servers/rendering/storage/utilities.cpp:56)
WARNING: Leaked instance dependency: Bug - did not call instance_notify_deleted when freeing.
   at: ~Dependency (servers/rendering/storage/utilities.cpp:56)
WARNING: Leaked instance dependency: Bug - did not call instance_notify_deleted when freeing.
   at: ~Dependency (servers/rendering/storage/utilities.cpp:56)
WARNING: Leaked instance dependency: Bug - did not call instance_notify_deleted when freeing.
   at: ~Dependency (servers/rendering/storage/utilities.cpp:56)
WARNING: Leaked instance dependency: Bug - did not call instance_notify_deleted when freeing.
   at: ~Dependency (servers/rendering/storage/utilities.cpp:56)
WARNING: Leaked instance dependency: Bug - did not call instance_notify_deleted when freeing.
   at: ~Dependency (servers/rendering/storage/utilities.cpp:56)
WARNING: Leaked instance dependency: Bug - did not call instance_notify_deleted when freeing.
   at: ~Dependency (servers/rendering/storage/utilities.cpp:56)
WARNING: Leaked instance dependency: Bug - did not call instance_notify_deleted when freeing.
   at: ~Dependency (servers/rendering/storage/utilities.cpp:56)
WARNING: Leaked instance dependency: Bug - did not call instance_notify_deleted when freeing.
   at: ~Dependency (servers/rendering/storage/utilities.cpp:56)
WARNING: Leaked instance dependency: Bug - did not call instance_notify_deleted when freeing.
   at: ~Dependency (servers/rendering/storage/utilities.cpp:56)
WARNING: Leaked instance dependency: Bug - did not call instance_notify_deleted when freeing.
   at: ~Dependency (servers/rendering/storage/utilities.cpp:56)
WARNING: Leaked instance dependency: Bug - did not call instance_notify_deleted when freeing.
   at: ~Dependency (servers/rendering/storage/utilities.cpp:56)
WARNING: Leaked instance dependency: Bug - did not call instance_notify_deleted when freeing.
   at: ~Dependency (servers/rendering/storage/utilities.cpp:56)
WARNING: Leaked instance dependency: Bug - did not call instance_notify_deleted when freeing.
   at: ~Dependency (servers/rendering/storage/utilities.cpp:56)
WARNING: Leaked instance dependency: Bug - did not call instance_notify_deleted when freeing.
   at: ~Dependency (servers/rendering/storage/utilities.cpp:56)
WARNING: Leaked instance dependency: Bug - did not call instance_notify_deleted when freeing.
   at: ~Dependency (servers/rendering/storage/utilities.cpp:56)
WARNING: Leaked instance dependency: Bug - did not call instance_notify_deleted when freeing.
   at: ~Dependency (servers/rendering/storage/utilities.cpp:56)
WARNING: Leaked instance dependency: Bug - did not call instance_notify_deleted when freeing.
   at: ~Dependency (servers/rendering/storage/utilities.cpp:56)
WARNING: Leaked instance dependency: Bug - did not call instance_notify_deleted when freeing.
   at: ~Dependency (servers/rendering/storage/utilities.cpp:56)
WARNING: Leaked instance dependency: Bug - did not call instance_notify_deleted when freeing.
   at: ~Dependency (servers/rendering/storage/utilities.cpp:56)
WARNING: Leaked instance dependency: Bug - did not call instance_notify_deleted when freeing.
   at: ~Dependency (servers/rendering/storage/utilities.cpp:56)
WARNING: Leaked instance dependency: Bug - did not call instance_notify_deleted when freeing.
   at: ~Dependency (servers/rendering/storage/utilities.cpp:56)
WARNING: Leaked instance dependency: Bug - did not call instance_notify_deleted when freeing.
   at: ~Dependency (servers/rendering/storage/utilities.cpp:56)
WARNING: Leaked instance dependency: Bug - did not call instance_notify_deleted when freeing.
   at: ~Dependency (servers/rendering/storage/utilities.cpp:56)
WARNING: Leaked instance dependency: Bug - did not call instance_notify_deleted when freeing.
   at: ~Dependency (servers/rendering/storage/utilities.cpp:56)
WARNING: Leaked instance dependency: Bug - did not call instance_notify_deleted when freeing.
   at: ~Dependency (servers/rendering/storage/utilities.cpp:56)
WARNING: Leaked instance dependency: Bug - did not call instance_notify_deleted when freeing.
   at: ~Dependency (servers/rendering/storage/utilities.cpp:56)
WARNING: Leaked instance dependency: Bug - did not call instance_notify_deleted when freeing.
   at: ~Dependency (servers/rendering/storage/utilities.cpp:56)
WARNING: Leaked instance dependency: Bug - did not call instance_notify_deleted when freeing.
   at: ~Dependency (servers/rendering/storage/utilities.cpp:56)
WARNING: Leaked instance dependency: Bug - did not call instance_notify_deleted when freeing.
   at: ~Dependency (servers/rendering/storage/utilities.cpp:56)
WARNING: Leaked instance dependency: Bug - did not call instance_notify_deleted when freeing.
   at: ~Dependency (servers/rendering/storage/utilities.cpp:56)
WARNING: Leaked instance dependency: Bug - did not call instance_notify_deleted when freeing.
   at: ~Dependency (servers/rendering/storage/utilities.cpp:56)
WARNING: Leaked instance dependency: Bug - did not call instance_notify_deleted when freeing.
   at: ~Dependency (servers/rendering/storage/utilities.cpp:56)
WARNING: Leaked instance dependency: Bug - did not call instance_notify_deleted when freeing.
   at: ~Dependency (servers/rendering/storage/utilities.cpp:56)
WARNING: Leaked instance dependency: Bug - did not call instance_notify_deleted when freeing.
   at: ~Dependency (servers/rendering/storage/utilities.cpp:56)
WARNING: Leaked instance dependency: Bug - did not call instance_notify_deleted when freeing.
   at: ~Dependency (servers/rendering/storage/utilities.cpp:56)
WARNING: Leaked instance dependency: Bug - did not call instance_notify_deleted when freeing.
   at: ~Dependency (servers/rendering/storage/utilities.cpp:56)
WARNING: Leaked instance dependency: Bug - did not call instance_notify_deleted when freeing.
   at: ~Dependency (servers/rendering/storage/utilities.cpp:56)
WARNING: Leaked instance dependency: Bug - did not call instance_notify_deleted when freeing.
   at: ~Dependency (servers/rendering/storage/utilities.cpp:56)
WARNING: Leaked instance dependency: Bug - did not call instance_notify_deleted when freeing.
   at: ~Dependency (servers/rendering/storage/utilities.cpp:56)
WARNING: Leaked instance dependency: Bug - did not call instance_notify_deleted when freeing.
   at: ~Dependency (servers/rendering/storage/utilities.cpp:56)
WARNING: Leaked instance dependency: Bug - did not call instance_notify_deleted when freeing.
   at: ~Dependency (servers/rendering/storage/utilities.cpp:56)
WARNING: Leaked instance dependency: Bug - did not call instance_notify_deleted when freeing.
   at: ~Dependency (servers/rendering/storage/utilities.cpp:56)
WARNING: Leaked instance dependency: Bug - did not call instance_notify_deleted when freeing.
   at: ~Dependency (servers/rendering/storage/utilities.cpp:56)
WARNING: Leaked instance dependency: Bug - did not call instance_notify_deleted when freeing.
   at: ~Dependency (servers/rendering/storage/utilities.cpp:56)
WARNING: Leaked instance dependency: Bug - did not call instance_notify_deleted when freeing.
   at: ~Dependency (servers/rendering/storage/utilities.cpp:56)
WARNING: Leaked instance dependency: Bug - did not call instance_notify_deleted when freeing.
   at: ~Dependency (servers/rendering/storage/utilities.cpp:56)
WARNING: Leaked instance dependency: Bug - did not call instance_notify_deleted when freeing.
   at: ~Dependency (servers/rendering/storage/utilities.cpp:56)
WARNING: Leaked instance dependency: Bug - did not call instance_notify_deleted when freeing.
   at: ~Dependency (servers/rendering/storage/utilities.cpp:56)
WARNING: Leaked instance dependency: Bug - did not call instance_notify_deleted when freeing.
   at: ~Dependency (servers/rendering/storage/utilities.cpp:56)
WARNING: Leaked instance dependency: Bug - did not call instance_notify_deleted when freeing.
   at: ~Dependency (servers/rendering/storage/utilities.cpp:56)
WARNING: Leaked instance dependency: Bug - did not call instance_notify_deleted when freeing.
   at: ~Dependency (servers/rendering/storage/utilities.cpp:56)
WARNING: Leaked instance dependency: Bug - did not call instance_notify_deleted when freeing.
   at: ~Dependency (servers/rendering/storage/utilities.cpp:56)
WARNING: Leaked instance dependency: Bug - did not call instance_notify_deleted when freeing.
   at: ~Dependency (servers/rendering/storage/utilities.cpp:56)
WARNING: Leaked instance dependency: Bug - did not call instance_notify_deleted when freeing.
   at: ~Dependency (servers/rendering/storage/utilities.cpp:56)
WARNING: Leaked instance dependency: Bug - did not call instance_notify_deleted when freeing.
   at: ~Dependency (servers/rendering/storage/utilities.cpp:56)
WARNING: Leaked instance dependency: Bug - did not call instance_notify_deleted when freeing.
   at: ~Dependency (servers/rendering/storage/utilities.cpp:56)
WARNING: Leaked instance dependency: Bug - did not call instance_notify_deleted when freeing.
   at: ~Dependency (servers/rendering/storage/utilities.cpp:56)
WARNING: Leaked instance dependency: Bug - did not call instance_notify_deleted when freeing.
   at: ~Dependency (servers/rendering/storage/utilities.cpp:56)
WARNING: Leaked instance dependency: Bug - did not call instance_notify_deleted when freeing.
   at: ~Dependency (servers/rendering/storage/utilities.cpp:56)
WARNING: Leaked instance dependency: Bug - did not call instance_notify_deleted when freeing.
   at: ~Dependency (servers/rendering/storage/utilities.cpp:56)
WARNING: Leaked instance dependency: Bug - did not call instance_notify_deleted when freeing.
   at: ~Dependency (servers/rendering/storage/utilities.cpp:56)
WARNING: Leaked instance dependency: Bug - did not call instance_notify_deleted when freeing.
   at: ~Dependency (servers/rendering/storage/utilities.cpp:56)
WARNING: Leaked instance dependency: Bug - did not call instance_notify_deleted when freeing.
   at: ~Dependency (servers/rendering/storage/utilities.cpp:56)
WARNING: Leaked instance dependency: Bug - did not call instance_notify_deleted when freeing.
   at: ~Dependency (servers/rendering/storage/utilities.cpp:56)
WARNING: Leaked instance dependency: Bug - did not call instance_notify_deleted when freeing.
   at: ~Dependency (servers/rendering/storage/utilities.cpp:56)
WARNING: Leaked instance dependency: Bug - did not call instance_notify_deleted when freeing.
   at: ~Dependency (servers/rendering/storage/utilities.cpp:56)
WARNING: Leaked instance dependency: Bug - did not call instance_notify_deleted when freeing.
   at: ~Dependency (servers/rendering/storage/utilities.cpp:56)
WARNING: Leaked instance dependency: Bug - did not call instance_notify_deleted when freeing.
   at: ~Dependency (servers/rendering/storage/utilities.cpp:56)
WARNING: Leaked instance dependency: Bug - did not call instance_notify_deleted when freeing.
   at: ~Dependency (servers/rendering/storage/utilities.cpp:56)
WARNING: Leaked instance dependency: Bug - did not call instance_notify_deleted when freeing.
   at: ~Dependency (servers/rendering/storage/utilities.cpp:56)
WARNING: Leaked instance dependency: Bug - did not call instance_notify_deleted when freeing.
   at: ~Dependency (servers/rendering/storage/utilities.cpp:56)
WARNING: Leaked instance dependency: Bug - did not call instance_notify_deleted when freeing.
   at: ~Dependency (servers/rendering/storage/utilities.cpp:56)
WARNING: Leaked instance dependency: Bug - did not call instance_notify_deleted when freeing.
   at: ~Dependency (servers/rendering/storage/utilities.cpp:56)
WARNING: Leaked instance dependency: Bug - did not call instance_notify_deleted when freeing.
   at: ~Dependency (servers/rendering/storage/utilities.cpp:56)
WARNING: Leaked instance dependency: Bug - did not call instance_notify_deleted when freeing.
   at: ~Dependency (servers/rendering/storage/utilities.cpp:56)
WARNING: Leaked instance dependency: Bug - did not call instance_notify_deleted when freeing.
   at: ~Dependency (servers/rendering/storage/utilities.cpp:56)
WARNING: Leaked instance dependency: Bug - did not call instance_notify_deleted when freeing.
   at: ~Dependency (servers/rendering/storage/utilities.cpp:56)
WARNING: Leaked instance dependency: Bug - did not call instance_notify_deleted when freeing.
   at: ~Dependency (servers/rendering/storage/utilities.cpp:56)
WARNING: Leaked instance dependency: Bug - did not call instance_notify_deleted when freeing.
   at: ~Dependency (servers/rendering/storage/utilities.cpp:56)
WARNING: Leaked instance dependency: Bug - did not call instance_notify_deleted when freeing.
   at: ~Dependency (servers/rendering/storage/utilities.cpp:56)
WARNING: Leaked instance dependency: Bug - did not call instance_notify_deleted when freeing.
   at: ~Dependency (servers/rendering/storage/utilities.cpp:56)
WARNING: Leaked instance dependency: Bug - did not call instance_notify_deleted when freeing.
   at: ~Dependency (servers/rendering/storage/utilities.cpp:56)
WARNING: Leaked instance dependency: Bug - did not call instance_notify_deleted when freeing.
   at: ~Dependency (servers/rendering/storage/utilities.cpp:56)
WARNING: Leaked instance dependency: Bug - did not call instance_notify_deleted when freeing.
   at: ~Dependency (servers/rendering/storage/utilities.cpp:56)
WARNING: Leaked instance dependency: Bug - did not call instance_notify_deleted when freeing.
   at: ~Dependency (servers/rendering/storage/utilities.cpp:56)
WARNING: Leaked instance dependency: Bug - did not call instance_notify_deleted when freeing.
   at: ~Dependency (servers/rendering/storage/utilities.cpp:56)
WARNING: Leaked instance dependency: Bug - did not call instance_notify_deleted when freeing.
   at: ~Dependency (servers/rendering/storage/utilities.cpp:56)
WARNING: Leaked instance dependency: Bug - did not call instance_notify_deleted when freeing.
   at: ~Dependency (servers/rendering/storage/utilities.cpp:56)
WARNING: Leaked instance dependency: Bug - did not call instance_notify_deleted when freeing.
   at: ~Dependency (servers/rendering/storage/utilities.cpp:56)
WARNING: Leaked instance dependency: Bug - did not call instance_notify_deleted when freeing.
   at: ~Dependency (servers/rendering/storage/utilities.cpp:56)
WARNING: Leaked instance dependency: Bug - did not call instance_notify_deleted when freeing.
   at: ~Dependency (servers/rendering/storage/utilities.cpp:56)
WARNING: Leaked instance dependency: Bug - did not call instance_notify_deleted when freeing.
   at: ~Dependency (servers/rendering/storage/utilities.cpp:56)
WARNING: Leaked instance dependency: Bug - did not call instance_notify_deleted when freeing.
   at: ~Dependency (servers/rendering/storage/utilities.cpp:56)
WARNING: Leaked instance dependency: Bug - did not call instance_notify_deleted when freeing.
   at: ~Dependency (servers/rendering/storage/utilities.cpp:56)
WARNING: Leaked instance dependency: Bug - did not call instance_notify_deleted when freeing.
   at: ~Dependency (servers/rendering/storage/utilities.cpp:56)
WARNING: Leaked instance dependency: Bug - did not call instance_notify_deleted when freeing.
   at: ~Dependency (servers/rendering/storage/utilities.cpp:56)
WARNING: Leaked instance dependency: Bug - did not call instance_notify_deleted when freeing.
   at: ~Dependency (servers/rendering/storage/utilities.cpp:56)
WARNING: Leaked instance dependency: Bug - did not call instance_notify_deleted when freeing.
   at: ~Dependency (servers/rendering/storage/utilities.cpp:56)
WARNING: Leaked instance dependency: Bug - did not call instance_notify_deleted when freeing.
   at: ~Dependency (servers/rendering/storage/utilities.cpp:56)
WARNING: Leaked instance dependency: Bug - did not call instance_notify_deleted when freeing.
   at: ~Dependency (servers/rendering/storage/utilities.cpp:56)
WARNING: Leaked instance dependency: Bug - did not call instance_notify_deleted when freeing.
   at: ~Dependency (servers/rendering/storage/utilities.cpp:56)
WARNING: Leaked instance dependency: Bug - did not call instance_notify_deleted when freeing.
   at: ~Dependency (servers/rendering/storage/utilities.cpp:56)
WARNING: Leaked instance dependency: Bug - did not call instance_notify_deleted when freeing.
   at: ~Dependency (servers/rendering/storage/utilities.cpp:56)
WARNING: Leaked instance dependency: Bug - did not call instance_notify_deleted when freeing.
   at: ~Dependency (servers/rendering/storage/utilities.cpp:56)
WARNING: Leaked instance dependency: Bug - did not call instance_notify_deleted when freeing.
   at: ~Dependency (servers/rendering/storage/utilities.cpp:56)
WARNING: Leaked instance dependency: Bug - did not call instance_notify_deleted when freeing.
   at: ~Dependency (servers/rendering/storage/utilities.cpp:56)
WARNING: Leaked instance dependency: Bug - did not call instance_notify_deleted when freeing.
   at: ~Dependency (servers/rendering/storage/utilities.cpp:56)
WARNING: Leaked instance dependency: Bug - did not call instance_notify_deleted when freeing.
   at: ~Dependency (servers/rendering/storage/utilities.cpp:56)
WARNING: Leaked instance dependency: Bug - did not call instance_notify_deleted when freeing.
   at: ~Dependency (servers/rendering/storage/utilities.cpp:56)
WARNING: Leaked instance dependency: Bug - did not call instance_notify_deleted when freeing.
   at: ~Dependency (servers/rendering/storage/utilities.cpp:56)
WARNING: Leaked instance dependency: Bug - did not call instance_notify_deleted when freeing.
   at: ~Dependency (servers/rendering/storage/utilities.cpp:56)
WARNING: Leaked instance dependency: Bug - did not call instance_notify_deleted when freeing.
   at: ~Dependency (servers/rendering/storage/utilities.cpp:56)
WARNING: Leaked instance dependency: Bug - did not call instance_notify_deleted when freeing.
   at: ~Dependency (servers/rendering/storage/utilities.cpp:56)
WARNING: Leaked instance dependency: Bug - did not call instance_notify_deleted when freeing.
   at: ~Dependency (servers/rendering/storage/utilities.cpp:56)
WARNING: Leaked instance dependency: Bug - did not call instance_notify_deleted when freeing.
   at: ~Dependency (servers/rendering/storage/utilities.cpp:56)
WARNING: Leaked instance dependency: Bug - did not call instance_notify_deleted when freeing.
   at: ~Dependency (servers/rendering/storage/utilities.cpp:56)
WARNING: Leaked instance dependency: Bug - did not call instance_notify_deleted when freeing.
   at: ~Dependency (servers/rendering/storage/utilities.cpp:56)
WARNING: Leaked instance dependency: Bug - did not call instance_notify_deleted when freeing.
   at: ~Dependency (servers/rendering/storage/utilities.cpp:56)
WARNING: Leaked instance dependency: Bug - did not call instance_notify_deleted when freeing.
   at: ~Dependency (servers/rendering/storage/utilities.cpp:56)
WARNING: Leaked instance dependency: Bug - did not call instance_notify_deleted when freeing.
   at: ~Dependency (servers/rendering/storage/utilities.cpp:56)
WARNING: Leaked instance dependency: Bug - did not call instance_notify_deleted when freeing.
   at: ~Dependency (servers/rendering/storage/utilities.cpp:56)
WARNING: Leaked instance dependency: Bug - did not call instance_notify_deleted when freeing.
   at: ~Dependency (servers/rendering/storage/utilities.cpp:56)
WARNING: Leaked instance dependency: Bug - did not call instance_notify_deleted when freeing.
   at: ~Dependency (servers/rendering/storage/utilities.cpp:56)
WARNING: Leaked instance dependency: Bug - did not call instance_notify_deleted when freeing.
   at: ~Dependency (servers/rendering/storage/utilities.cpp:56)
WARNING: Leaked instance dependency: Bug - did not call instance_notify_deleted when freeing.
   at: ~Dependency (servers/rendering/storage/utilities.cpp:56)
WARNING: Leaked instance dependency: Bug - did not call instance_notify_deleted when freeing.
   at: ~Dependency (servers/rendering/storage/utilities.cpp:56)
WARNING: Leaked instance dependency: Bug - did not call instance_notify_deleted when freeing.
   at: ~Dependency (servers/rendering/storage/utilities.cpp:56)
WARNING: Leaked instance dependency: Bug - did not call instance_notify_deleted when freeing.
   at: ~Dependency (servers/rendering/storage/utilities.cpp:56)
WARNING: Leaked instance dependency: Bug - did not call instance_notify_deleted when freeing.
   at: ~Dependency (servers/rendering/storage/utilities.cpp:56)
WARNING: Leaked instance dependency: Bug - did not call instance_notify_deleted when freeing.
   at: ~Dependency (servers/rendering/storage/utilities.cpp:56)
WARNING: Leaked instance dependency: Bug - did not call instance_notify_deleted when freeing.
   at: ~Dependency (servers/rendering/storage/utilities.cpp:56)
WARNING: Leaked instance dependency: Bug - did not call instance_notify_deleted when freeing.
   at: ~Dependency (servers/rendering/storage/utilities.cpp:56)
WARNING: Leaked instance dependency: Bug - did not call instance_notify_deleted when freeing.
   at: ~Dependency (servers/rendering/storage/utilities.cpp:56)
WARNING: Leaked instance dependency: Bug - did not call instance_notify_deleted when freeing.
   at: ~Dependency (servers/rendering/storage/utilities.cpp:56)
WARNING: Leaked instance dependency: Bug - did not call instance_notify_deleted when freeing.
   at: ~Dependency (servers/rendering/storage/utilities.cpp:56)
WARNING: Leaked instance dependency: Bug - did not call instance_notify_deleted when freeing.
   at: ~Dependency (servers/rendering/storage/utilities.cpp:56)
WARNING: Leaked instance dependency: Bug - did not call instance_notify_deleted when freeing.
   at: ~Dependency (servers/rendering/storage/utilities.cpp:56)
WARNING: Leaked instance dependency: Bug - did not call instance_notify_deleted when freeing.
   at: ~Dependency (servers/rendering/storage/utilities.cpp:56)
WARNING: Leaked instance dependency: Bug - did not call instance_notify_deleted when freeing.
   at: ~Dependency (servers/rendering/storage/utilities.cpp:56)
WARNING: Leaked instance dependency: Bug - did not call instance_notify_deleted when freeing.
   at: ~Dependency (servers/rendering/storage/utilities.cpp:56)
WARNING: Leaked instance dependency: Bug - did not call instance_notify_deleted when freeing.
   at: ~Dependency (servers/rendering/storage/utilities.cpp:56)
WARNING: Leaked instance dependency: Bug - did not call instance_notify_deleted when freeing.
   at: ~Dependency (servers/rendering/storage/utilities.cpp:56)
WARNING: Leaked instance dependency: Bug - did not call instance_notify_deleted when freeing.
   at: ~Dependency (servers/rendering/storage/utilities.cpp:56)
WARNING: Leaked instance dependency: Bug - did not call instance_notify_deleted when freeing.
   at: ~Dependency (servers/rendering/storage/utilities.cpp:56)
WARNING: Leaked instance dependency: Bug - did not call instance_notify_deleted when freeing.
   at: ~Dependency (servers/rendering/storage/utilities.cpp:56)
WARNING: Leaked instance dependency: Bug - did not call instance_notify_deleted when freeing.
   at: ~Dependency (servers/rendering/storage/utilities.cpp:56)
WARNING: Leaked instance dependency: Bug - did not call instance_notify_deleted when freeing.
   at: ~Dependency (servers/rendering/storage/utilities.cpp:56)
WARNING: Leaked instance dependency: Bug - did not call instance_notify_deleted when freeing.
   at: ~Dependency (servers/rendering/storage/utilities.cpp:56)
WARNING: Leaked instance dependency: Bug - did not call instance_notify_deleted when freeing.
   at: ~Dependency (servers/rendering/storage/utilities.cpp:56)
WARNING: Leaked instance dependency: Bug - did not call instance_notify_deleted when freeing.
   at: ~Dependency (servers/rendering/storage/utilities.cpp:56)
WARNING: Leaked instance dependency: Bug - did not call instance_notify_deleted when freeing.
   at: ~Dependency (servers/rendering/storage/utilities.cpp:56)
WARNING: Leaked instance dependency: Bug - did not call instance_notify_deleted when freeing.
   at: ~Dependency (servers/rendering/storage/utilities.cpp:56)
WARNING: Leaked instance dependency: Bug - did not call instance_notify_deleted when freeing.
   at: ~Dependency (servers/rendering/storage/utilities.cpp:56)
WARNING: Leaked instance dependency: Bug - did not call instance_notify_deleted when freeing.
   at: ~Dependency (servers/rendering/storage/utilities.cpp:56)
WARNING: Leaked instance dependency: Bug - did not call instance_notify_deleted when freeing.
   at: ~Dependency (servers/rendering/storage/utilities.cpp:56)
WARNING: Leaked instance dependency: Bug - did not call instance_notify_deleted when freeing.
   at: ~Dependency (servers/rendering/storage/utilities.cpp:56)
WARNING: Leaked instance dependency: Bug - did not call instance_notify_deleted when freeing.
   at: ~Dependency (servers/rendering/storage/utilities.cpp:56)
WARNING: Leaked instance dependency: Bug - did not call instance_notify_deleted when freeing.
   at: ~Dependency (servers/rendering/storage/utilities.cpp:56)
WARNING: Leaked instance dependency: Bug - did not call instance_notify_deleted when freeing.
   at: ~Dependency (servers/rendering/storage/utilities.cpp:56)
WARNING: Leaked instance dependency: Bug - did not call instance_notify_deleted when freeing.
   at: ~Dependency (servers/rendering/storage/utilities.cpp:56)
WARNING: Leaked instance dependency: Bug - did not call instance_notify_deleted when freeing.
   at: ~Dependency (servers/rendering/storage/utilities.cpp:56)
WARNING: Leaked instance dependency: Bug - did not call instance_notify_deleted when freeing.
   at: ~Dependency (servers/rendering/storage/utilities.cpp:56)
WARNING: Leaked instance dependency: Bug - did not call instance_notify_deleted when freeing.
   at: ~Dependency (servers/rendering/storage/utilities.cpp:56)
WARNING: Leaked instance dependency: Bug - did not call instance_notify_deleted when freeing.
   at: ~Dependency (servers/rendering/storage/utilities.cpp:56)
WARNING: Leaked instance dependency: Bug - did not call instance_notify_deleted when freeing.
   at: ~Dependency (servers/rendering/storage/utilities.cpp:56)
WARNING: Leaked instance dependency: Bug - did not call instance_notify_deleted when freeing.
   at: ~Dependency (servers/rendering/storage/utilities.cpp:56)
WARNING: Leaked instance dependency: Bug - did not call instance_notify_deleted when freeing.
   at: ~Dependency (servers/rendering/storage/utilities.cpp:56)
WARNING: Leaked instance dependency: Bug - did not call instance_notify_deleted when freeing.
   at: ~Dependency (servers/rendering/storage/utilities.cpp:56)
WARNING: Leaked instance dependency: Bug - did not call instance_notify_deleted when freeing.
   at: ~Dependency (servers/rendering/storage/utilities.cpp:56)
WARNING: Leaked instance dependency: Bug - did not call instance_notify_deleted when freeing.
   at: ~Dependency (servers/rendering/storage/utilities.cpp:56)
WARNING: Leaked instance dependency: Bug - did not call instance_notify_deleted when freeing.
   at: ~Dependency (servers/rendering/storage/utilities.cpp:56)
WARNING: Leaked instance dependency: Bug - did not call instance_notify_deleted when freeing.
   at: ~Dependency (servers/rendering/storage/utilities.cpp:56)
WARNING: Leaked instance dependency: Bug - did not call instance_notify_deleted when freeing.
   at: ~Dependency (servers/rendering/storage/utilities.cpp:56)
WARNING: Leaked instance dependency: Bug - did not call instance_notify_deleted when freeing.
   at: ~Dependency (servers/rendering/storage/utilities.cpp:56)
WARNING: Leaked instance dependency: Bug - did not call instance_notify_deleted when freeing.
   at: ~Dependency (servers/rendering/storage/utilities.cpp:56)
WARNING: Leaked instance dependency: Bug - did not call instance_notify_deleted when freeing.
   at: ~Dependency (servers/rendering/storage/utilities.cpp:56)
WARNING: Leaked instance dependency: Bug - did not call instance_notify_deleted when freeing.
   at: ~Dependency (servers/rendering/storage/utilities.cpp:56)
WARNING: Leaked instance dependency: Bug - did not call instance_notify_deleted when freeing.
   at: ~Dependency (servers/rendering/storage/utilities.cpp:56)
WARNING: Leaked instance dependency: Bug - did not call instance_notify_deleted when freeing.
   at: ~Dependency (servers/rendering/storage/utilities.cpp:56)
WARNING: Leaked instance dependency: Bug - did not call instance_notify_deleted when freeing.
   at: ~Dependency (servers/rendering/storage/utilities.cpp:56)
WARNING: Leaked instance dependency: Bug - did not call instance_notify_deleted when freeing.
   at: ~Dependency (servers/rendering/storage/utilities.cpp:56)
WARNING: Leaked instance dependency: Bug - did not call instance_notify_deleted when freeing.
   at: ~Dependency (servers/rendering/storage/utilities.cpp:56)
WARNING: Leaked instance dependency: Bug - did not call instance_notify_deleted when freeing.
   at: ~Dependency (servers/rendering/storage/utilities.cpp:56)
WARNING: Leaked instance dependency: Bug - did not call instance_notify_deleted when freeing.
   at: ~Dependency (servers/rendering/storage/utilities.cpp:56)
WARNING: Leaked instance dependency: Bug - did not call instance_notify_deleted when freeing.
   at: ~Dependency (servers/rendering/storage/utilities.cpp:56)
WARNING: Leaked instance dependency: Bug - did not call instance_notify_deleted when freeing.
   at: ~Dependency (servers/rendering/storage/utilities.cpp:56)
WARNING: Leaked instance dependency: Bug - did not call instance_notify_deleted when freeing.
   at: ~Dependency (servers/rendering/storage/utilities.cpp:56)
WARNING: Leaked instance dependency: Bug - did not call instance_notify_deleted when freeing.
   at: ~Dependency (servers/rendering/storage/utilities.cpp:56)
WARNING: Leaked instance dependency: Bug - did not call instance_notify_deleted when freeing.
   at: ~Dependency (servers/rendering/storage/utilities.cpp:56)
WARNING: Leaked instance dependency: Bug - did not call instance_notify_deleted when freeing.
   at: ~Dependency (servers/rendering/storage/utilities.cpp:56)
WARNING: Leaked instance dependency: Bug - did not call instance_notify_deleted when freeing.
   at: ~Dependency (servers/rendering/storage/utilities.cpp:56)
WARNING: Leaked instance dependency: Bug - did not call instance_notify_deleted when freeing.
   at: ~Dependency (servers/rendering/storage/utilities.cpp:56)
WARNING: Leaked instance dependency: Bug - did not call instance_notify_deleted when freeing.
   at: ~Dependency (servers/rendering/storage/utilities.cpp:56)
WARNING: Leaked instance dependency: Bug - did not call instance_notify_deleted when freeing.
   at: ~Dependency (servers/rendering/storage/utilities.cpp:56)
WARNING: Leaked instance dependency: Bug - did not call instance_notify_deleted when freeing.
   at: ~Dependency (servers/rendering/storage/utilities.cpp:56)
WARNING: Leaked instance dependency: Bug - did not call instance_notify_deleted when freeing.
   at: ~Dependency (servers/rendering/storage/utilities.cpp:56)
WARNING: Leaked instance dependency: Bug - did not call instance_notify_deleted when freeing.
   at: ~Dependency (servers/rendering/storage/utilities.cpp:56)
WARNING: Leaked instance dependency: Bug - did not call instance_notify_deleted when freeing.
   at: ~Dependency (servers/rendering/storage/utilities.cpp:56)
WARNING: Leaked instance dependency: Bug - did not call instance_notify_deleted when freeing.
   at: ~Dependency (servers/rendering/storage/utilities.cpp:56)
WARNING: Leaked instance dependency: Bug - did not call instance_notify_deleted when freeing.
   at: ~Dependency (servers/rendering/storage/utilities.cpp:56)
WARNING: Leaked instance dependency: Bug - did not call instance_notify_deleted when freeing.
   at: ~Dependency (servers/rendering/storage/utilities.cpp:56)
WARNING: Leaked instance dependency: Bug - did not call instance_notify_deleted when freeing.
   at: ~Dependency (servers/rendering/storage/utilities.cpp:56)
WARNING: Leaked instance dependency: Bug - did not call instance_notify_deleted when freeing.
   at: ~Dependency (servers/rendering/storage/utilities.cpp:56)
WARNING: Leaked instance dependency: Bug - did not call instance_notify_deleted when freeing.
   at: ~Dependency (servers/rendering/storage/utilities.cpp:56)
WARNING: Leaked instance dependency: Bug - did not call instance_notify_deleted when freeing.
   at: ~Dependency (servers/rendering/storage/utilities.cpp:56)
WARNING: Leaked instance dependency: Bug - did not call instance_notify_deleted when freeing.
   at: ~Dependency (servers/rendering/storage/utilities.cpp:56)
WARNING: Leaked instance dependency: Bug - did not call instance_notify_deleted when freeing.
   at: ~Dependency (servers/rendering/storage/utilities.cpp:56)
WARNING: Leaked instance dependency: Bug - did not call instance_notify_deleted when freeing.
   at: ~Dependency (servers/rendering/storage/utilities.cpp:56)
WARNING: Leaked instance dependency: Bug - did not call instance_notify_deleted when freeing.
   at: ~Dependency (servers/rendering/storage/utilities.cpp:56)
WARNING: Leaked instance dependency: Bug - did not call instance_notify_deleted when freeing.
   at: ~Dependency (servers/rendering/storage/utilities.cpp:56)
WARNING: Leaked instance dependency: Bug - did not call instance_notify_deleted when freeing.
   at: ~Dependency (servers/rendering/storage/utilities.cpp:56)
WARNING: Leaked instance dependency: Bug - did not call instance_notify_deleted when freeing.
   at: ~Dependency (servers/rendering/storage/utilities.cpp:56)
WARNING: Leaked instance dependency: Bug - did not call instance_notify_deleted when freeing.
   at: ~Dependency (servers/rendering/storage/utilities.cpp:56)
WARNING: Leaked instance dependency: Bug - did not call instance_notify_deleted when freeing.
   at: ~Dependency (servers/rendering/storage/utilities.cpp:56)
WARNING: Leaked instance dependency: Bug - did not call instance_notify_deleted when freeing.
   at: ~Dependency (servers/rendering/storage/utilities.cpp:56)
WARNING: Leaked instance dependency: Bug - did not call instance_notify_deleted when freeing.
   at: ~Dependency (servers/rendering/storage/utilities.cpp:56)
WARNING: Leaked instance dependency: Bug - did not call instance_notify_deleted when freeing.
   at: ~Dependency (servers/rendering/storage/utilities.cpp:56)
WARNING: Leaked instance dependency: Bug - did not call instance_notify_deleted when freeing.
   at: ~Dependency (servers/rendering/storage/utilities.cpp:56)
WARNING: Leaked instance dependency: Bug - did not call instance_notify_deleted when freeing.
   at: ~Dependency (servers/rendering/storage/utilities.cpp:56)
WARNING: Leaked instance dependency: Bug - did not call instance_notify_deleted when freeing.
   at: ~Dependency (servers/rendering/storage/utilities.cpp:56)
WARNING: Leaked instance dependency: Bug - did not call instance_notify_deleted when freeing.
   at: ~Dependency (servers/rendering/storage/utilities.cpp:56)
WARNING: Leaked instance dependency: Bug - did not call instance_notify_deleted when freeing.
   at: ~Dependency (servers/rendering/storage/utilities.cpp:56)
WARNING: Leaked instance dependency: Bug - did not call instance_notify_deleted when freeing.
   at: ~Dependency (servers/rendering/storage/utilities.cpp:56)
WARNING: Leaked instance dependency: Bug - did not call instance_notify_deleted when freeing.
   at: ~Dependency (servers/rendering/storage/utilities.cpp:56)
WARNING: Leaked instance dependency: Bug - did not call instance_notify_deleted when freeing.
   at: ~Dependency (servers/rendering/storage/utilities.cpp:56)
WARNING: Leaked instance dependency: Bug - did not call instance_notify_deleted when freeing.
   at: ~Dependency (servers/rendering/storage/utilities.cpp:56)
WARNING: Leaked instance dependency: Bug - did not call instance_notify_deleted when freeing.
   at: ~Dependency (servers/rendering/storage/utilities.cpp:56)
WARNING: Leaked instance dependency: Bug - did not call instance_notify_deleted when freeing.
   at: ~Dependency (servers/rendering/storage/utilities.cpp:56)
WARNING: Leaked instance dependency: Bug - did not call instance_notify_deleted when freeing.
   at: ~Dependency (servers/rendering/storage/utilities.cpp:56)
WARNING: Leaked instance dependency: Bug - did not call instance_notify_deleted when freeing.
   at: ~Dependency (servers/rendering/storage/utilities.cpp:56)
WARNING: Leaked instance dependency: Bug - did not call instance_notify_deleted when freeing.
   at: ~Dependency (servers/rendering/storage/utilities.cpp:56)
WARNING: Leaked instance dependency: Bug - did not call instance_notify_deleted when freeing.
   at: ~Dependency (servers/rendering/storage/utilities.cpp:56)
WARNING: Leaked instance dependency: Bug - did not call instance_notify_deleted when freeing.
   at: ~Dependency (servers/rendering/storage/utilities.cpp:56)
WARNING: Leaked instance dependency: Bug - did not call instance_notify_deleted when freeing.
   at: ~Dependency (servers/rendering/storage/utilities.cpp:56)
WARNING: Leaked instance dependency: Bug - did not call instance_notify_deleted when freeing.
   at: ~Dependency (servers/rendering/storage/utilities.cpp:56)
WARNING: Leaked instance dependency: Bug - did not call instance_notify_deleted when freeing.
   at: ~Dependency (servers/rendering/storage/utilities.cpp:56)
WARNING: Leaked instance dependency: Bug - did not call instance_notify_deleted when freeing.
   at: ~Dependency (servers/rendering/storage/utilities.cpp:56)
WARNING: Leaked instance dependency: Bug - did not call instance_notify_deleted when freeing.
   at: ~Dependency (servers/rendering/storage/utilities.cpp:56)
WARNING: Leaked instance dependency: Bug - did not call instance_notify_deleted when freeing.
   at: ~Dependency (servers/rendering/storage/utilities.cpp:56)
WARNING: Leaked instance dependency: Bug - did not call instance_notify_deleted when freeing.
   at: ~Dependency (servers/rendering/storage/utilities.cpp:56)
WARNING: Leaked instance dependency: Bug - did not call instance_notify_deleted when freeing.
   at: ~Dependency (servers/rendering/storage/utilities.cpp:56)
WARNING: Leaked instance dependency: Bug - did not call instance_notify_deleted when freeing.
   at: ~Dependency (servers/rendering/storage/utilities.cpp:56)
WARNING: Leaked instance dependency: Bug - did not call instance_notify_deleted when freeing.
   at: ~Dependency (servers/rendering/storage/utilities.cpp:56)
WARNING: Leaked instance dependency: Bug - did not call instance_notify_deleted when freeing.
   at: ~Dependency (servers/rendering/storage/utilities.cpp:56)
WARNING: Leaked instance dependency: Bug - did not call instance_notify_deleted when freeing.
   at: ~Dependency (servers/rendering/storage/utilities.cpp:56)
WARNING: Leaked instance dependency: Bug - did not call instance_notify_deleted when freeing.
   at: ~Dependency (servers/rendering/storage/utilities.cpp:56)
WARNING: Leaked instance dependency: Bug - did not call instance_notify_deleted when freeing.
   at: ~Dependency (servers/rendering/storage/utilities.cpp:56)
WARNING: Leaked instance dependency: Bug - did not call instance_notify_deleted when freeing.
   at: ~Dependency (servers/rendering/storage/utilities.cpp:56)
WARNING: Leaked instance dependency: Bug - did not call instance_notify_deleted when freeing.
   at: ~Dependency (servers/rendering/storage/utilities.cpp:56)
WARNING: Leaked instance dependency: Bug - did not call instance_notify_deleted when freeing.
   at: ~Dependency (servers/rendering/storage/utilities.cpp:56)
WARNING: Leaked instance dependency: Bug - did not call instance_notify_deleted when freeing.
   at: ~Dependency (servers/rendering/storage/utilities.cpp:56)
WARNING: Leaked instance dependency: Bug - did not call instance_notify_deleted when freeing.
   at: ~Dependency (servers/rendering/storage/utilities.cpp:56)
WARNING: Leaked instance dependency: Bug - did not call instance_notify_deleted when freeing.
   at: ~Dependency (servers/rendering/storage/utilities.cpp:56)
WARNING: Leaked instance dependency: Bug - did not call instance_notify_deleted when freeing.
   at: ~Dependency (servers/rendering/storage/utilities.cpp:56)
WARNING: Leaked instance dependency: Bug - did not call instance_notify_deleted when freeing.
   at: ~Dependency (servers/rendering/storage/utilities.cpp:56)
WARNING: Leaked instance dependency: Bug - did not call instance_notify_deleted when freeing.
   at: ~Dependency (servers/rendering/storage/utilities.cpp:56)
WARNING: Leaked instance dependency: Bug - did not call instance_notify_deleted when freeing.
   at: ~Dependency (servers/rendering/storage/utilities.cpp:56)
WARNING: Leaked instance dependency: Bug - did not call instance_notify_deleted when freeing.
   at: ~Dependency (servers/rendering/storage/utilities.cpp:56)
WARNING: Leaked instance dependency: Bug - did not call instance_notify_deleted when freeing.
   at: ~Dependency (servers/rendering/storage/utilities.cpp:56)
WARNING: Leaked instance dependency: Bug - did not call instance_notify_deleted when freeing.
   at: ~Dependency (servers/rendering/storage/utilities.cpp:56)
WARNING: Leaked instance dependency: Bug - did not call instance_notify_deleted when freeing.
   at: ~Dependency (servers/rendering/storage/utilities.cpp:56)
WARNING: Leaked instance dependency: Bug - did not call instance_notify_deleted when freeing.
   at: ~Dependency (servers/rendering/storage/utilities.cpp:56)
WARNING: Leaked instance dependency: Bug - did not call instance_notify_deleted when freeing.
   at: ~Dependency (servers/rendering/storage/utilities.cpp:56)
WARNING: Leaked instance dependency: Bug - did not call instance_notify_deleted when freeing.
   at: ~Dependency (servers/rendering/storage/utilities.cpp:56)
WARNING: Leaked instance dependency: Bug - did not call instance_notify_deleted when freeing.
   at: ~Dependency (servers/rendering/storage/utilities.cpp:56)
WARNING: Leaked instance dependency: Bug - did not call instance_notify_deleted when freeing.
   at: ~Dependency (servers/rendering/storage/utilities.cpp:56)
WARNING: Leaked instance dependency: Bug - did not call instance_notify_deleted when freeing.
   at: ~Dependency (servers/rendering/storage/utilities.cpp:56)
WARNING: Leaked instance dependency: Bug - did not call instance_notify_deleted when freeing.
   at: ~Dependency (servers/rendering/storage/utilities.cpp:56)
WARNING: Leaked instance dependency: Bug - did not call instance_notify_deleted when freeing.
   at: ~Dependency (servers/rendering/storage/utilities.cpp:56)
WARNING: Leaked instance dependency: Bug - did not call instance_notify_deleted when freeing.
   at: ~Dependency (servers/rendering/storage/utilities.cpp:56)
WARNING: Leaked instance dependency: Bug - did not call instance_notify_deleted when freeing.
   at: ~Dependency (servers/rendering/storage/utilities.cpp:56)
WARNING: Leaked instance dependency: Bug - did not call instance_notify_deleted when freeing.
   at: ~Dependency (servers/rendering/storage/utilities.cpp:56)
WARNING: Leaked instance dependency: Bug - did not call instance_notify_deleted when freeing.
   at: ~Dependency (servers/rendering/storage/utilities.cpp:56)
WARNING: Leaked instance dependency: Bug - did not call instance_notify_deleted when freeing.
   at: ~Dependency (servers/rendering/storage/utilities.cpp:56)
WARNING: Leaked instance dependency: Bug - did not call instance_notify_deleted when freeing.
   at: ~Dependency (servers/rendering/storage/utilities.cpp:56)
WARNING: Leaked instance dependency: Bug - did not call instance_notify_deleted when freeing.
   at: ~Dependency (servers/rendering/storage/utilities.cpp:56)
WARNING: Leaked instance dependency: Bug - did not call instance_notify_deleted when freeing.
   at: ~Dependency (servers/rendering/storage/utilities.cpp:56)
WARNING: Leaked instance dependency: Bug - did not call instance_notify_deleted when freeing.
   at: ~Dependency (servers/rendering/storage/utilities.cpp:56)
WARNING: Leaked instance dependency: Bug - did not call instance_notify_deleted when freeing.
   at: ~Dependency (servers/rendering/storage/utilities.cpp:56)
WARNING: Leaked instance dependency: Bug - did not call instance_notify_deleted when freeing.
   at: ~Dependency (servers/rendering/storage/utilities.cpp:56)
WARNING: Leaked instance dependency: Bug - did not call instance_notify_deleted when freeing.
   at: ~Dependency (servers/rendering/storage/utilities.cpp:56)
WARNING: Leaked instance dependency: Bug - did not call instance_notify_deleted when freeing.
   at: ~Dependency (servers/rendering/storage/utilities.cpp:56)
WARNING: Leaked instance dependency: Bug - did not call instance_notify_deleted when freeing.
   at: ~Dependency (servers/rendering/storage/utilities.cpp:56)
WARNING: Leaked instance dependency: Bug - did not call instance_notify_deleted when freeing.
   at: ~Dependency (servers/rendering/storage/utilities.cpp:56)
WARNING: Leaked instance dependency: Bug - did not call instance_notify_deleted when freeing.
   at: ~Dependency (servers/rendering/storage/utilities.cpp:56)
WARNING: Leaked instance dependency: Bug - did not call instance_notify_deleted when freeing.
   at: ~Dependency (servers/rendering/storage/utilities.cpp:56)
WARNING: Leaked instance dependency: Bug - did not call instance_notify_deleted when freeing.
   at: ~Dependency (servers/rendering/storage/utilities.cpp:56)
WARNING: Leaked instance dependency: Bug - did not call instance_notify_deleted when freeing.
   at: ~Dependency (servers/rendering/storage/utilities.cpp:56)
WARNING: Leaked instance dependency: Bug - did not call instance_notify_deleted when freeing.
   at: ~Dependency (servers/rendering/storage/utilities.cpp:56)
WARNING: Leaked instance dependency: Bug - did not call instance_notify_deleted when freeing.
   at: ~Dependency (servers/rendering/storage/utilities.cpp:56)
WARNING: Leaked instance dependency: Bug - did not call instance_notify_deleted when freeing.
   at: ~Dependency (servers/rendering/storage/utilities.cpp:56)
WARNING: Leaked instance dependency: Bug - did not call instance_notify_deleted when freeing.
   at: ~Dependency (servers/rendering/storage/utilities.cpp:56)
WARNING: Leaked instance dependency: Bug - did not call instance_notify_deleted when freeing.
   at: ~Dependency (servers/rendering/storage/utilities.cpp:56)
WARNING: Leaked instance dependency: Bug - did not call instance_notify_deleted when freeing.
   at: ~Dependency (servers/rendering/storage/utilities.cpp:56)
WARNING: Leaked instance dependency: Bug - did not call instance_notify_deleted when freeing.
   at: ~Dependency (servers/rendering/storage/utilities.cpp:56)
WARNING: Leaked instance dependency: Bug - did not call instance_notify_deleted when freeing.
   at: ~Dependency (servers/rendering/storage/utilities.cpp:56)
WARNING: Leaked instance dependency: Bug - did not call instance_notify_deleted when freeing.
   at: ~Dependency (servers/rendering/storage/utilities.cpp:56)
WARNING: Leaked instance dependency: Bug - did not call instance_notify_deleted when freeing.
   at: ~Dependency (servers/rendering/storage/utilities.cpp:56)
WARNING: Leaked instance dependency: Bug - did not call instance_notify_deleted when freeing.
   at: ~Dependency (servers/rendering/storage/utilities.cpp:56)
WARNING: Leaked instance dependency: Bug - did not call instance_notify_deleted when freeing.
   at: ~Dependency (servers/rendering/storage/utilities.cpp:56)
WARNING: Leaked instance dependency: Bug - did not call instance_notify_deleted when freeing.
   at: ~Dependency (servers/rendering/storage/utilities.cpp:56)
WARNING: Leaked instance dependency: Bug - did not call instance_notify_deleted when freeing.
   at: ~Dependency (servers/rendering/storage/utilities.cpp:56)
WARNING: Leaked instance dependency: Bug - did not call instance_notify_deleted when freeing.
   at: ~Dependency (servers/rendering/storage/utilities.cpp:56)
WARNING: Leaked instance dependency: Bug - did not call instance_notify_deleted when freeing.
   at: ~Dependency (servers/rendering/storage/utilities.cpp:56)
WARNING: Leaked instance dependency: Bug - did not call instance_notify_deleted when freeing.
   at: ~Dependency (servers/rendering/storage/utilities.cpp:56)
WARNING: Leaked instance dependency: Bug - did not call instance_notify_deleted when freeing.
   at: ~Dependency (servers/rendering/storage/utilities.cpp:56)
WARNING: Leaked instance dependency: Bug - did not call instance_notify_deleted when freeing.
   at: ~Dependency (servers/rendering/storage/utilities.cpp:56)
WARNING: Leaked instance dependency: Bug - did not call instance_notify_deleted when freeing.
   at: ~Dependency (servers/rendering/storage/utilities.cpp:56)
WARNING: Leaked instance dependency: Bug - did not call instance_notify_deleted when freeing.
   at: ~Dependency (servers/rendering/storage/utilities.cpp:56)
WARNING: Leaked instance dependency: Bug - did not call instance_notify_deleted when freeing.
   at: ~Dependency (servers/rendering/storage/utilities.cpp:56)
WARNING: Leaked instance dependency: Bug - did not call instance_notify_deleted when freeing.
   at: ~Dependency (servers/rendering/storage/utilities.cpp:56)
WARNING: Leaked instance dependency: Bug - did not call instance_notify_deleted when freeing.
   at: ~Dependency (servers/rendering/storage/utilities.cpp:56)
WARNING: Leaked instance dependency: Bug - did not call instance_notify_deleted when freeing.
   at: ~Dependency (servers/rendering/storage/utilities.cpp:56)
WARNING: Leaked instance dependency: Bug - did not call instance_notify_deleted when freeing.
   at: ~Dependency (servers/rendering/storage/utilities.cpp:56)
WARNING: Leaked instance dependency: Bug - did not call instance_notify_deleted when freeing.
   at: ~Dependency (servers/rendering/storage/utilities.cpp:56)
WARNING: Leaked instance dependency: Bug - did not call instance_notify_deleted when freeing.
   at: ~Dependency (servers/rendering/storage/utilities.cpp:56)
WARNING: Leaked instance dependency: Bug - did not call instance_notify_deleted when freeing.
   at: ~Dependency (servers/rendering/storage/utilities.cpp:56)
WARNING: Leaked instance dependency: Bug - did not call instance_notify_deleted when freeing.
   at: ~Dependency (servers/rendering/storage/utilities.cpp:56)
WARNING: Leaked instance dependency: Bug - did not call instance_notify_deleted when freeing.
   at: ~Dependency (servers/rendering/storage/utilities.cpp:56)
WARNING: Leaked instance dependency: Bug - did not call instance_notify_deleted when freeing.
   at: ~Dependency (servers/rendering/storage/utilities.cpp:56)
WARNING: Leaked instance dependency: Bug - did not call instance_notify_deleted when freeing.
   at: ~Dependency (servers/rendering/storage/utilities.cpp:56)
WARNING: Leaked instance dependency: Bug - did not call instance_notify_deleted when freeing.
   at: ~Dependency (servers/rendering/storage/utilities.cpp:56)
WARNING: Leaked instance dependency: Bug - did not call instance_notify_deleted when freeing.
   at: ~Dependency (servers/rendering/storage/utilities.cpp:56)
WARNING: Leaked instance dependency: Bug - did not call instance_notify_deleted when freeing.
   at: ~Dependency (servers/rendering/storage/utilities.cpp:56)
WARNING: Leaked instance dependency: Bug - did not call instance_notify_deleted when freeing.
   at: ~Dependency (servers/rendering/storage/utilities.cpp:56)
WARNING: Leaked instance dependency: Bug - did not call instance_notify_deleted when freeing.
   at: ~Dependency (servers/rendering/storage/utilities.cpp:56)
WARNING: Leaked instance dependency: Bug - did not call instance_notify_deleted when freeing.
   at: ~Dependency (servers/rendering/storage/utilities.cpp:56)
WARNING: Leaked instance dependency: Bug - did not call instance_notify_deleted when freeing.
   at: ~Dependency (servers/rendering/storage/utilities.cpp:56)
WARNING: Leaked instance dependency: Bug - did not call instance_notify_deleted when freeing.
   at: ~Dependency (servers/rendering/storage/utilities.cpp:56)
WARNING: Leaked instance dependency: Bug - did not call instance_notify_deleted when freeing.
   at: ~Dependency (servers/rendering/storage/utilities.cpp:56)
WARNING: Leaked instance dependency: Bug - did not call instance_notify_deleted when freeing.
   at: ~Dependency (servers/rendering/storage/utilities.cpp:56)
WARNING: Leaked instance dependency: Bug - did not call instance_notify_deleted when freeing.
   at: ~Dependency (servers/rendering/storage/utilities.cpp:56)
WARNING: Leaked instance dependency: Bug - did not call instance_notify_deleted when freeing.
   at: ~Dependency (servers/rendering/storage/utilities.cpp:56)
WARNING: Leaked instance dependency: Bug - did not call instance_notify_deleted when freeing.
   at: ~Dependency (servers/rendering/storage/utilities.cpp:56)
WARNING: Leaked instance dependency: Bug - did not call instance_notify_deleted when freeing.
   at: ~Dependency (servers/rendering/storage/utilities.cpp:56)
WARNING: Leaked instance dependency: Bug - did not call instance_notify_deleted when freeing.
   at: ~Dependency (servers/rendering/storage/utilities.cpp:56)
WARNING: Leaked instance dependency: Bug - did not call instance_notify_deleted when freeing.
   at: ~Dependency (servers/rendering/storage/utilities.cpp:56)
WARNING: Leaked instance dependency: Bug - did not call instance_notify_deleted when freeing.
   at: ~Dependency (servers/rendering/storage/utilities.cpp:56)
WARNING: Leaked instance dependency: Bug - did not call instance_notify_deleted when freeing.
   at: ~Dependency (servers/rendering/storage/utilities.cpp:56)
WARNING: Leaked instance dependency: Bug - did not call instance_notify_deleted when freeing.
   at: ~Dependency (servers/rendering/storage/utilities.cpp:56)
WARNING: Leaked instance dependency: Bug - did not call instance_notify_deleted when freeing.
   at: ~Dependency (servers/rendering/storage/utilities.cpp:56)
WARNING: Leaked instance dependency: Bug - did not call instance_notify_deleted when freeing.
   at: ~Dependency (servers/rendering/storage/utilities.cpp:56)
WARNING: Leaked instance dependency: Bug - did not call instance_notify_deleted when freeing.
   at: ~Dependency (servers/rendering/storage/utilities.cpp:56)
WARNING: Leaked instance dependency: Bug - did not call instance_notify_deleted when freeing.
   at: ~Dependency (servers/rendering/storage/utilities.cpp:56)
WARNING: Leaked instance dependency: Bug - did not call instance_notify_deleted when freeing.
   at: ~Dependency (servers/rendering/storage/utilities.cpp:56)
WARNING: Leaked instance dependency: Bug - did not call instance_notify_deleted when freeing.
   at: ~Dependency (servers/rendering/storage/utilities.cpp:56)
WARNING: Leaked instance dependency: Bug - did not call instance_notify_deleted when freeing.
   at: ~Dependency (servers/rendering/storage/utilities.cpp:56)
WARNING: Leaked instance dependency: Bug - did not call instance_notify_deleted when freeing.
   at: ~Dependency (servers/rendering/storage/utilities.cpp:56)
WARNING: Leaked instance dependency: Bug - did not call instance_notify_deleted when freeing.
   at: ~Dependency (servers/rendering/storage/utilities.cpp:56)
WARNING: Leaked instance dependency: Bug - did not call instance_notify_deleted when freeing.
   at: ~Dependency (servers/rendering/storage/utilities.cpp:56)
WARNING: Leaked instance dependency: Bug - did not call instance_notify_deleted when freeing.
   at: ~Dependency (servers/rendering/storage/utilities.cpp:56)
WARNING: Leaked instance dependency: Bug - did not call instance_notify_deleted when freeing.
   at: ~Dependency (servers/rendering/storage/utilities.cpp:56)
WARNING: Leaked instance dependency: Bug - did not call instance_notify_deleted when freeing.
   at: ~Dependency (servers/rendering/storage/utilities.cpp:56)
WARNING: Leaked instance dependency: Bug - did not call instance_notify_deleted when freeing.
   at: ~Dependency (servers/rendering/storage/utilities.cpp:56)
WARNING: Leaked instance dependency: Bug - did not call instance_notify_deleted when freeing.
   at: ~Dependency (servers/rendering/storage/utilities.cpp:56)
WARNING: Leaked instance dependency: Bug - did not call instance_notify_deleted when freeing.
   at: ~Dependency (servers/rendering/storage/utilities.cpp:56)
WARNING: Leaked instance dependency: Bug - did not call instance_notify_deleted when freeing.
   at: ~Dependency (servers/rendering/storage/utilities.cpp:56)
WARNING: Leaked instance dependency: Bug - did not call instance_notify_deleted when freeing.
   at: ~Dependency (servers/rendering/storage/utilities.cpp:56)
WARNING: Leaked instance dependency: Bug - did not call instance_notify_deleted when freeing.
   at: ~Dependency (servers/rendering/storage/utilities.cpp:56)
WARNING: Leaked instance dependency: Bug - did not call instance_notify_deleted when freeing.
   at: ~Dependency (servers/rendering/storage/utilities.cpp:56)
WARNING: Leaked instance dependency: Bug - did not call instance_notify_deleted when freeing.
   at: ~Dependency (servers/rendering/storage/utilities.cpp:56)
WARNING: Leaked instance dependency: Bug - did not call instance_notify_deleted when freeing.
   at: ~Dependency (servers/rendering/storage/utilities.cpp:56)
WARNING: Leaked instance dependency: Bug - did not call instance_notify_deleted when freeing.
   at: ~Dependency (servers/rendering/storage/utilities.cpp:56)
WARNING: Leaked instance dependency: Bug - did not call instance_notify_deleted when freeing.
   at: ~Dependency (servers/rendering/storage/utilities.cpp:56)
WARNING: Leaked instance dependency: Bug - did not call instance_notify_deleted when freeing.
   at: ~Dependency (servers/rendering/storage/utilities.cpp:56)
WARNING: Leaked instance dependency: Bug - did not call instance_notify_deleted when freeing.
   at: ~Dependency (servers/rendering/storage/utilities.cpp:56)
WARNING: Leaked instance dependency: Bug - did not call instance_notify_deleted when freeing.
   at: ~Dependency (servers/rendering/storage/utilities.cpp:56)
WARNING: Leaked instance dependency: Bug - did not call instance_notify_deleted when freeing.
   at: ~Dependency (servers/rendering/storage/utilities.cpp:56)
WARNING: Leaked instance dependency: Bug - did not call instance_notify_deleted when freeing.
   at: ~Dependency (servers/rendering/storage/utilities.cpp:56)
WARNING: Leaked instance dependency: Bug - did not call instance_notify_deleted when freeing.
   at: ~Dependency (servers/rendering/storage/utilities.cpp:56)
WARNING: Leaked instance dependency: Bug - did not call instance_notify_deleted when freeing.
   at: ~Dependency (servers/rendering/storage/utilities.cpp:56)
WARNING: Leaked instance dependency: Bug - did not call instance_notify_deleted when freeing.
   at: ~Dependency (servers/rendering/storage/utilities.cpp:56)
WARNING: Leaked instance dependency: Bug - did not call instance_notify_deleted when freeing.
   at: ~Dependency (servers/rendering/storage/utilities.cpp:56)
WARNING: Leaked instance dependency: Bug - did not call instance_notify_deleted when freeing.
   at: ~Dependency (servers/rendering/storage/utilities.cpp:56)
WARNING: Leaked instance dependency: Bug - did not call instance_notify_deleted when freeing.
   at: ~Dependency (servers/rendering/storage/utilities.cpp:56)
WARNING: Leaked instance dependency: Bug - did not call instance_notify_deleted when freeing.
   at: ~Dependency (servers/rendering/storage/utilities.cpp:56)
WARNING: Leaked instance dependency: Bug - did not call instance_notify_deleted when freeing.
   at: ~Dependency (servers/rendering/storage/utilities.cpp:56)
WARNING: Leaked instance dependency: Bug - did not call instance_notify_deleted when freeing.
   at: ~Dependency (servers/rendering/storage/utilities.cpp:56)
WARNING: Leaked instance dependency: Bug - did not call instance_notify_deleted when freeing.
   at: ~Dependency (servers/rendering/storage/utilities.cpp:56)
WARNING: Leaked instance dependency: Bug - did not call instance_notify_deleted when freeing.
   at: ~Dependency (servers/rendering/storage/utilities.cpp:56)
WARNING: Leaked instance dependency: Bug - did not call instance_notify_deleted when freeing.
   at: ~Dependency (servers/rendering/storage/utilities.cpp:56)
WARNING: Leaked instance dependency: Bug - did not call instance_notify_deleted when freeing.
   at: ~Dependency (servers/rendering/storage/utilities.cpp:56)
WARNING: Leaked instance dependency: Bug - did not call instance_notify_deleted when freeing.
   at: ~Dependency (servers/rendering/storage/utilities.cpp:56)
WARNING: Leaked instance dependency: Bug - did not call instance_notify_deleted when freeing.
   at: ~Dependency (servers/rendering/storage/utilities.cpp:56)
WARNING: Leaked instance dependency: Bug - did not call instance_notify_deleted when freeing.
   at: ~Dependency (servers/rendering/storage/utilities.cpp:56)
WARNING: Leaked instance dependency: Bug - did not call instance_notify_deleted when freeing.
   at: ~Dependency (servers/rendering/storage/utilities.cpp:56)
WARNING: Leaked instance dependency: Bug - did not call instance_notify_deleted when freeing.
   at: ~Dependency (servers/rendering/storage/utilities.cpp:56)
WARNING: Leaked instance dependency: Bug - did not call instance_notify_deleted when freeing.
   at: ~Dependency (servers/rendering/storage/utilities.cpp:56)
WARNING: Leaked instance dependency: Bug - did not call instance_notify_deleted when freeing.
   at: ~Dependency (servers/rendering/storage/utilities.cpp:56)
WARNING: Leaked instance dependency: Bug - did not call instance_notify_deleted when freeing.
   at: ~Dependency (servers/rendering/storage/utilities.cpp:56)
WARNING: Leaked instance dependency: Bug - did not call instance_notify_deleted when freeing.
   at: ~Dependency (servers/rendering/storage/utilities.cpp:56)
WARNING: Leaked instance dependency: Bug - did not call instance_notify_deleted when freeing.
   at: ~Dependency (servers/rendering/storage/utilities.cpp:56)
WARNING: Leaked instance dependency: Bug - did not call instance_notify_deleted when freeing.
   at: ~Dependency (servers/rendering/storage/utilities.cpp:56)
WARNING: Leaked instance dependency: Bug - did not call instance_notify_deleted when freeing.
   at: ~Dependency (servers/rendering/storage/utilities.cpp:56)
WARNING: Leaked instance dependency: Bug - did not call instance_notify_deleted when freeing.
   at: ~Dependency (servers/rendering/storage/utilities.cpp:56)
WARNING: Leaked instance dependency: Bug - did not call instance_notify_deleted when freeing.
   at: ~Dependency (servers/rendering/storage/utilities.cpp:56)
WARNING: Leaked instance dependency: Bug - did not call instance_notify_deleted when freeing.
   at: ~Dependency (servers/rendering/storage/utilities.cpp:56)
WARNING: Leaked instance dependency: Bug - did not call instance_notify_deleted when freeing.
   at: ~Dependency (servers/rendering/storage/utilities.cpp:56)
WARNING: Leaked instance dependency: Bug - did not call instance_notify_deleted when freeing.
   at: ~Dependency (servers/rendering/storage/utilities.cpp:56)
WARNING: Leaked instance dependency: Bug - did not call instance_notify_deleted when freeing.
   at: ~Dependency (servers/rendering/storage/utilities.cpp:56)
WARNING: Leaked instance dependency: Bug - did not call instance_notify_deleted when freeing.
   at: ~Dependency (servers/rendering/storage/utilities.cpp:56)
WARNING: Leaked instance dependency: Bug - did not call instance_notify_deleted when freeing.
   at: ~Dependency (servers/rendering/storage/utilities.cpp:56)
WARNING: Leaked instance dependency: Bug - did not call instance_notify_deleted when freeing.
   at: ~Dependency (servers/rendering/storage/utilities.cpp:56)
WARNING: Leaked instance dependency: Bug - did not call instance_notify_deleted when freeing.
   at: ~Dependency (servers/rendering/storage/utilities.cpp:56)
WARNING: Leaked instance dependency: Bug - did not call instance_notify_deleted when freeing.
   at: ~Dependency (servers/rendering/storage/utilities.cpp:56)
WARNING: Leaked instance dependency: Bug - did not call instance_notify_deleted when freeing.
   at: ~Dependency (servers/rendering/storage/utilities.cpp:56)
WARNING: Leaked instance dependency: Bug - did not call instance_notify_deleted when freeing.
   at: ~Dependency (servers/rendering/storage/utilities.cpp:56)
WARNING: Leaked instance dependency: Bug - did not call instance_notify_deleted when freeing.
   at: ~Dependency (servers/rendering/storage/utilities.cpp:56)
WARNING: Leaked instance dependency: Bug - did not call instance_notify_deleted when freeing.
   at: ~Dependency (servers/rendering/storage/utilities.cpp:56)
WARNING: Leaked instance dependency: Bug - did not call instance_notify_deleted when freeing.
   at: ~Dependency (servers/rendering/storage/utilities.cpp:56)
WARNING: Leaked instance dependency: Bug - did not call instance_notify_deleted when freeing.
   at: ~Dependency (servers/rendering/storage/utilities.cpp:56)
WARNING: Leaked instance dependency: Bug - did not call instance_notify_deleted when freeing.
   at: ~Dependency (servers/rendering/storage/utilities.cpp:56)
WARNING: Leaked instance dependency: Bug - did not call instance_notify_deleted when freeing.
   at: ~Dependency (servers/rendering/storage/utilities.cpp:56)
WARNING: Leaked instance dependency: Bug - did not call instance_notify_deleted when freeing.
   at: ~Dependency (servers/rendering/storage/utilities.cpp:56)
WARNING: Leaked instance dependency: Bug - did not call instance_notify_deleted when freeing.
   at: ~Dependency (servers/rendering/storage/utilities.cpp:56)
WARNING: Leaked instance dependency: Bug - did not call instance_notify_deleted when freeing.
   at: ~Dependency (servers/rendering/storage/utilities.cpp:56)
WARNING: Leaked instance dependency: Bug - did not call instance_notify_deleted when freeing.
   at: ~Dependency (servers/rendering/storage/utilities.cpp:56)
WARNING: Leaked instance dependency: Bug - did not call instance_notify_deleted when freeing.
   at: ~Dependency (servers/rendering/storage/utilities.cpp:56)
WARNING: Leaked instance dependency: Bug - did not call instance_notify_deleted when freeing.
   at: ~Dependency (servers/rendering/storage/utilities.cpp:56)
WARNING: Leaked instance dependency: Bug - did not call instance_notify_deleted when freeing.
   at: ~Dependency (servers/rendering/storage/utilities.cpp:56)
WARNING: Leaked instance dependency: Bug - did not call instance_notify_deleted when freeing.
   at: ~Dependency (servers/rendering/storage/utilities.cpp:56)
WARNING: Leaked instance dependency: Bug - did not call instance_notify_deleted when freeing.
   at: ~Dependency (servers/rendering/storage/utilities.cpp:56)
WARNING: Leaked instance dependency: Bug - did not call instance_notify_deleted when freeing.
   at: ~Dependency (servers/rendering/storage/utilities.cpp:56)
WARNING: Leaked instance dependency: Bug - did not call instance_notify_deleted when freeing.
   at: ~Dependency (servers/rendering/storage/utilities.cpp:56)
WARNING: Leaked instance dependency: Bug - did not call instance_notify_deleted when freeing.
   at: ~Dependency (servers/rendering/storage/utilities.cpp:56)
WARNING: Leaked instance dependency: Bug - did not call instance_notify_deleted when freeing.
   at: ~Dependency (servers/rendering/storage/utilities.cpp:56)
WARNING: Leaked instance dependency: Bug - did not call instance_notify_deleted when freeing.
   at: ~Dependency (servers/rendering/storage/utilities.cpp:56)
WARNING: Leaked instance dependency: Bug - did not call instance_notify_deleted when freeing.
   at: ~Dependency (servers/rendering/storage/utilities.cpp:56)
WARNING: Leaked instance dependency: Bug - did not call instance_notify_deleted when freeing.
   at: ~Dependency (servers/rendering/storage/utilities.cpp:56)
WARNING: Leaked instance dependency: Bug - did not call instance_notify_deleted when freeing.
   at: ~Dependency (servers/rendering/storage/utilities.cpp:56)
WARNING: Leaked instance dependency: Bug - did not call instance_notify_deleted when freeing.
   at: ~Dependency (servers/rendering/storage/utilities.cpp:56)
WARNING: Leaked instance dependency: Bug - did not call instance_notify_deleted when freeing.
   at: ~Dependency (servers/rendering/storage/utilities.cpp:56)
WARNING: Leaked instance dependency: Bug - did not call instance_notify_deleted when freeing.
   at: ~Dependency (servers/rendering/storage/utilities.cpp:56)
WARNING: Leaked instance dependency: Bug - did not call instance_notify_deleted when freeing.
   at: ~Dependency (servers/rendering/storage/utilities.cpp:56)
WARNING: Leaked instance dependency: Bug - did not call instance_notify_deleted when freeing.
   at: ~Dependency (servers/rendering/storage/utilities.cpp:56)
WARNING: Leaked instance dependency: Bug - did not call instance_notify_deleted when freeing.
   at: ~Dependency (servers/rendering/storage/utilities.cpp:56)
WARNING: Leaked instance dependency: Bug - did not call instance_notify_deleted when freeing.
   at: ~Dependency (servers/rendering/storage/utilities.cpp:56)
WARNING: Leaked instance dependency: Bug - did not call instance_notify_deleted when freeing.
   at: ~Dependency (servers/rendering/storage/utilities.cpp:56)
WARNING: Leaked instance dependency: Bug - did not call instance_notify_deleted when freeing.
   at: ~Dependency (servers/rendering/storage/utilities.cpp:56)
WARNING: Leaked instance dependency: Bug - did not call instance_notify_deleted when freeing.
   at: ~Dependency (servers/rendering/storage/utilities.cpp:56)
WARNING: Leaked instance dependency: Bug - did not call instance_notify_deleted when freeing.
   at: ~Dependency (servers/rendering/storage/utilities.cpp:56)
WARNING: Leaked instance dependency: Bug - did not call instance_notify_deleted when freeing.
   at: ~Dependency (servers/rendering/storage/utilities.cpp:56)
WARNING: Leaked instance dependency: Bug - did not call instance_notify_deleted when freeing.
   at: ~Dependency (servers/rendering/storage/utilities.cpp:56)
WARNING: Leaked instance dependency: Bug - did not call instance_notify_deleted when freeing.
   at: ~Dependency (servers/rendering/storage/utilities.cpp:56)
WARNING: Leaked instance dependency: Bug - did not call instance_notify_deleted when freeing.
   at: ~Dependency (servers/rendering/storage/utilities.cpp:56)
WARNING: Leaked instance dependency: Bug - did not call instance_notify_deleted when freeing.
   at: ~Dependency (servers/rendering/storage/utilities.cpp:56)
WARNING: Leaked instance dependency: Bug - did not call instance_notify_deleted when freeing.
   at: ~Dependency (servers/rendering/storage/utilities.cpp:56)
WARNING: Leaked instance dependency: Bug - did not call instance_notify_deleted when freeing.
   at: ~Dependency (servers/rendering/storage/utilities.cpp:56)
WARNING: Leaked instance dependency: Bug - did not call instance_notify_deleted when freeing.
   at: ~Dependency (servers/rendering/storage/utilities.cpp:56)
WARNING: Leaked instance dependency: Bug - did not call instance_notify_deleted when freeing.
   at: ~Dependency (servers/rendering/storage/utilities.cpp:56)
WARNING: Leaked instance dependency: Bug - did not call instance_notify_deleted when freeing.
   at: ~Dependency (servers/rendering/storage/utilities.cpp:56)
WARNING: Leaked instance dependency: Bug - did not call instance_notify_deleted when freeing.
   at: ~Dependency (servers/rendering/storage/utilities.cpp:56)
WARNING: Leaked instance dependency: Bug - did not call instance_notify_deleted when freeing.
   at: ~Dependency (servers/rendering/storage/utilities.cpp:56)
WARNING: Leaked instance dependency: Bug - did not call instance_notify_deleted when freeing.
   at: ~Dependency (servers/rendering/storage/utilities.cpp:56)
WARNING: Leaked instance dependency: Bug - did not call instance_notify_deleted when freeing.
   at: ~Dependency (servers/rendering/storage/utilities.cpp:56)
WARNING: Leaked instance dependency: Bug - did not call instance_notify_deleted when freeing.
   at: ~Dependency (servers/rendering/storage/utilities.cpp:56)
WARNING: Leaked instance dependency: Bug - did not call instance_notify_deleted when freeing.
   at: ~Dependency (servers/rendering/storage/utilities.cpp:56)
WARNING: Leaked instance dependency: Bug - did not call instance_notify_deleted when freeing.
   at: ~Dependency (servers/rendering/storage/utilities.cpp:56)
WARNING: Leaked instance dependency: Bug - did not call instance_notify_deleted when freeing.
   at: ~Dependency (servers/rendering/storage/utilities.cpp:56)
WARNING: Leaked instance dependency: Bug - did not call instance_notify_deleted when freeing.
   at: ~Dependency (servers/rendering/storage/utilities.cpp:56)
WARNING: Leaked instance dependency: Bug - did not call instance_notify_deleted when freeing.
   at: ~Dependency (servers/rendering/storage/utilities.cpp:56)
WARNING: Leaked instance dependency: Bug - did not call instance_notify_deleted when freeing.
   at: ~Dependency (servers/rendering/storage/utilities.cpp:56)
WARNING: Leaked instance dependency: Bug - did not call instance_notify_deleted when freeing.
   at: ~Dependency (servers/rendering/storage/utilities.cpp:56)
WARNING: Leaked instance dependency: Bug - did not call instance_notify_deleted when freeing.
   at: ~Dependency (servers/rendering/storage/utilities.cpp:56)
WARNING: Leaked instance dependency: Bug - did not call instance_notify_deleted when freeing.
   at: ~Dependency (servers/rendering/storage/utilities.cpp:56)
WARNING: Leaked instance dependency: Bug - did not call instance_notify_deleted when freeing.
   at: ~Dependency (servers/rendering/storage/utilities.cpp:56)
WARNING: Leaked instance dependency: Bug - did not call instance_notify_deleted when freeing.
   at: ~Dependency (servers/rendering/storage/utilities.cpp:56)
WARNING: Leaked instance dependency: Bug - did not call instance_notify_deleted when freeing.
   at: ~Dependency (servers/rendering/storage/utilities.cpp:56)
WARNING: Leaked instance dependency: Bug - did not call instance_notify_deleted when freeing.
   at: ~Dependency (servers/rendering/storage/utilities.cpp:56)
WARNING: Leaked instance dependency: Bug - did not call instance_notify_deleted when freeing.
   at: ~Dependency (servers/rendering/storage/utilities.cpp:56)
WARNING: Leaked instance dependency: Bug - did not call instance_notify_deleted when freeing.
   at: ~Dependency (servers/rendering/storage/utilities.cpp:56)
WARNING: Leaked instance dependency: Bug - did not call instance_notify_deleted when freeing.
   at: ~Dependency (servers/rendering/storage/utilities.cpp:56)
WARNING: Leaked instance dependency: Bug - did not call instance_notify_deleted when freeing.
   at: ~Dependency (servers/rendering/storage/utilities.cpp:56)
WARNING: Leaked instance dependency: Bug - did not call instance_notify_deleted when freeing.
   at: ~Dependency (servers/rendering/storage/utilities.cpp:56)
WARNING: Leaked instance dependency: Bug - did not call instance_notify_deleted when freeing.
   at: ~Dependency (servers/rendering/storage/utilities.cpp:56)
WARNING: Leaked instance dependency: Bug - did not call instance_notify_deleted when freeing.
   at: ~Dependency (servers/rendering/storage/utilities.cpp:56)
WARNING: Leaked instance dependency: Bug - did not call instance_notify_deleted when freeing.
   at: ~Dependency (servers/rendering/storage/utilities.cpp:56)
WARNING: Leaked instance dependency: Bug - did not call instance_notify_deleted when freeing.
   at: ~Dependency (servers/rendering/storage/utilities.cpp:56)
WARNING: Leaked instance dependency: Bug - did not call instance_notify_deleted when freeing.
   at: ~Dependency (servers/rendering/storage/utilities.cpp:56)
WARNING: Leaked instance dependency: Bug - did not call instance_notify_deleted when freeing.
   at: ~Dependency (servers/rendering/storage/utilities.cpp:56)
WARNING: Leaked instance dependency: Bug - did not call instance_notify_deleted when freeing.
   at: ~Dependency (servers/rendering/storage/utilities.cpp:56)
WARNING: Leaked instance dependency: Bug - did not call instance_notify_deleted when freeing.
   at: ~Dependency (servers/rendering/storage/utilities.cpp:56)
WARNING: Leaked instance dependency: Bug - did not call instance_notify_deleted when freeing.
   at: ~Dependency (servers/rendering/storage/utilities.cpp:56)
WARNING: Leaked instance dependency: Bug - did not call instance_notify_deleted when freeing.
   at: ~Dependency (servers/rendering/storage/utilities.cpp:56)
WARNING: Leaked instance dependency: Bug - did not call instance_notify_deleted when freeing.
   at: ~Dependency (servers/rendering/storage/utilities.cpp:56)
WARNING: Leaked instance dependency: Bug - did not call instance_notify_deleted when freeing.
   at: ~Dependency (servers/rendering/storage/utilities.cpp:56)
WARNING: Leaked instance dependency: Bug - did not call instance_notify_deleted when freeing.
   at: ~Dependency (servers/rendering/storage/utilities.cpp:56)
WARNING: Leaked instance dependency: Bug - did not call instance_notify_deleted when freeing.
   at: ~Dependency (servers/rendering/storage/utilities.cpp:56)
WARNING: Leaked instance dependency: Bug - did not call instance_notify_deleted when freeing.
   at: ~Dependency (servers/rendering/storage/utilities.cpp:56)
WARNING: Leaked instance dependency: Bug - did not call instance_notify_deleted when freeing.
   at: ~Dependency (servers/rendering/storage/utilities.cpp:56)
WARNING: Leaked instance dependency: Bug - did not call instance_notify_deleted when freeing.
   at: ~Dependency (servers/rendering/storage/utilities.cpp:56)
WARNING: Leaked instance dependency: Bug - did not call instance_notify_deleted when freeing.
   at: ~Dependency (servers/rendering/storage/utilities.cpp:56)
WARNING: Leaked instance dependency: Bug - did not call instance_notify_deleted when freeing.
   at: ~Dependency (servers/rendering/storage/utilities.cpp:56)
WARNING: Leaked instance dependency: Bug - did not call instance_notify_deleted when freeing.
   at: ~Dependency (servers/rendering/storage/utilities.cpp:56)
WARNING: Leaked instance dependency: Bug - did not call instance_notify_deleted when freeing.
   at: ~Dependency (servers/rendering/storage/utilities.cpp:56)
WARNING: Leaked instance dependency: Bug - did not call instance_notify_deleted when freeing.
   at: ~Dependency (servers/rendering/storage/utilities.cpp:56)
WARNING: Leaked instance dependency: Bug - did not call instance_notify_deleted when freeing.
   at: ~Dependency (servers/rendering/storage/utilities.cpp:56)
WARNING: Leaked instance dependency: Bug - did not call instance_notify_deleted when freeing.
   at: ~Dependency (servers/rendering/storage/utilities.cpp:56)
WARNING: Leaked instance dependency: Bug - did not call instance_notify_deleted when freeing.
   at: ~Dependency (servers/rendering/storage/utilities.cpp:56)
WARNING: Leaked instance dependency: Bug - did not call instance_notify_deleted when freeing.
   at: ~Dependency (servers/rendering/storage/utilities.cpp:56)
WARNING: Leaked instance dependency: Bug - did not call instance_notify_deleted when freeing.
   at: ~Dependency (servers/rendering/storage/utilities.cpp:56)
WARNING: Leaked instance dependency: Bug - did not call instance_notify_deleted when freeing.
   at: ~Dependency (servers/rendering/storage/utilities.cpp:56)
WARNING: Leaked instance dependency: Bug - did not call instance_notify_deleted when freeing.
   at: ~Dependency (servers/rendering/storage/utilities.cpp:56)
WARNING: Leaked instance dependency: Bug - did not call instance_notify_deleted when freeing.
   at: ~Dependency (servers/rendering/storage/utilities.cpp:56)
WARNING: Leaked instance dependency: Bug - did not call instance_notify_deleted when freeing.
   at: ~Dependency (servers/rendering/storage/utilities.cpp:56)
WARNING: Leaked instance dependency: Bug - did not call instance_notify_deleted when freeing.
   at: ~Dependency (servers/rendering/storage/utilities.cpp:56)
WARNING: Leaked instance dependency: Bug - did not call instance_notify_deleted when freeing.
   at: ~Dependency (servers/rendering/storage/utilities.cpp:56)
WARNING: Leaked instance dependency: Bug - did not call instance_notify_deleted when freeing.
   at: ~Dependency (servers/rendering/storage/utilities.cpp:56)
WARNING: Leaked instance dependency: Bug - did not call instance_notify_deleted when freeing.
   at: ~Dependency (servers/rendering/storage/utilities.cpp:56)
WARNING: Leaked instance dependency: Bug - did not call instance_notify_deleted when freeing.
   at: ~Dependency (servers/rendering/storage/utilities.cpp:56)
WARNING: Leaked instance dependency: Bug - did not call instance_notify_deleted when freeing.
   at: ~Dependency (servers/rendering/storage/utilities.cpp:56)
WARNING: Leaked instance dependency: Bug - did not call instance_notify_deleted when freeing.
   at: ~Dependency (servers/rendering/storage/utilities.cpp:56)
WARNING: Leaked instance dependency: Bug - did not call instance_notify_deleted when freeing.
   at: ~Dependency (servers/rendering/storage/utilities.cpp:56)
WARNING: Leaked instance dependency: Bug - did not call instance_notify_deleted when freeing.
   at: ~Dependency (servers/rendering/storage/utilities.cpp:56)
WARNING: Leaked instance dependency: Bug - did not call instance_notify_deleted when freeing.
   at: ~Dependency (servers/rendering/storage/utilities.cpp:56)
WARNING: Leaked instance dependency: Bug - did not call instance_notify_deleted when freeing.
   at: ~Dependency (servers/rendering/storage/utilities.cpp:56)
WARNING: Leaked instance dependency: Bug - did not call instance_notify_deleted when freeing.
   at: ~Dependency (servers/rendering/storage/utilities.cpp:56)
WARNING: Leaked instance dependency: Bug - did not call instance_notify_deleted when freeing.
   at: ~Dependency (servers/rendering/storage/utilities.cpp:56)
WARNING: Leaked instance dependency: Bug - did not call instance_notify_deleted when freeing.
   at: ~Dependency (servers/rendering/storage/utilities.cpp:56)
WARNING: Leaked instance dependency: Bug - did not call instance_notify_deleted when freeing.
   at: ~Dependency (servers/rendering/storage/utilities.cpp:56)
WARNING: Leaked instance dependency: Bug - did not call instance_notify_deleted when freeing.
   at: ~Dependency (servers/rendering/storage/utilities.cpp:56)
WARNING: Leaked instance dependency: Bug - did not call instance_notify_deleted when freeing.
   at: ~Dependency (servers/rendering/storage/utilities.cpp:56)
WARNING: Leaked instance dependency: Bug - did not call instance_notify_deleted when freeing.
   at: ~Dependency (servers/rendering/storage/utilities.cpp:56)
WARNING: Leaked instance dependency: Bug - did not call instance_notify_deleted when freeing.
   at: ~Dependency (servers/rendering/storage/utilities.cpp:56)
WARNING: Leaked instance dependency: Bug - did not call instance_notify_deleted when freeing.
   at: ~Dependency (servers/rendering/storage/utilities.cpp:56)
WARNING: Leaked instance dependency: Bug - did not call instance_notify_deleted when freeing.
   at: ~Dependency (servers/rendering/storage/utilities.cpp:56)
WARNING: Leaked instance dependency: Bug - did not call instance_notify_deleted when freeing.
   at: ~Dependency (servers/rendering/storage/utilities.cpp:56)
WARNING: Leaked instance dependency: Bug - did not call instance_notify_deleted when freeing.
   at: ~Dependency (servers/rendering/storage/utilities.cpp:56)
WARNING: Leaked instance dependency: Bug - did not call instance_notify_deleted when freeing.
   at: ~Dependency (servers/rendering/storage/utilities.cpp:56)
WARNING: Leaked instance dependency: Bug - did not call instance_notify_deleted when freeing.
   at: ~Dependency (servers/rendering/storage/utilities.cpp:56)
WARNING: Leaked instance dependency: Bug - did not call instance_notify_deleted when freeing.
   at: ~Dependency (servers/rendering/storage/utilities.cpp:56)
WARNING: Leaked instance dependency: Bug - did not call instance_notify_deleted when freeing.
   at: ~Dependency (servers/rendering/storage/utilities.cpp:56)
WARNING: Leaked instance dependency: Bug - did not call instance_notify_deleted when freeing.
   at: ~Dependency (servers/rendering/storage/utilities.cpp:56)
WARNING: Leaked instance dependency: Bug - did not call instance_notify_deleted when freeing.
   at: ~Dependency (servers/rendering/storage/utilities.cpp:56)
WARNING: Leaked instance dependency: Bug - did not call instance_notify_deleted when freeing.
   at: ~Dependency (servers/rendering/storage/utilities.cpp:56)
WARNING: Leaked instance dependency: Bug - did not call instance_notify_deleted when freeing.
   at: ~Dependency (servers/rendering/storage/utilities.cpp:56)
WARNING: Leaked instance dependency: Bug - did not call instance_notify_deleted when freeing.
   at: ~Dependency (servers/rendering/storage/utilities.cpp:56)
WARNING: Leaked instance dependency: Bug - did not call instance_notify_deleted when freeing.
   at: ~Dependency (servers/rendering/storage/utilities.cpp:56)
WARNING: Leaked instance dependency: Bug - did not call instance_notify_deleted when freeing.
   at: ~Dependency (servers/rendering/storage/utilities.cpp:56)
WARNING: Leaked instance dependency: Bug - did not call instance_notify_deleted when freeing.
   at: ~Dependency (servers/rendering/storage/utilities.cpp:56)
WARNING: Leaked instance dependency: Bug - did not call instance_notify_deleted when freeing.
   at: ~Dependency (servers/rendering/storage/utilities.cpp:56)
WARNING: Leaked instance dependency: Bug - did not call instance_notify_deleted when freeing.
   at: ~Dependency (servers/rendering/storage/utilities.cpp:56)
WARNING: Leaked instance dependency: Bug - did not call instance_notify_deleted when freeing.
   at: ~Dependency (servers/rendering/storage/utilities.cpp:56)
WARNING: Leaked instance dependency: Bug - did not call instance_notify_deleted when freeing.
   at: ~Dependency (servers/rendering/storage/utilities.cpp:56)
WARNING: Leaked instance dependency: Bug - did not call instance_notify_deleted when freeing.
   at: ~Dependency (servers/rendering/storage/utilities.cpp:56)
WARNING: Leaked instance dependency: Bug - did not call instance_notify_deleted when freeing.
   at: ~Dependency (servers/rendering/storage/utilities.cpp:56)
WARNING: Leaked instance dependency: Bug - did not call instance_notify_deleted when freeing.
   at: ~Dependency (servers/rendering/storage/utilities.cpp:56)
WARNING: Leaked instance dependency: Bug - did not call instance_notify_deleted when freeing.
   at: ~Dependency (servers/rendering/storage/utilities.cpp:56)
WARNING: Leaked instance dependency: Bug - did not call instance_notify_deleted when freeing.
   at: ~Dependency (servers/rendering/storage/utilities.cpp:56)
WARNING: Leaked instance dependency: Bug - did not call instance_notify_deleted when freeing.
   at: ~Dependency (servers/rendering/storage/utilities.cpp:56)
WARNING: Leaked instance dependency: Bug - did not call instance_notify_deleted when freeing.
   at: ~Dependency (servers/rendering/storage/utilities.cpp:56)
WARNING: Leaked instance dependency: Bug - did not call instance_notify_deleted when freeing.
   at: ~Dependency (servers/rendering/storage/utilities.cpp:56)
WARNING: Leaked instance dependency: Bug - did not call instance_notify_deleted when freeing.
   at: ~Dependency (servers/rendering/storage/utilities.cpp:56)
WARNING: Leaked instance dependency: Bug - did not call instance_notify_deleted when freeing.
   at: ~Dependency (servers/rendering/storage/utilities.cpp:56)
WARNING: Leaked instance dependency: Bug - did not call instance_notify_deleted when freeing.
   at: ~Dependency (servers/rendering/storage/utilities.cpp:56)
WARNING: Leaked instance dependency: Bug - did not call instance_notify_deleted when freeing.
   at: ~Dependency (servers/rendering/storage/utilities.cpp:56)
WARNING: Leaked instance dependency: Bug - did not call instance_notify_deleted when freeing.
   at: ~Dependency (servers/rendering/storage/utilities.cpp:56)
WARNING: Leaked instance dependency: Bug - did not call instance_notify_deleted when freeing.
   at: ~Dependency (servers/rendering/storage/utilities.cpp:56)
WARNING: Leaked instance dependency: Bug - did not call instance_notify_deleted when freeing.
   at: ~Dependency (servers/rendering/storage/utilities.cpp:56)
WARNING: Leaked instance dependency: Bug - did not call instance_notify_deleted when freeing.
   at: ~Dependency (servers/rendering/storage/utilities.cpp:56)
WARNING: Leaked instance dependency: Bug - did not call instance_notify_deleted when freeing.
   at: ~Dependency (servers/rendering/storage/utilities.cpp:56)
WARNING: Leaked instance dependency: Bug - did not call instance_notify_deleted when freeing.
   at: ~Dependency (servers/rendering/storage/utilities.cpp:56)
WARNING: Leaked instance dependency: Bug - did not call instance_notify_deleted when freeing.
   at: ~Dependency (servers/rendering/storage/utilities.cpp:56)
WARNING: Leaked instance dependency: Bug - did not call instance_notify_deleted when freeing.
   at: ~Dependency (servers/rendering/storage/utilities.cpp:56)
WARNING: Leaked instance dependency: Bug - did not call instance_notify_deleted when freeing.
   at: ~Dependency (servers/rendering/storage/utilities.cpp:56)
WARNING: Leaked instance dependency: Bug - did not call instance_notify_deleted when freeing.
   at: ~Dependency (servers/rendering/storage/utilities.cpp:56)
WARNING: Leaked instance dependency: Bug - did not call instance_notify_deleted when freeing.
   at: ~Dependency (servers/rendering/storage/utilities.cpp:56)
WARNING: Leaked instance dependency: Bug - did not call instance_notify_deleted when freeing.
   at: ~Dependency (servers/rendering/storage/utilities.cpp:56)
WARNING: Leaked instance dependency: Bug - did not call instance_notify_deleted when freeing.
   at: ~Dependency (servers/rendering/storage/utilities.cpp:56)
WARNING: Leaked instance dependency: Bug - did not call instance_notify_deleted when freeing.
   at: ~Dependency (servers/rendering/storage/utilities.cpp:56)
WARNING: Leaked instance dependency: Bug - did not call instance_notify_deleted when freeing.
   at: ~Dependency (servers/rendering/storage/utilities.cpp:56)
WARNING: Leaked instance dependency: Bug - did not call instance_notify_deleted when freeing.
   at: ~Dependency (servers/rendering/storage/utilities.cpp:56)
WARNING: Leaked instance dependency: Bug - did not call instance_notify_deleted when freeing.
   at: ~Dependency (servers/rendering/storage/utilities.cpp:56)
WARNING: Leaked instance dependency: Bug - did not call instance_notify_deleted when freeing.
   at: ~Dependency (servers/rendering/storage/utilities.cpp:56)
WARNING: Leaked instance dependency: Bug - did not call instance_notify_deleted when freeing.
   at: ~Dependency (servers/rendering/storage/utilities.cpp:56)
WARNING: Leaked instance dependency: Bug - did not call instance_notify_deleted when freeing.
   at: ~Dependency (servers/rendering/storage/utilities.cpp:56)
WARNING: Leaked instance dependency: Bug - did not call instance_notify_deleted when freeing.
   at: ~Dependency (servers/rendering/storage/utilities.cpp:56)
WARNING: Leaked instance dependency: Bug - did not call instance_notify_deleted when freeing.
   at: ~Dependency (servers/rendering/storage/utilities.cpp:56)
WARNING: Leaked instance dependency: Bug - did not call instance_notify_deleted when freeing.
   at: ~Dependency (servers/rendering/storage/utilities.cpp:56)
WARNING: Leaked instance dependency: Bug - did not call instance_notify_deleted when freeing.
   at: ~Dependency (servers/rendering/storage/utilities.cpp:56)
WARNING: Leaked instance dependency: Bug - did not call instance_notify_deleted when freeing.
   at: ~Dependency (servers/rendering/storage/utilities.cpp:56)
WARNING: Leaked instance dependency: Bug - did not call instance_notify_deleted when freeing.
   at: ~Dependency (servers/rendering/storage/utilities.cpp:56)
WARNING: Leaked instance dependency: Bug - did not call instance_notify_deleted when freeing.
   at: ~Dependency (servers/rendering/storage/utilities.cpp:56)
WARNING: Leaked instance dependency: Bug - did not call instance_notify_deleted when freeing.
   at: ~Dependency (servers/rendering/storage/utilities.cpp:56)
WARNING: Leaked instance dependency: Bug - did not call instance_notify_deleted when freeing.
   at: ~Dependency (servers/rendering/storage/utilities.cpp:56)
WARNING: Leaked instance dependency: Bug - did not call instance_notify_deleted when freeing.
   at: ~Dependency (servers/rendering/storage/utilities.cpp:56)
WARNING: Leaked instance dependency: Bug - did not call instance_notify_deleted when freeing.
   at: ~Dependency (servers/rendering/storage/utilities.cpp:56)
WARNING: Leaked instance dependency: Bug - did not call instance_notify_deleted when freeing.
   at: ~Dependency (servers/rendering/storage/utilities.cpp:56)
WARNING: Leaked instance dependency: Bug - did not call instance_notify_deleted when freeing.
   at: ~Dependency (servers/rendering/storage/utilities.cpp:56)
WARNING: Leaked instance dependency: Bug - did not call instance_notify_deleted when freeing.
   at: ~Dependency (servers/rendering/storage/utilities.cpp:56)
WARNING: Leaked instance dependency: Bug - did not call instance_notify_deleted when freeing.
   at: ~Dependency (servers/rendering/storage/utilities.cpp:56)
WARNING: Leaked instance dependency: Bug - did not call instance_notify_deleted when freeing.
   at: ~Dependency (servers/rendering/storage/utilities.cpp:56)
WARNING: Leaked instance dependency: Bug - did not call instance_notify_deleted when freeing.
   at: ~Dependency (servers/rendering/storage/utilities.cpp:56)
WARNING: Leaked instance dependency: Bug - did not call instance_notify_deleted when freeing.
   at: ~Dependency (servers/rendering/storage/utilities.cpp:56)
WARNING: Leaked instance dependency: Bug - did not call instance_notify_deleted when freeing.
   at: ~Dependency (servers/rendering/storage/utilities.cpp:56)
WARNING: Leaked instance dependency: Bug - did not call instance_notify_deleted when freeing.
   at: ~Dependency (servers/rendering/storage/utilities.cpp:56)
WARNING: Leaked instance dependency: Bug - did not call instance_notify_deleted when freeing.
   at: ~Dependency (servers/rendering/storage/utilities.cpp:56)
WARNING: Leaked instance dependency: Bug - did not call instance_notify_deleted when freeing.
   at: ~Dependency (servers/rendering/storage/utilities.cpp:56)
WARNING: Leaked instance dependency: Bug - did not call instance_notify_deleted when freeing.
   at: ~Dependency (servers/rendering/storage/utilities.cpp:56)
WARNING: Leaked instance dependency: Bug - did not call instance_notify_deleted when freeing.
   at: ~Dependency (servers/rendering/storage/utilities.cpp:56)
WARNING: Leaked instance dependency: Bug - did not call instance_notify_deleted when freeing.
   at: ~Dependency (servers/rendering/storage/utilities.cpp:56)
WARNING: Leaked instance dependency: Bug - did not call instance_notify_deleted when freeing.
   at: ~Dependency (servers/rendering/storage/utilities.cpp:56)
WARNING: Leaked instance dependency: Bug - did not call instance_notify_deleted when freeing.
   at: ~Dependency (servers/rendering/storage/utilities.cpp:56)
WARNING: Leaked instance dependency: Bug - did not call instance_notify_deleted when freeing.
   at: ~Dependency (servers/rendering/storage/utilities.cpp:56)
WARNING: Leaked instance dependency: Bug - did not call instance_notify_deleted when freeing.
   at: ~Dependency (servers/rendering/storage/utilities.cpp:56)
WARNING: Leaked instance dependency: Bug - did not call instance_notify_deleted when freeing.
   at: ~Dependency (servers/rendering/storage/utilities.cpp:56)
WARNING: Leaked instance dependency: Bug - did not call instance_notify_deleted when freeing.
   at: ~Dependency (servers/rendering/storage/utilities.cpp:56)
WARNING: Leaked instance dependency: Bug - did not call instance_notify_deleted when freeing.
   at: ~Dependency (servers/rendering/storage/utilities.cpp:56)
WARNING: Leaked instance dependency: Bug - did not call instance_notify_deleted when freeing.
   at: ~Dependency (servers/rendering/storage/utilities.cpp:56)
WARNING: Leaked instance dependency: Bug - did not call instance_notify_deleted when freeing.
   at: ~Dependency (servers/rendering/storage/utilities.cpp:56)
WARNING: Leaked instance dependency: Bug - did not call instance_notify_deleted when freeing.
   at: ~Dependency (servers/rendering/storage/utilities.cpp:56)
WARNING: Leaked instance dependency: Bug - did not call instance_notify_deleted when freeing.
   at: ~Dependency (servers/rendering/storage/utilities.cpp:56)
WARNING: Leaked instance dependency: Bug - did not call instance_notify_deleted when freeing.
   at: ~Dependency (servers/rendering/storage/utilities.cpp:56)
WARNING: Leaked instance dependency: Bug - did not call instance_notify_deleted when freeing.
   at: ~Dependency (servers/rendering/storage/utilities.cpp:56)
WARNING: Leaked instance dependency: Bug - did not call instance_notify_deleted when freeing.
   at: ~Dependency (servers/rendering/storage/utilities.cpp:56)
WARNING: Leaked instance dependency: Bug - did not call instance_notify_deleted when freeing.
   at: ~Dependency (servers/rendering/storage/utilities.cpp:56)
WARNING: Leaked instance dependency: Bug - did not call instance_notify_deleted when freeing.
   at: ~Dependency (servers/rendering/storage/utilities.cpp:56)
WARNING: Leaked instance dependency: Bug - did not call instance_notify_deleted when freeing.
   at: ~Dependency (servers/rendering/storage/utilities.cpp:56)
WARNING: Leaked instance dependency: Bug - did not call instance_notify_deleted when freeing.
   at: ~Dependency (servers/rendering/storage/utilities.cpp:56)
WARNING: Leaked instance dependency: Bug - did not call instance_notify_deleted when freeing.
   at: ~Dependency (servers/rendering/storage/utilities.cpp:56)
WARNING: Leaked instance dependency: Bug - did not call instance_notify_deleted when freeing.
   at: ~Dependency (servers/rendering/storage/utilities.cpp:56)
WARNING: Leaked instance dependency: Bug - did not call instance_notify_deleted when freeing.
   at: ~Dependency (servers/rendering/storage/utilities.cpp:56)
WARNING: Leaked instance dependency: Bug - did not call instance_notify_deleted when freeing.
   at: ~Dependency (servers/rendering/storage/utilities.cpp:56)
WARNING: Leaked instance dependency: Bug - did not call instance_notify_deleted when freeing.
   at: ~Dependency (servers/rendering/storage/utilities.cpp:56)
WARNING: Leaked instance dependency: Bug - did not call instance_notify_deleted when freeing.
   at: ~Dependency (servers/rendering/storage/utilities.cpp:56)
WARNING: Leaked instance dependency: Bug - did not call instance_notify_deleted when freeing.
   at: ~Dependency (servers/rendering/storage/utilities.cpp:56)
WARNING: Leaked instance dependency: Bug - did not call instance_notify_deleted when freeing.
   at: ~Dependency (servers/rendering/storage/utilities.cpp:56)
WARNING: Leaked instance dependency: Bug - did not call instance_notify_deleted when freeing.
   at: ~Dependency (servers/rendering/storage/utilities.cpp:56)
WARNING: Leaked instance dependency: Bug - did not call instance_notify_deleted when freeing.
   at: ~Dependency (servers/rendering/storage/utilities.cpp:56)
WARNING: Leaked instance dependency: Bug - did not call instance_notify_deleted when freeing.
   at: ~Dependency (servers/rendering/storage/utilities.cpp:56)
WARNING: Leaked instance dependency: Bug - did not call instance_notify_deleted when freeing.
   at: ~Dependency (servers/rendering/storage/utilities.cpp:56)
WARNING: Leaked instance dependency: Bug - did not call instance_notify_deleted when freeing.
   at: ~Dependency (servers/rendering/storage/utilities.cpp:56)
WARNING: Leaked instance dependency: Bug - did not call instance_notify_deleted when freeing.
   at: ~Dependency (servers/rendering/storage/utilities.cpp:56)
WARNING: Leaked instance dependency: Bug - did not call instance_notify_deleted when freeing.
   at: ~Dependency (servers/rendering/storage/utilities.cpp:56)
WARNING: Leaked instance dependency: Bug - did not call instance_notify_deleted when freeing.
   at: ~Dependency (servers/rendering/storage/utilities.cpp:56)
WARNING: Leaked instance dependency: Bug - did not call instance_notify_deleted when freeing.
   at: ~Dependency (servers/rendering/storage/utilities.cpp:56)
WARNING: Leaked instance dependency: Bug - did not call instance_notify_deleted when freeing.
   at: ~Dependency (servers/rendering/storage/utilities.cpp:56)
WARNING: Leaked instance dependency: Bug - did not call instance_notify_deleted when freeing.
   at: ~Dependency (servers/rendering/storage/utilities.cpp:56)
WARNING: Leaked instance dependency: Bug - did not call instance_notify_deleted when freeing.
   at: ~Dependency (servers/rendering/storage/utilities.cpp:56)
WARNING: Leaked instance dependency: Bug - did not call instance_notify_deleted when freeing.
   at: ~Dependency (servers/rendering/storage/utilities.cpp:56)
WARNING: Leaked instance dependency: Bug - did not call instance_notify_deleted when freeing.
   at: ~Dependency (servers/rendering/storage/utilities.cpp:56)
WARNING: Leaked instance dependency: Bug - did not call instance_notify_deleted when freeing.
   at: ~Dependency (servers/rendering/storage/utilities.cpp:56)
WARNING: Leaked instance dependency: Bug - did not call instance_notify_deleted when freeing.
   at: ~Dependency (servers/rendering/storage/utilities.cpp:56)
WARNING: Leaked instance dependency: Bug - did not call instance_notify_deleted when freeing.
   at: ~Dependency (servers/rendering/storage/utilities.cpp:56)
WARNING: Leaked instance dependency: Bug - did not call instance_notify_deleted when freeing.
   at: ~Dependency (servers/rendering/storage/utilities.cpp:56)
WARNING: Leaked instance dependency: Bug - did not call instance_notify_deleted when freeing.
   at: ~Dependency (servers/rendering/storage/utilities.cpp:56)
WARNING: Leaked instance dependency: Bug - did not call instance_notify_deleted when freeing.
   at: ~Dependency (servers/rendering/storage/utilities.cpp:56)
WARNING: Leaked instance dependency: Bug - did not call instance_notify_deleted when freeing.
   at: ~Dependency (servers/rendering/storage/utilities.cpp:56)
WARNING: Leaked instance dependency: Bug - did not call instance_notify_deleted when freeing.
   at: ~Dependency (servers/rendering/storage/utilities.cpp:56)
WARNING: Leaked instance dependency: Bug - did not call instance_notify_deleted when freeing.
   at: ~Dependency (servers/rendering/storage/utilities.cpp:56)
WARNING: Leaked instance dependency: Bug - did not call instance_notify_deleted when freeing.
   at: ~Dependency (servers/rendering/storage/utilities.cpp:56)
WARNING: Leaked instance dependency: Bug - did not call instance_notify_deleted when freeing.
   at: ~Dependency (servers/rendering/storage/utilities.cpp:56)
WARNING: Leaked instance dependency: Bug - did not call instance_notify_deleted when freeing.
   at: ~Dependency (servers/rendering/storage/utilities.cpp:56)
WARNING: Leaked instance dependency: Bug - did not call instance_notify_deleted when freeing.
   at: ~Dependency (servers/rendering/storage/utilities.cpp:56)
WARNING: Leaked instance dependency: Bug - did not call instance_notify_deleted when freeing.
   at: ~Dependency (servers/rendering/storage/utilities.cpp:56)
WARNING: Leaked instance dependency: Bug - did not call instance_notify_deleted when freeing.
   at: ~Dependency (servers/rendering/storage/utilities.cpp:56)
WARNING: Leaked instance dependency: Bug - did not call instance_notify_deleted when freeing.
   at: ~Dependency (servers/rendering/storage/utilities.cpp:56)
WARNING: Leaked instance dependency: Bug - did not call instance_notify_deleted when freeing.
   at: ~Dependency (servers/rendering/storage/utilities.cpp:56)
WARNING: Leaked instance dependency: Bug - did not call instance_notify_deleted when freeing.
   at: ~Dependency (servers/rendering/storage/utilities.cpp:56)
WARNING: Leaked instance dependency: Bug - did not call instance_notify_deleted when freeing.
   at: ~Dependency (servers/rendering/storage/utilities.cpp:56)
WARNING: Leaked instance dependency: Bug - did not call instance_notify_deleted when freeing.
   at: ~Dependency (servers/rendering/storage/utilities.cpp:56)
WARNING: Leaked instance dependency: Bug - did not call instance_notify_deleted when freeing.
   at: ~Dependency (servers/rendering/storage/utilities.cpp:56)
WARNING: Leaked instance dependency: Bug - did not call instance_notify_deleted when freeing.
   at: ~Dependency (servers/rendering/storage/utilities.cpp:56)
WARNING: Leaked instance dependency: Bug - did not call instance_notify_deleted when freeing.
   at: ~Dependency (servers/rendering/storage/utilities.cpp:56)
WARNING: Leaked instance dependency: Bug - did not call instance_notify_deleted when freeing.
   at: ~Dependency (servers/rendering/storage/utilities.cpp:56)
WARNING: Leaked instance dependency: Bug - did not call instance_notify_deleted when freeing.
   at: ~Dependency (servers/rendering/storage/utilities.cpp:56)
WARNING: Leaked instance dependency: Bug - did not call instance_notify_deleted when freeing.
   at: ~Dependency (servers/rendering/storage/utilities.cpp:56)
WARNING: Leaked instance dependency: Bug - did not call instance_notify_deleted when freeing.
   at: ~Dependency (servers/rendering/storage/utilities.cpp:56)
WARNING: Leaked instance dependency: Bug - did not call instance_notify_deleted when freeing.
   at: ~Dependency (servers/rendering/storage/utilities.cpp:56)
WARNING: Leaked instance dependency: Bug - did not call instance_notify_deleted when freeing.
   at: ~Dependency (servers/rendering/storage/utilities.cpp:56)
WARNING: Leaked instance dependency: Bug - did not call instance_notify_deleted when freeing.
   at: ~Dependency (servers/rendering/storage/utilities.cpp:56)
WARNING: Leaked instance dependency: Bug - did not call instance_notify_deleted when freeing.
   at: ~Dependency (servers/rendering/storage/utilities.cpp:56)
WARNING: Leaked instance dependency: Bug - did not call instance_notify_deleted when freeing.
   at: ~Dependency (servers/rendering/storage/utilities.cpp:56)
WARNING: Leaked instance dependency: Bug - did not call instance_notify_deleted when freeing.
   at: ~Dependency (servers/rendering/storage/utilities.cpp:56)
WARNING: Leaked instance dependency: Bug - did not call instance_notify_deleted when freeing.
   at: ~Dependency (servers/rendering/storage/utilities.cpp:56)
WARNING: Leaked instance dependency: Bug - did not call instance_notify_deleted when freeing.
   at: ~Dependency (servers/rendering/storage/utilities.cpp:56)
WARNING: Leaked instance dependency: Bug - did not call instance_notify_deleted when freeing.
   at: ~Dependency (servers/rendering/storage/utilities.cpp:56)
WARNING: Leaked instance dependency: Bug - did not call instance_notify_deleted when freeing.
   at: ~Dependency (servers/rendering/storage/utilities.cpp:56)
WARNING: Leaked instance dependency: Bug - did not call instance_notify_deleted when freeing.
   at: ~Dependency (servers/rendering/storage/utilities.cpp:56)
WARNING: Leaked instance dependency: Bug - did not call instance_notify_deleted when freeing.
   at: ~Dependency (servers/rendering/storage/utilities.cpp:56)
WARNING: Leaked instance dependency: Bug - did not call instance_notify_deleted when freeing.
   at: ~Dependency (servers/rendering/storage/utilities.cpp:56)
WARNING: Leaked instance dependency: Bug - did not call instance_notify_deleted when freeing.
   at: ~Dependency (servers/rendering/storage/utilities.cpp:56)
WARNING: Leaked instance dependency: Bug - did not call instance_notify_deleted when freeing.
   at: ~Dependency (servers/rendering/storage/utilities.cpp:56)
WARNING: Leaked instance dependency: Bug - did not call instance_notify_deleted when freeing.
   at: ~Dependency (servers/rendering/storage/utilities.cpp:56)
WARNING: Leaked instance dependency: Bug - did not call instance_notify_deleted when freeing.
   at: ~Dependency (servers/rendering/storage/utilities.cpp:56)
WARNING: Leaked instance dependency: Bug - did not call instance_notify_deleted when freeing.
   at: ~Dependency (servers/rendering/storage/utilities.cpp:56)
WARNING: Leaked instance dependency: Bug - did not call instance_notify_deleted when freeing.
   at: ~Dependency (servers/rendering/storage/utilities.cpp:56)
WARNING: Leaked instance dependency: Bug - did not call instance_notify_deleted when freeing.
   at: ~Dependency (servers/rendering/storage/utilities.cpp:56)
WARNING: Leaked instance dependency: Bug - did not call instance_notify_deleted when freeing.
   at: ~Dependency (servers/rendering/storage/utilities.cpp:56)
WARNING: Leaked instance dependency: Bug - did not call instance_notify_deleted when freeing.
   at: ~Dependency (servers/rendering/storage/utilities.cpp:56)
WARNING: Leaked instance dependency: Bug - did not call instance_notify_deleted when freeing.
   at: ~Dependency (servers/rendering/storage/utilities.cpp:56)
WARNING: Leaked instance dependency: Bug - did not call instance_notify_deleted when freeing.
   at: ~Dependency (servers/rendering/storage/utilities.cpp:56)
WARNING: Leaked instance dependency: Bug - did not call instance_notify_deleted when freeing.
   at: ~Dependency (servers/rendering/storage/utilities.cpp:56)
WARNING: Leaked instance dependency: Bug - did not call instance_notify_deleted when freeing.
   at: ~Dependency (servers/rendering/storage/utilities.cpp:56)
WARNING: Leaked instance dependency: Bug - did not call instance_notify_deleted when freeing.
   at: ~Dependency (servers/rendering/storage/utilities.cpp:56)
WARNING: Leaked instance dependency: Bug - did not call instance_notify_deleted when freeing.
   at: ~Dependency (servers/rendering/storage/utilities.cpp:56)
WARNING: Leaked instance dependency: Bug - did not call instance_notify_deleted when freeing.
   at: ~Dependency (servers/rendering/storage/utilities.cpp:56)
WARNING: Leaked instance dependency: Bug - did not call instance_notify_deleted when freeing.
   at: ~Dependency (servers/rendering/storage/utilities.cpp:56)
WARNING: Leaked instance dependency: Bug - did not call instance_notify_deleted when freeing.
   at: ~Dependency (servers/rendering/storage/utilities.cpp:56)
WARNING: Leaked instance dependency: Bug - did not call instance_notify_deleted when freeing.
   at: ~Dependency (servers/rendering/storage/utilities.cpp:56)
WARNING: Leaked instance dependency: Bug - did not call instance_notify_deleted when freeing.
   at: ~Dependency (servers/rendering/storage/utilities.cpp:56)
WARNING: Leaked instance dependency: Bug - did not call instance_notify_deleted when freeing.
   at: ~Dependency (servers/rendering/storage/utilities.cpp:56)
WARNING: Leaked instance dependency: Bug - did not call instance_notify_deleted when freeing.
   at: ~Dependency (servers/rendering/storage/utilities.cpp:56)
WARNING: Leaked instance dependency: Bug - did not call instance_notify_deleted when freeing.
   at: ~Dependency (servers/rendering/storage/utilities.cpp:56)
WARNING: Leaked instance dependency: Bug - did not call instance_notify_deleted when freeing.
   at: ~Dependency (servers/rendering/storage/utilities.cpp:56)
WARNING: Leaked instance dependency: Bug - did not call instance_notify_deleted when freeing.
   at: ~Dependency (servers/rendering/storage/utilities.cpp:56)
WARNING: Leaked instance dependency: Bug - did not call instance_notify_deleted when freeing.
   at: ~Dependency (servers/rendering/storage/utilities.cpp:56)
WARNING: Leaked instance dependency: Bug - did not call instance_notify_deleted when freeing.
   at: ~Dependency (servers/rendering/storage/utilities.cpp:56)
WARNING: Leaked instance dependency: Bug - did not call instance_notify_deleted when freeing.
   at: ~Dependency (servers/rendering/storage/utilities.cpp:56)
WARNING: Leaked instance dependency: Bug - did not call instance_notify_deleted when freeing.
   at: ~Dependency (servers/rendering/storage/utilities.cpp:56)
WARNING: Leaked instance dependency: Bug - did not call instance_notify_deleted when freeing.
   at: ~Dependency (servers/rendering/storage/utilities.cpp:56)
WARNING: Leaked instance dependency: Bug - did not call instance_notify_deleted when freeing.
   at: ~Dependency (servers/rendering/storage/utilities.cpp:56)
WARNING: Leaked instance dependency: Bug - did not call instance_notify_deleted when freeing.
   at: ~Dependency (servers/rendering/storage/utilities.cpp:56)
WARNING: Leaked instance dependency: Bug - did not call instance_notify_deleted when freeing.
   at: ~Dependency (servers/rendering/storage/utilities.cpp:56)
WARNING: Leaked instance dependency: Bug - did not call instance_notify_deleted when freeing.
   at: ~Dependency (servers/rendering/storage/utilities.cpp:56)
WARNING: Leaked instance dependency: Bug - did not call instance_notify_deleted when freeing.
   at: ~Dependency (servers/rendering/storage/utilities.cpp:56)
WARNING: Leaked instance dependency: Bug - did not call instance_notify_deleted when freeing.
   at: ~Dependency (servers/rendering/storage/utilities.cpp:56)
WARNING: Leaked instance dependency: Bug - did not call instance_notify_deleted when freeing.
   at: ~Dependency (servers/rendering/storage/utilities.cpp:56)
WARNING: Leaked instance dependency: Bug - did not call instance_notify_deleted when freeing.
   at: ~Dependency (servers/rendering/storage/utilities.cpp:56)
WARNING: Leaked instance dependency: Bug - did not call instance_notify_deleted when freeing.
   at: ~Dependency (servers/rendering/storage/utilities.cpp:56)
WARNING: Leaked instance dependency: Bug - did not call instance_notify_deleted when freeing.
   at: ~Dependency (servers/rendering/storage/utilities.cpp:56)
WARNING: Leaked instance dependency: Bug - did not call instance_notify_deleted when freeing.
   at: ~Dependency (servers/rendering/storage/utilities.cpp:56)
WARNING: Leaked instance dependency: Bug - did not call instance_notify_deleted when freeing.
   at: ~Dependency (servers/rendering/storage/utilities.cpp:56)
WARNING: Leaked instance dependency: Bug - did not call instance_notify_deleted when freeing.
   at: ~Dependency (servers/rendering/storage/utilities.cpp:56)
WARNING: Leaked instance dependency: Bug - did not call instance_notify_deleted when freeing.
   at: ~Dependency (servers/rendering/storage/utilities.cpp:56)
WARNING: Leaked instance dependency: Bug - did not call instance_notify_deleted when freeing.
   at: ~Dependency (servers/rendering/storage/utilities.cpp:56)
WARNING: Leaked instance dependency: Bug - did not call instance_notify_deleted when freeing.
   at: ~Dependency (servers/rendering/storage/utilities.cpp:56)
WARNING: Leaked instance dependency: Bug - did not call instance_notify_deleted when freeing.
   at: ~Dependency (servers/rendering/storage/utilities.cpp:56)
WARNING: Leaked instance dependency: Bug - did not call instance_notify_deleted when freeing.
   at: ~Dependency (servers/rendering/storage/utilities.cpp:56)
WARNING: Leaked instance dependency: Bug - did not call instance_notify_deleted when freeing.
   at: ~Dependency (servers/rendering/storage/utilities.cpp:56)
WARNING: Leaked instance dependency: Bug - did not call instance_notify_deleted when freeing.
   at: ~Dependency (servers/rendering/storage/utilities.cpp:56)
WARNING: Leaked instance dependency: Bug - did not call instance_notify_deleted when freeing.
   at: ~Dependency (servers/rendering/storage/utilities.cpp:56)
WARNING: Leaked instance dependency: Bug - did not call instance_notify_deleted when freeing.
   at: ~Dependency (servers/rendering/storage/utilities.cpp:56)
WARNING: Leaked instance dependency: Bug - did not call instance_notify_deleted when freeing.
   at: ~Dependency (servers/rendering/storage/utilities.cpp:56)
WARNING: Leaked instance dependency: Bug - did not call instance_notify_deleted when freeing.
   at: ~Dependency (servers/rendering/storage/utilities.cpp:56)
WARNING: Leaked instance dependency: Bug - did not call instance_notify_deleted when freeing.
   at: ~Dependency (servers/rendering/storage/utilities.cpp:56)
WARNING: Leaked instance dependency: Bug - did not call instance_notify_deleted when freeing.
   at: ~Dependency (servers/rendering/storage/utilities.cpp:56)
WARNING: Leaked instance dependency: Bug - did not call instance_notify_deleted when freeing.
   at: ~Dependency (servers/rendering/storage/utilities.cpp:56)
WARNING: Leaked instance dependency: Bug - did not call instance_notify_deleted when freeing.
   at: ~Dependency (servers/rendering/storage/utilities.cpp:56)
WARNING: Leaked instance dependency: Bug - did not call instance_notify_deleted when freeing.
   at: ~Dependency (servers/rendering/storage/utilities.cpp:56)
WARNING: Leaked instance dependency: Bug - did not call instance_notify_deleted when freeing.
   at: ~Dependency (servers/rendering/storage/utilities.cpp:56)
WARNING: Leaked instance dependency: Bug - did not call instance_notify_deleted when freeing.
   at: ~Dependency (servers/rendering/storage/utilities.cpp:56)
WARNING: Leaked instance dependency: Bug - did not call instance_notify_deleted when freeing.
   at: ~Dependency (servers/rendering/storage/utilities.cpp:56)
WARNING: Leaked instance dependency: Bug - did not call instance_notify_deleted when freeing.
   at: ~Dependency (servers/rendering/storage/utilities.cpp:56)
WARNING: Leaked instance dependency: Bug - did not call instance_notify_deleted when freeing.
   at: ~Dependency (servers/rendering/storage/utilities.cpp:56)
WARNING: Leaked instance dependency: Bug - did not call instance_notify_deleted when freeing.
   at: ~Dependency (servers/rendering/storage/utilities.cpp:56)
WARNING: Leaked instance dependency: Bug - did not call instance_notify_deleted when freeing.
   at: ~Dependency (servers/rendering/storage/utilities.cpp:56)
WARNING: Leaked instance dependency: Bug - did not call instance_notify_deleted when freeing.
   at: ~Dependency (servers/rendering/storage/utilities.cpp:56)
WARNING: Leaked instance dependency: Bug - did not call instance_notify_deleted when freeing.
   at: ~Dependency (servers/rendering/storage/utilities.cpp:56)
WARNING: Leaked instance dependency: Bug - did not call instance_notify_deleted when freeing.
   at: ~Dependency (servers/rendering/storage/utilities.cpp:56)
WARNING: Leaked instance dependency: Bug - did not call instance_notify_deleted when freeing.
   at: ~Dependency (servers/rendering/storage/utilities.cpp:56)
WARNING: Leaked instance dependency: Bug - did not call instance_notify_deleted when freeing.
   at: ~Dependency (servers/rendering/storage/utilities.cpp:56)
WARNING: Leaked instance dependency: Bug - did not call instance_notify_deleted when freeing.
   at: ~Dependency (servers/rendering/storage/utilities.cpp:56)
WARNING: Leaked instance dependency: Bug - did not call instance_notify_deleted when freeing.
   at: ~Dependency (servers/rendering/storage/utilities.cpp:56)
WARNING: Leaked instance dependency: Bug - did not call instance_notify_deleted when freeing.
   at: ~Dependency (servers/rendering/storage/utilities.cpp:56)
WARNING: Leaked instance dependency: Bug - did not call instance_notify_deleted when freeing.
   at: ~Dependency (servers/rendering/storage/utilities.cpp:56)
WARNING: Leaked instance dependency: Bug - did not call instance_notify_deleted when freeing.
   at: ~Dependency (servers/rendering/storage/utilities.cpp:56)
WARNING: Leaked instance dependency: Bug - did not call instance_notify_deleted when freeing.
   at: ~Dependency (servers/rendering/storage/utilities.cpp:56)
WARNING: Leaked instance dependency: Bug - did not call instance_notify_deleted when freeing.
   at: ~Dependency (servers/rendering/storage/utilities.cpp:56)
WARNING: Leaked instance dependency: Bug - did not call instance_notify_deleted when freeing.
   at: ~Dependency (servers/rendering/storage/utilities.cpp:56)
WARNING: Leaked instance dependency: Bug - did not call instance_notify_deleted when freeing.
   at: ~Dependency (servers/rendering/storage/utilities.cpp:56)
WARNING: Leaked instance dependency: Bug - did not call instance_notify_deleted when freeing.
   at: ~Dependency (servers/rendering/storage/utilities.cpp:56)
WARNING: Leaked instance dependency: Bug - did not call instance_notify_deleted when freeing.
   at: ~Dependency (servers/rendering/storage/utilities.cpp:56)
WARNING: Leaked instance dependency: Bug - did not call instance_notify_deleted when freeing.
   at: ~Dependency (servers/rendering/storage/utilities.cpp:56)
WARNING: Leaked instance dependency: Bug - did not call instance_notify_deleted when freeing.
   at: ~Dependency (servers/rendering/storage/utilities.cpp:56)
WARNING: Leaked instance dependency: Bug - did not call instance_notify_deleted when freeing.
   at: ~Dependency (servers/rendering/storage/utilities.cpp:56)
WARNING: Leaked instance dependency: Bug - did not call instance_notify_deleted when freeing.
   at: ~Dependency (servers/rendering/storage/utilities.cpp:56)
WARNING: Leaked instance dependency: Bug - did not call instance_notify_deleted when freeing.
   at: ~Dependency (servers/rendering/storage/utilities.cpp:56)
WARNING: Leaked instance dependency: Bug - did not call instance_notify_deleted when freeing.
   at: ~Dependency (servers/rendering/storage/utilities.cpp:56)
WARNING: Leaked instance dependency: Bug - did not call instance_notify_deleted when freeing.
   at: ~Dependency (servers/rendering/storage/utilities.cpp:56)
WARNING: Leaked instance dependency: Bug - did not call instance_notify_deleted when freeing.
   at: ~Dependency (servers/rendering/storage/utilities.cpp:56)
WARNING: Leaked instance dependency: Bug - did not call instance_notify_deleted when freeing.
   at: ~Dependency (servers/rendering/storage/utilities.cpp:56)
WARNING: Leaked instance dependency: Bug - did not call instance_notify_deleted when freeing.
   at: ~Dependency (servers/rendering/storage/utilities.cpp:56)
WARNING: Leaked instance dependency: Bug - did not call instance_notify_deleted when freeing.
   at: ~Dependency (servers/rendering/storage/utilities.cpp:56)
WARNING: Leaked instance dependency: Bug - did not call instance_notify_deleted when freeing.
   at: ~Dependency (servers/rendering/storage/utilities.cpp:56)
WARNING: Leaked instance dependency: Bug - did not call instance_notify_deleted when freeing.
   at: ~Dependency (servers/rendering/storage/utilities.cpp:56)
WARNING: Leaked instance dependency: Bug - did not call instance_notify_deleted when freeing.
   at: ~Dependency (servers/rendering/storage/utilities.cpp:56)
WARNING: Leaked instance dependency: Bug - did not call instance_notify_deleted when freeing.
   at: ~Dependency (servers/rendering/storage/utilities.cpp:56)
WARNING: Leaked instance dependency: Bug - did not call instance_notify_deleted when freeing.
   at: ~Dependency (servers/rendering/storage/utilities.cpp:56)
WARNING: Leaked instance dependency: Bug - did not call instance_notify_deleted when freeing.
   at: ~Dependency (servers/rendering/storage/utilities.cpp:56)
WARNING: Leaked instance dependency: Bug - did not call instance_notify_deleted when freeing.
   at: ~Dependency (servers/rendering/storage/utilities.cpp:56)
WARNING: Leaked instance dependency: Bug - did not call instance_notify_deleted when freeing.
   at: ~Dependency (servers/rendering/storage/utilities.cpp:56)
WARNING: Leaked instance dependency: Bug - did not call instance_notify_deleted when freeing.
   at: ~Dependency (servers/rendering/storage/utilities.cpp:56)
WARNING: Leaked instance dependency: Bug - did not call instance_notify_deleted when freeing.
   at: ~Dependency (servers/rendering/storage/utilities.cpp:56)
WARNING: Leaked instance dependency: Bug - did not call instance_notify_deleted when freeing.
   at: ~Dependency (servers/rendering/storage/utilities.cpp:56)
WARNING: Leaked instance dependency: Bug - did not call instance_notify_deleted when freeing.
   at: ~Dependency (servers/rendering/storage/utilities.cpp:56)
WARNING: Leaked instance dependency: Bug - did not call instance_notify_deleted when freeing.
   at: ~Dependency (servers/rendering/storage/utilities.cpp:56)
WARNING: Leaked instance dependency: Bug - did not call instance_notify_deleted when freeing.
   at: ~Dependency (servers/rendering/storage/utilities.cpp:56)
WARNING: Leaked instance dependency: Bug - did not call instance_notify_deleted when freeing.
   at: ~Dependency (servers/rendering/storage/utilities.cpp:56)
WARNING: Leaked instance dependency: Bug - did not call instance_notify_deleted when freeing.
   at: ~Dependency (servers/rendering/storage/utilities.cpp:56)
WARNING: Leaked instance dependency: Bug - did not call instance_notify_deleted when freeing.
   at: ~Dependency (servers/rendering/storage/utilities.cpp:56)
WARNING: Leaked instance dependency: Bug - did not call instance_notify_deleted when freeing.
   at: ~Dependency (servers/rendering/storage/utilities.cpp:56)
WARNING: Leaked instance dependency: Bug - did not call instance_notify_deleted when freeing.
   at: ~Dependency (servers/rendering/storage/utilities.cpp:56)
WARNING: Leaked instance dependency: Bug - did not call instance_notify_deleted when freeing.
   at: ~Dependency (servers/rendering/storage/utilities.cpp:56)
WARNING: Leaked instance dependency: Bug - did not call instance_notify_deleted when freeing.
   at: ~Dependency (servers/rendering/storage/utilities.cpp:56)
WARNING: Leaked instance dependency: Bug - did not call instance_notify_deleted when freeing.
   at: ~Dependency (servers/rendering/storage/utilities.cpp:56)
WARNING: Leaked instance dependency: Bug - did not call instance_notify_deleted when freeing.
   at: ~Dependency (servers/rendering/storage/utilities.cpp:56)
WARNING: Leaked instance dependency: Bug - did not call instance_notify_deleted when freeing.
   at: ~Dependency (servers/rendering/storage/utilities.cpp:56)
WARNING: Leaked instance dependency: Bug - did not call instance_notify_deleted when freeing.
   at: ~Dependency (servers/rendering/storage/utilities.cpp:56)
WARNING: Leaked instance dependency: Bug - did not call instance_notify_deleted when freeing.
   at: ~Dependency (servers/rendering/storage/utilities.cpp:56)
WARNING: Leaked instance dependency: Bug - did not call instance_notify_deleted when freeing.
   at: ~Dependency (servers/rendering/storage/utilities.cpp:56)
WARNING: Leaked instance dependency: Bug - did not call instance_notify_deleted when freeing.
   at: ~Dependency (servers/rendering/storage/utilities.cpp:56)
WARNING: Leaked instance dependency: Bug - did not call instance_notify_deleted when freeing.
   at: ~Dependency (servers/rendering/storage/utilities.cpp:56)
WARNING: Leaked instance dependency: Bug - did not call instance_notify_deleted when freeing.
   at: ~Dependency (servers/rendering/storage/utilities.cpp:56)
WARNING: Leaked instance dependency: Bug - did not call instance_notify_deleted when freeing.
   at: ~Dependency (servers/rendering/storage/utilities.cpp:56)
WARNING: Leaked instance dependency: Bug - did not call instance_notify_deleted when freeing.
   at: ~Dependency (servers/rendering/storage/utilities.cpp:56)
WARNING: Leaked instance dependency: Bug - did not call instance_notify_deleted when freeing.
   at: ~Dependency (servers/rendering/storage/utilities.cpp:56)
WARNING: Leaked instance dependency: Bug - did not call instance_notify_deleted when freeing.
   at: ~Dependency (servers/rendering/storage/utilities.cpp:56)
WARNING: Leaked instance dependency: Bug - did not call instance_notify_deleted when freeing.
   at: ~Dependency (servers/rendering/storage/utilities.cpp:56)
WARNING: Leaked instance dependency: Bug - did not call instance_notify_deleted when freeing.
   at: ~Dependency (servers/rendering/storage/utilities.cpp:56)
WARNING: Leaked instance dependency: Bug - did not call instance_notify_deleted when freeing.
   at: ~Dependency (servers/rendering/storage/utilities.cpp:56)
WARNING: Leaked instance dependency: Bug - did not call instance_notify_deleted when freeing.
   at: ~Dependency (servers/rendering/storage/utilities.cpp:56)
WARNING: Leaked instance dependency: Bug - did not call instance_notify_deleted when freeing.
   at: ~Dependency (servers/rendering/storage/utilities.cpp:56)
WARNING: Leaked instance dependency: Bug - did not call instance_notify_deleted when freeing.
   at: ~Dependency (servers/rendering/storage/utilities.cpp:56)
WARNING: Leaked instance dependency: Bug - did not call instance_notify_deleted when freeing.
   at: ~Dependency (servers/rendering/storage/utilities.cpp:56)
WARNING: Leaked instance dependency: Bug - did not call instance_notify_deleted when freeing.
   at: ~Dependency (servers/rendering/storage/utilities.cpp:56)
WARNING: Leaked instance dependency: Bug - did not call instance_notify_deleted when freeing.
   at: ~Dependency (servers/rendering/storage/utilities.cpp:56)
WARNING: Leaked instance dependency: Bug - did not call instance_notify_deleted when freeing.
   at: ~Dependency (servers/rendering/storage/utilities.cpp:56)
WARNING: Leaked instance dependency: Bug - did not call instance_notify_deleted when freeing.
   at: ~Dependency (servers/rendering/storage/utilities.cpp:56)
WARNING: Leaked instance dependency: Bug - did not call instance_notify_deleted when freeing.
   at: ~Dependency (servers/rendering/storage/utilities.cpp:56)
WARNING: Leaked instance dependency: Bug - did not call instance_notify_deleted when freeing.
   at: ~Dependency (servers/rendering/storage/utilities.cpp:56)
WARNING: Leaked instance dependency: Bug - did not call instance_notify_deleted when freeing.
   at: ~Dependency (servers/rendering/storage/utilities.cpp:56)
WARNING: Leaked instance dependency: Bug - did not call instance_notify_deleted when freeing.
   at: ~Dependency (servers/rendering/storage/utilities.cpp:56)
WARNING: Leaked instance dependency: Bug - did not call instance_notify_deleted when freeing.
   at: ~Dependency (servers/rendering/storage/utilities.cpp:56)
WARNING: Leaked instance dependency: Bug - did not call instance_notify_deleted when freeing.
   at: ~Dependency (servers/rendering/storage/utilities.cpp:56)
WARNING: Leaked instance dependency: Bug - did not call instance_notify_deleted when freeing.
   at: ~Dependency (servers/rendering/storage/utilities.cpp:56)
WARNING: Leaked instance dependency: Bug - did not call instance_notify_deleted when freeing.
   at: ~Dependency (servers/rendering/storage/utilities.cpp:56)
WARNING: Leaked instance dependency: Bug - did not call instance_notify_deleted when freeing.
   at: ~Dependency (servers/rendering/storage/utilities.cpp:56)
WARNING: Leaked instance dependency: Bug - did not call instance_notify_deleted when freeing.
   at: ~Dependency (servers/rendering/storage/utilities.cpp:56)
WARNING: Leaked instance dependency: Bug - did not call instance_notify_deleted when freeing.
   at: ~Dependency (servers/rendering/storage/utilities.cpp:56)
WARNING: Leaked instance dependency: Bug - did not call instance_notify_deleted when freeing.
   at: ~Dependency (servers/rendering/storage/utilities.cpp:56)
WARNING: Leaked instance dependency: Bug - did not call instance_notify_deleted when freeing.
   at: ~Dependency (servers/rendering/storage/utilities.cpp:56)
WARNING: Leaked instance dependency: Bug - did not call instance_notify_deleted when freeing.
   at: ~Dependency (servers/rendering/storage/utilities.cpp:56)
WARNING: Leaked instance dependency: Bug - did not call instance_notify_deleted when freeing.
   at: ~Dependency (servers/rendering/storage/utilities.cpp:56)
WARNING: Leaked instance dependency: Bug - did not call instance_notify_deleted when freeing.
   at: ~Dependency (servers/rendering/storage/utilities.cpp:56)
WARNING: Leaked instance dependency: Bug - did not call instance_notify_deleted when freeing.
   at: ~Dependency (servers/rendering/storage/utilities.cpp:56)
WARNING: Leaked instance dependency: Bug - did not call instance_notify_deleted when freeing.
   at: ~Dependency (servers/rendering/storage/utilities.cpp:56)
WARNING: Leaked instance dependency: Bug - did not call instance_notify_deleted when freeing.
   at: ~Dependency (servers/rendering/storage/utilities.cpp:56)
WARNING: Leaked instance dependency: Bug - did not call instance_notify_deleted when freeing.
   at: ~Dependency (servers/rendering/storage/utilities.cpp:56)
WARNING: Leaked instance dependency: Bug - did not call instance_notify_deleted when freeing.
   at: ~Dependency (servers/rendering/storage/utilities.cpp:56)
WARNING: Leaked instance dependency: Bug - did not call instance_notify_deleted when freeing.
   at: ~Dependency (servers/rendering/storage/utilities.cpp:56)
WARNING: Leaked instance dependency: Bug - did not call instance_notify_deleted when freeing.
   at: ~Dependency (servers/rendering/storage/utilities.cpp:56)
WARNING: Leaked instance dependency: Bug - did not call instance_notify_deleted when freeing.
   at: ~Dependency (servers/rendering/storage/utilities.cpp:56)
WARNING: Leaked instance dependency: Bug - did not call instance_notify_deleted when freeing.
   at: ~Dependency (servers/rendering/storage/utilities.cpp:56)
WARNING: Leaked instance dependency: Bug - did not call instance_notify_deleted when freeing.
   at: ~Dependency (servers/rendering/storage/utilities.cpp:56)
WARNING: Leaked instance dependency: Bug - did not call instance_notify_deleted when freeing.
   at: ~Dependency (servers/rendering/storage/utilities.cpp:56)
WARNING: Leaked instance dependency: Bug - did not call instance_notify_deleted when freeing.
   at: ~Dependency (servers/rendering/storage/utilities.cpp:56)
WARNING: Leaked instance dependency: Bug - did not call instance_notify_deleted when freeing.
   at: ~Dependency (servers/rendering/storage/utilities.cpp:56)
WARNING: Leaked instance dependency: Bug - did not call instance_notify_deleted when freeing.
   at: ~Dependency (servers/rendering/storage/utilities.cpp:56)
WARNING: Leaked instance dependency: Bug - did not call instance_notify_deleted when freeing.
   at: ~Dependency (servers/rendering/storage/utilities.cpp:56)
WARNING: Leaked instance dependency: Bug - did not call instance_notify_deleted when freeing.
   at: ~Dependency (servers/rendering/storage/utilities.cpp:56)
WARNING: Leaked instance dependency: Bug - did not call instance_notify_deleted when freeing.
   at: ~Dependency (servers/rendering/storage/utilities.cpp:56)
WARNING: Leaked instance dependency: Bug - did not call instance_notify_deleted when freeing.
   at: ~Dependency (servers/rendering/storage/utilities.cpp:56)
WARNING: Leaked instance dependency: Bug - did not call instance_notify_deleted when freeing.
   at: ~Dependency (servers/rendering/storage/utilities.cpp:56)
WARNING: Leaked instance dependency: Bug - did not call instance_notify_deleted when freeing.
   at: ~Dependency (servers/rendering/storage/utilities.cpp:56)
WARNING: Leaked instance dependency: Bug - did not call instance_notify_deleted when freeing.
   at: ~Dependency (servers/rendering/storage/utilities.cpp:56)
WARNING: Leaked instance dependency: Bug - did not call instance_notify_deleted when freeing.
   at: ~Dependency (servers/rendering/storage/utilities.cpp:56)
WARNING: Leaked instance dependency: Bug - did not call instance_notify_deleted when freeing.
   at: ~Dependency (servers/rendering/storage/utilities.cpp:56)
WARNING: Leaked instance dependency: Bug - did not call instance_notify_deleted when freeing.
   at: ~Dependency (servers/rendering/storage/utilities.cpp:56)
WARNING: Leaked instance dependency: Bug - did not call instance_notify_deleted when freeing.
   at: ~Dependency (servers/rendering/storage/utilities.cpp:56)
WARNING: Leaked instance dependency: Bug - did not call instance_notify_deleted when freeing.
   at: ~Dependency (servers/rendering/storage/utilities.cpp:56)
WARNING: Leaked instance dependency: Bug - did not call instance_notify_deleted when freeing.
   at: ~Dependency (servers/rendering/storage/utilities.cpp:56)
WARNING: Leaked instance dependency: Bug - did not call instance_notify_deleted when freeing.
   at: ~Dependency (servers/rendering/storage/utilities.cpp:56)
WARNING: Leaked instance dependency: Bug - did not call instance_notify_deleted when freeing.
   at: ~Dependency (servers/rendering/storage/utilities.cpp:56)
WARNING: Leaked instance dependency: Bug - did not call instance_notify_deleted when freeing.
   at: ~Dependency (servers/rendering/storage/utilities.cpp:56)
WARNING: Leaked instance dependency: Bug - did not call instance_notify_deleted when freeing.
   at: ~Dependency (servers/rendering/storage/utilities.cpp:56)
WARNING: Leaked instance dependency: Bug - did not call instance_notify_deleted when freeing.
   at: ~Dependency (servers/rendering/storage/utilities.cpp:56)
WARNING: Leaked instance dependency: Bug - did not call instance_notify_deleted when freeing.
   at: ~Dependency (servers/rendering/storage/utilities.cpp:56)
WARNING: Leaked instance dependency: Bug - did not call instance_notify_deleted when freeing.
   at: ~Dependency (servers/rendering/storage/utilities.cpp:56)
WARNING: Leaked instance dependency: Bug - did not call instance_notify_deleted when freeing.
   at: ~Dependency (servers/rendering/storage/utilities.cpp:56)
WARNING: Leaked instance dependency: Bug - did not call instance_notify_deleted when freeing.
   at: ~Dependency (servers/rendering/storage/utilities.cpp:56)
WARNING: Leaked instance dependency: Bug - did not call instance_notify_deleted when freeing.
   at: ~Dependency (servers/rendering/storage/utilities.cpp:56)
WARNING: Leaked instance dependency: Bug - did not call instance_notify_deleted when freeing.
   at: ~Dependency (servers/rendering/storage/utilities.cpp:56)
WARNING: Leaked instance dependency: Bug - did not call instance_notify_deleted when freeing.
   at: ~Dependency (servers/rendering/storage/utilities.cpp:56)
WARNING: Leaked instance dependency: Bug - did not call instance_notify_deleted when freeing.
   at: ~Dependency (servers/rendering/storage/utilities.cpp:56)
WARNING: Leaked instance dependency: Bug - did not call instance_notify_deleted when freeing.
   at: ~Dependency (servers/rendering/storage/utilities.cpp:56)
WARNING: Leaked instance dependency: Bug - did not call instance_notify_deleted when freeing.
   at: ~Dependency (servers/rendering/storage/utilities.cpp:56)
WARNING: Leaked instance dependency: Bug - did not call instance_notify_deleted when freeing.
   at: ~Dependency (servers/rendering/storage/utilities.cpp:56)
WARNING: Leaked instance dependency: Bug - did not call instance_notify_deleted when freeing.
   at: ~Dependency (servers/rendering/storage/utilities.cpp:56)
WARNING: Leaked instance dependency: Bug - did not call instance_notify_deleted when freeing.
   at: ~Dependency (servers/rendering/storage/utilities.cpp:56)
WARNING: Leaked instance dependency: Bug - did not call instance_notify_deleted when freeing.
   at: ~Dependency (servers/rendering/storage/utilities.cpp:56)
WARNING: Leaked instance dependency: Bug - did not call instance_notify_deleted when freeing.
   at: ~Dependency (servers/rendering/storage/utilities.cpp:56)
WARNING: Leaked instance dependency: Bug - did not call instance_notify_deleted when freeing.
   at: ~Dependency (servers/rendering/storage/utilities.cpp:56)
WARNING: Leaked instance dependency: Bug - did not call instance_notify_deleted when freeing.
   at: ~Dependency (servers/rendering/storage/utilities.cpp:56)
WARNING: Leaked instance dependency: Bug - did not call instance_notify_deleted when freeing.
   at: ~Dependency (servers/rendering/storage/utilities.cpp:56)
WARNING: Leaked instance dependency: Bug - did not call instance_notify_deleted when freeing.
   at: ~Dependency (servers/rendering/storage/utilities.cpp:56)
WARNING: Leaked instance dependency: Bug - did not call instance_notify_deleted when freeing.
   at: ~Dependency (servers/rendering/storage/utilities.cpp:56)
WARNING: Leaked instance dependency: Bug - did not call instance_notify_deleted when freeing.
   at: ~Dependency (servers/rendering/storage/utilities.cpp:56)
WARNING: Leaked instance dependency: Bug - did not call instance_notify_deleted when freeing.
   at: ~Dependency (servers/rendering/storage/utilities.cpp:56)
WARNING: Leaked instance dependency: Bug - did not call instance_notify_deleted when freeing.
   at: ~Dependency (servers/rendering/storage/utilities.cpp:56)
WARNING: Leaked instance dependency: Bug - did not call instance_notify_deleted when freeing.
   at: ~Dependency (servers/rendering/storage/utilities.cpp:56)
WARNING: Leaked instance dependency: Bug - did not call instance_notify_deleted when freeing.
   at: ~Dependency (servers/rendering/storage/utilities.cpp:56)
WARNING: Leaked instance dependency: Bug - did not call instance_notify_deleted when freeing.
   at: ~Dependency (servers/rendering/storage/utilities.cpp:56)
WARNING: Leaked instance dependency: Bug - did not call instance_notify_deleted when freeing.
   at: ~Dependency (servers/rendering/storage/utilities.cpp:56)
WARNING: Leaked instance dependency: Bug - did not call instance_notify_deleted when freeing.
   at: ~Dependency (servers/rendering/storage/utilities.cpp:56)
WARNING: Leaked instance dependency: Bug - did not call instance_notify_deleted when freeing.
   at: ~Dependency (servers/rendering/storage/utilities.cpp:56)
WARNING: Leaked instance dependency: Bug - did not call instance_notify_deleted when freeing.
   at: ~Dependency (servers/rendering/storage/utilities.cpp:56)
WARNING: Leaked instance dependency: Bug - did not call instance_notify_deleted when freeing.
   at: ~Dependency (servers/rendering/storage/utilities.cpp:56)
WARNING: Leaked instance dependency: Bug - did not call instance_notify_deleted when freeing.
   at: ~Dependency (servers/rendering/storage/utilities.cpp:56)
WARNING: Leaked instance dependency: Bug - did not call instance_notify_deleted when freeing.
   at: ~Dependency (servers/rendering/storage/utilities.cpp:56)
WARNING: Leaked instance dependency: Bug - did not call instance_notify_deleted when freeing.
   at: ~Dependency (servers/rendering/storage/utilities.cpp:56)
WARNING: Leaked instance dependency: Bug - did not call instance_notify_deleted when freeing.
   at: ~Dependency (servers/rendering/storage/utilities.cpp:56)
WARNING: Leaked instance dependency: Bug - did not call instance_notify_deleted when freeing.
   at: ~Dependency (servers/rendering/storage/utilities.cpp:56)
WARNING: Leaked instance dependency: Bug - did not call instance_notify_deleted when freeing.
   at: ~Dependency (servers/rendering/storage/utilities.cpp:56)
WARNING: Leaked instance dependency: Bug - did not call instance_notify_deleted when freeing.
   at: ~Dependency (servers/rendering/storage/utilities.cpp:56)
WARNING: Leaked instance dependency: Bug - did not call instance_notify_deleted when freeing.
   at: ~Dependency (servers/rendering/storage/utilities.cpp:56)
WARNING: Leaked instance dependency: Bug - did not call instance_notify_deleted when freeing.
   at: ~Dependency (servers/rendering/storage/utilities.cpp:56)
WARNING: Leaked instance dependency: Bug - did not call instance_notify_deleted when freeing.
   at: ~Dependency (servers/rendering/storage/utilities.cpp:56)
WARNING: Leaked instance dependency: Bug - did not call instance_notify_deleted when freeing.
   at: ~Dependency (servers/rendering/storage/utilities.cpp:56)
WARNING: Leaked instance dependency: Bug - did not call instance_notify_deleted when freeing.
   at: ~Dependency (servers/rendering/storage/utilities.cpp:56)
WARNING: Leaked instance dependency: Bug - did not call instance_notify_deleted when freeing.
   at: ~Dependency (servers/rendering/storage/utilities.cpp:56)
WARNING: Leaked instance dependency: Bug - did not call instance_notify_deleted when freeing.
   at: ~Dependency (servers/rendering/storage/utilities.cpp:56)
WARNING: Leaked instance dependency: Bug - did not call instance_notify_deleted when freeing.
   at: ~Dependency (servers/rendering/storage/utilities.cpp:56)
WARNING: Leaked instance dependency: Bug - did not call instance_notify_deleted when freeing.
   at: ~Dependency (servers/rendering/storage/utilities.cpp:56)
WARNING: Leaked instance dependency: Bug - did not call instance_notify_deleted when freeing.
   at: ~Dependency (servers/rendering/storage/utilities.cpp:56)
WARNING: Leaked instance dependency: Bug - did not call instance_notify_deleted when freeing.
   at: ~Dependency (servers/rendering/storage/utilities.cpp:56)
WARNING: Leaked instance dependency: Bug - did not call instance_notify_deleted when freeing.
   at: ~Dependency (servers/rendering/storage/utilities.cpp:56)
WARNING: Leaked instance dependency: Bug - did not call instance_notify_deleted when freeing.
   at: ~Dependency (servers/rendering/storage/utilities.cpp:56)
WARNING: Leaked instance dependency: Bug - did not call instance_notify_deleted when freeing.
   at: ~Dependency (servers/rendering/storage/utilities.cpp:56)
WARNING: Leaked instance dependency: Bug - did not call instance_notify_deleted when freeing.
   at: ~Dependency (servers/rendering/storage/utilities.cpp:56)
WARNING: Leaked instance dependency: Bug - did not call instance_notify_deleted when freeing.
   at: ~Dependency (servers/rendering/storage/utilities.cpp:56)
WARNING: Leaked instance dependency: Bug - did not call instance_notify_deleted when freeing.
   at: ~Dependency (servers/rendering/storage/utilities.cpp:56)
WARNING: Leaked instance dependency: Bug - did not call instance_notify_deleted when freeing.
   at: ~Dependency (servers/rendering/storage/utilities.cpp:56)
WARNING: Leaked instance dependency: Bug - did not call instance_notify_deleted when freeing.
   at: ~Dependency (servers/rendering/storage/utilities.cpp:56)
WARNING: Leaked instance dependency: Bug - did not call instance_notify_deleted when freeing.
   at: ~Dependency (servers/rendering/storage/utilities.cpp:56)
WARNING: Leaked instance dependency: Bug - did not call instance_notify_deleted when freeing.
   at: ~Dependency (servers/rendering/storage/utilities.cpp:56)
WARNING: Leaked instance dependency: Bug - did not call instance_notify_deleted when freeing.
   at: ~Dependency (servers/rendering/storage/utilities.cpp:56)
WARNING: Leaked instance dependency: Bug - did not call instance_notify_deleted when freeing.
   at: ~Dependency (servers/rendering/storage/utilities.cpp:56)
WARNING: Leaked instance dependency: Bug - did not call instance_notify_deleted when freeing.
   at: ~Dependency (servers/rendering/storage/utilities.cpp:56)
WARNING: Leaked instance dependency: Bug - did not call instance_notify_deleted when freeing.
   at: ~Dependency (servers/rendering/storage/utilities.cpp:56)
WARNING: Leaked instance dependency: Bug - did not call instance_notify_deleted when freeing.
   at: ~Dependency (servers/rendering/storage/utilities.cpp:56)
WARNING: Leaked instance dependency: Bug - did not call instance_notify_deleted when freeing.
   at: ~Dependency (servers/rendering/storage/utilities.cpp:56)
WARNING: Leaked instance dependency: Bug - did not call instance_notify_deleted when freeing.
   at: ~Dependency (servers/rendering/storage/utilities.cpp:56)
WARNING: Leaked instance dependency: Bug - did not call instance_notify_deleted when freeing.
   at: ~Dependency (servers/rendering/storage/utilities.cpp:56)
WARNING: Leaked instance dependency: Bug - did not call instance_notify_deleted when freeing.
   at: ~Dependency (servers/rendering/storage/utilities.cpp:56)
WARNING: Leaked instance dependency: Bug - did not call instance_notify_deleted when freeing.
   at: ~Dependency (servers/rendering/storage/utilities.cpp:56)
WARNING: Leaked instance dependency: Bug - did not call instance_notify_deleted when freeing.
   at: ~Dependency (servers/rendering/storage/utilities.cpp:56)
WARNING: Leaked instance dependency: Bug - did not call instance_notify_deleted when freeing.
   at: ~Dependency (servers/rendering/storage/utilities.cpp:56)
WARNING: Leaked instance dependency: Bug - did not call instance_notify_deleted when freeing.
   at: ~Dependency (servers/rendering/storage/utilities.cpp:56)
WARNING: Leaked instance dependency: Bug - did not call instance_notify_deleted when freeing.
   at: ~Dependency (servers/rendering/storage/utilities.cpp:56)
WARNING: Leaked instance dependency: Bug - did not call instance_notify_deleted when freeing.
   at: ~Dependency (servers/rendering/storage/utilities.cpp:56)
WARNING: Leaked instance dependency: Bug - did not call instance_notify_deleted when freeing.
   at: ~Dependency (servers/rendering/storage/utilities.cpp:56)
WARNING: Leaked instance dependency: Bug - did not call instance_notify_deleted when freeing.
   at: ~Dependency (servers/rendering/storage/utilities.cpp:56)
WARNING: Leaked instance dependency: Bug - did not call instance_notify_deleted when freeing.
   at: ~Dependency (servers/rendering/storage/utilities.cpp:56)
WARNING: Leaked instance dependency: Bug - did not call instance_notify_deleted when freeing.
   at: ~Dependency (servers/rendering/storage/utilities.cpp:56)
WARNING: Leaked instance dependency: Bug - did not call instance_notify_deleted when freeing.
   at: ~Dependency (servers/rendering/storage/utilities.cpp:56)
WARNING: Leaked instance dependency: Bug - did not call instance_notify_deleted when freeing.
   at: ~Dependency (servers/rendering/storage/utilities.cpp:56)
WARNING: Leaked instance dependency: Bug - did not call instance_notify_deleted when freeing.
   at: ~Dependency (servers/rendering/storage/utilities.cpp:56)
WARNING: Leaked instance dependency: Bug - did not call instance_notify_deleted when freeing.
   at: ~Dependency (servers/rendering/storage/utilities.cpp:56)
WARNING: Leaked instance dependency: Bug - did not call instance_notify_deleted when freeing.
   at: ~Dependency (servers/rendering/storage/utilities.cpp:56)
WARNING: Leaked instance dependency: Bug - did not call instance_notify_deleted when freeing.
   at: ~Dependency (servers/rendering/storage/utilities.cpp:56)
WARNING: Leaked instance dependency: Bug - did not call instance_notify_deleted when freeing.
   at: ~Dependency (servers/rendering/storage/utilities.cpp:56)
WARNING: Leaked instance dependency: Bug - did not call instance_notify_deleted when freeing.
   at: ~Dependency (servers/rendering/storage/utilities.cpp:56)
WARNING: Leaked instance dependency: Bug - did not call instance_notify_deleted when freeing.
   at: ~Dependency (servers/rendering/storage/utilities.cpp:56)
WARNING: Leaked instance dependency: Bug - did not call instance_notify_deleted when freeing.
   at: ~Dependency (servers/rendering/storage/utilities.cpp:56)
WARNING: Leaked instance dependency: Bug - did not call instance_notify_deleted when freeing.
   at: ~Dependency (servers/rendering/storage/utilities.cpp:56)
WARNING: Leaked instance dependency: Bug - did not call instance_notify_deleted when freeing.
   at: ~Dependency (servers/rendering/storage/utilities.cpp:56)
WARNING: Leaked instance dependency: Bug - did not call instance_notify_deleted when freeing.
   at: ~Dependency (servers/rendering/storage/utilities.cpp:56)
WARNING: Leaked instance dependency: Bug - did not call instance_notify_deleted when freeing.
   at: ~Dependency (servers/rendering/storage/utilities.cpp:56)
WARNING: Leaked instance dependency: Bug - did not call instance_notify_deleted when freeing.
   at: ~Dependency (servers/rendering/storage/utilities.cpp:56)
WARNING: Leaked instance dependency: Bug - did not call instance_notify_deleted when freeing.
   at: ~Dependency (servers/rendering/storage/utilities.cpp:56)
WARNING: Leaked instance dependency: Bug - did not call instance_notify_deleted when freeing.
   at: ~Dependency (servers/rendering/storage/utilities.cpp:56)
WARNING: Leaked instance dependency: Bug - did not call instance_notify_deleted when freeing.
   at: ~Dependency (servers/rendering/storage/utilities.cpp:56)
WARNING: Leaked instance dependency: Bug - did not call instance_notify_deleted when freeing.
   at: ~Dependency (servers/rendering/storage/utilities.cpp:56)
WARNING: Leaked instance dependency: Bug - did not call instance_notify_deleted when freeing.
   at: ~Dependency (servers/rendering/storage/utilities.cpp:56)
WARNING: Leaked instance dependency: Bug - did not call instance_notify_deleted when freeing.
   at: ~Dependency (servers/rendering/storage/utilities.cpp:56)
WARNING: Leaked instance dependency: Bug - did not call instance_notify_deleted when freeing.
   at: ~Dependency (servers/rendering/storage/utilities.cpp:56)
WARNING: Leaked instance dependency: Bug - did not call instance_notify_deleted when freeing.
   at: ~Dependency (servers/rendering/storage/utilities.cpp:56)
WARNING: Leaked instance dependency: Bug - did not call instance_notify_deleted when freeing.
   at: ~Dependency (servers/rendering/storage/utilities.cpp:56)
WARNING: Leaked instance dependency: Bug - did not call instance_notify_deleted when freeing.
   at: ~Dependency (servers/rendering/storage/utilities.cpp:56)
WARNING: Leaked instance dependency: Bug - did not call instance_notify_deleted when freeing.
   at: ~Dependency (servers/rendering/storage/utilities.cpp:56)
WARNING: Leaked instance dependency: Bug - did not call instance_notify_deleted when freeing.
   at: ~Dependency (servers/rendering/storage/utilities.cpp:56)
WARNING: Leaked instance dependency: Bug - did not call instance_notify_deleted when freeing.
   at: ~Dependency (servers/rendering/storage/utilities.cpp:56)
WARNING: Leaked instance dependency: Bug - did not call instance_notify_deleted when freeing.
   at: ~Dependency (servers/rendering/storage/utilities.cpp:56)
WARNING: Leaked instance dependency: Bug - did not call instance_notify_deleted when freeing.
   at: ~Dependency (servers/rendering/storage/utilities.cpp:56)
WARNING: Leaked instance dependency: Bug - did not call instance_notify_deleted when freeing.
   at: ~Dependency (servers/rendering/storage/utilities.cpp:56)
WARNING: Leaked instance dependency: Bug - did not call instance_notify_deleted when freeing.
   at: ~Dependency (servers/rendering/storage/utilities.cpp:56)
WARNING: Leaked instance dependency: Bug - did not call instance_notify_deleted when freeing.
   at: ~Dependency (servers/rendering/storage/utilities.cpp:56)
WARNING: Leaked instance dependency: Bug - did not call instance_notify_deleted when freeing.
   at: ~Dependency (servers/rendering/storage/utilities.cpp:56)
WARNING: Leaked instance dependency: Bug - did not call instance_notify_deleted when freeing.
   at: ~Dependency (servers/rendering/storage/utilities.cpp:56)
WARNING: Leaked instance dependency: Bug - did not call instance_notify_deleted when freeing.
   at: ~Dependency (servers/rendering/storage/utilities.cpp:56)
WARNING: Leaked instance dependency: Bug - did not call instance_notify_deleted when freeing.
   at: ~Dependency (servers/rendering/storage/utilities.cpp:56)
WARNING: Leaked instance dependency: Bug - did not call instance_notify_deleted when freeing.
   at: ~Dependency (servers/rendering/storage/utilities.cpp:56)
WARNING: Leaked instance dependency: Bug - did not call instance_notify_deleted when freeing.
   at: ~Dependency (servers/rendering/storage/utilities.cpp:56)
WARNING: Leaked instance dependency: Bug - did not call instance_notify_deleted when freeing.
   at: ~Dependency (servers/rendering/storage/utilities.cpp:56)
WARNING: Leaked instance dependency: Bug - did not call instance_notify_deleted when freeing.
   at: ~Dependency (servers/rendering/storage/utilities.cpp:56)
WARNING: Leaked instance dependency: Bug - did not call instance_notify_deleted when freeing.
   at: ~Dependency (servers/rendering/storage/utilities.cpp:56)
WARNING: Leaked instance dependency: Bug - did not call instance_notify_deleted when freeing.
   at: ~Dependency (servers/rendering/storage/utilities.cpp:56)
WARNING: Leaked instance dependency: Bug - did not call instance_notify_deleted when freeing.
   at: ~Dependency (servers/rendering/storage/utilities.cpp:56)
WARNING: Leaked instance dependency: Bug - did not call instance_notify_deleted when freeing.
   at: ~Dependency (servers/rendering/storage/utilities.cpp:56)
WARNING: Leaked instance dependency: Bug - did not call instance_notify_deleted when freeing.
   at: ~Dependency (servers/rendering/storage/utilities.cpp:56)
WARNING: Leaked instance dependency: Bug - did not call instance_notify_deleted when freeing.
   at: ~Dependency (servers/rendering/storage/utilities.cpp:56)
WARNING: Leaked instance dependency: Bug - did not call instance_notify_deleted when freeing.
   at: ~Dependency (servers/rendering/storage/utilities.cpp:56)
WARNING: Leaked instance dependency: Bug - did not call instance_notify_deleted when freeing.
   at: ~Dependency (servers/rendering/storage/utilities.cpp:56)
WARNING: Leaked instance dependency: Bug - did not call instance_notify_deleted when freeing.
   at: ~Dependency (servers/rendering/storage/utilities.cpp:56)
WARNING: Leaked instance dependency: Bug - did not call instance_notify_deleted when freeing.
   at: ~Dependency (servers/rendering/storage/utilities.cpp:56)
WARNING: Leaked instance dependency: Bug - did not call instance_notify_deleted when freeing.
   at: ~Dependency (servers/rendering/storage/utilities.cpp:56)
WARNING: Leaked instance dependency: Bug - did not call instance_notify_deleted when freeing.
   at: ~Dependency (servers/rendering/storage/utilities.cpp:56)
WARNING: Leaked instance dependency: Bug - did not call instance_notify_deleted when freeing.
   at: ~Dependency (servers/rendering/storage/utilities.cpp:56)
WARNING: Leaked instance dependency: Bug - did not call instance_notify_deleted when freeing.
   at: ~Dependency (servers/rendering/storage/utilities.cpp:56)
WARNING: Leaked instance dependency: Bug - did not call instance_notify_deleted when freeing.
   at: ~Dependency (servers/rendering/storage/utilities.cpp:56)
WARNING: Leaked instance dependency: Bug - did not call instance_notify_deleted when freeing.
   at: ~Dependency (servers/rendering/storage/utilities.cpp:56)
WARNING: Leaked instance dependency: Bug - did not call instance_notify_deleted when freeing.
   at: ~Dependency (servers/rendering/storage/utilities.cpp:56)
WARNING: Leaked instance dependency: Bug - did not call instance_notify_deleted when freeing.
   at: ~Dependency (servers/rendering/storage/utilities.cpp:56)
WARNING: Leaked instance dependency: Bug - did not call instance_notify_deleted when freeing.
   at: ~Dependency (servers/rendering/storage/utilities.cpp:56)
WARNING: Leaked instance dependency: Bug - did not call instance_notify_deleted when freeing.
   at: ~Dependency (servers/rendering/storage/utilities.cpp:56)
WARNING: Leaked instance dependency: Bug - did not call instance_notify_deleted when freeing.
   at: ~Dependency (servers/rendering/storage/utilities.cpp:56)
WARNING: Leaked instance dependency: Bug - did not call instance_notify_deleted when freeing.
   at: ~Dependency (servers/rendering/storage/utilities.cpp:56)
WARNING: Leaked instance dependency: Bug - did not call instance_notify_deleted when freeing.
   at: ~Dependency (servers/rendering/storage/utilities.cpp:56)
WARNING: Leaked instance dependency: Bug - did not call instance_notify_deleted when freeing.
   at: ~Dependency (servers/rendering/storage/utilities.cpp:56)
WARNING: Leaked instance dependency: Bug - did not call instance_notify_deleted when freeing.
   at: ~Dependency (servers/rendering/storage/utilities.cpp:56)
WARNING: Leaked instance dependency: Bug - did not call instance_notify_deleted when freeing.
   at: ~Dependency (servers/rendering/storage/utilities.cpp:56)
WARNING: Leaked instance dependency: Bug - did not call instance_notify_deleted when freeing.
   at: ~Dependency (servers/rendering/storage/utilities.cpp:56)
WARNING: Leaked instance dependency: Bug - did not call instance_notify_deleted when freeing.
   at: ~Dependency (servers/rendering/storage/utilities.cpp:56)
WARNING: Leaked instance dependency: Bug - did not call instance_notify_deleted when freeing.
   at: ~Dependency (servers/rendering/storage/utilities.cpp:56)
WARNING: Leaked instance dependency: Bug - did not call instance_notify_deleted when freeing.
   at: ~Dependency (servers/rendering/storage/utilities.cpp:56)
WARNING: Leaked instance dependency: Bug - did not call instance_notify_deleted when freeing.
   at: ~Dependency (servers/rendering/storage/utilities.cpp:56)
WARNING: Leaked instance dependency: Bug - did not call instance_notify_deleted when freeing.
   at: ~Dependency (servers/rendering/storage/utilities.cpp:56)
WARNING: Leaked instance dependency: Bug - did not call instance_notify_deleted when freeing.
   at: ~Dependency (servers/rendering/storage/utilities.cpp:56)
WARNING: Leaked instance dependency: Bug - did not call instance_notify_deleted when freeing.
   at: ~Dependency (servers/rendering/storage/utilities.cpp:56)
WARNING: Leaked instance dependency: Bug - did not call instance_notify_deleted when freeing.
   at: ~Dependency (servers/rendering/storage/utilities.cpp:56)
WARNING: Leaked instance dependency: Bug - did not call instance_notify_deleted when freeing.
   at: ~Dependency (servers/rendering/storage/utilities.cpp:56)
WARNING: Leaked instance dependency: Bug - did not call instance_notify_deleted when freeing.
   at: ~Dependency (servers/rendering/storage/utilities.cpp:56)
WARNING: Leaked instance dependency: Bug - did not call instance_notify_deleted when freeing.
   at: ~Dependency (servers/rendering/storage/utilities.cpp:56)
WARNING: Leaked instance dependency: Bug - did not call instance_notify_deleted when freeing.
   at: ~Dependency (servers/rendering/storage/utilities.cpp:56)
WARNING: Leaked instance dependency: Bug - did not call instance_notify_deleted when freeing.
   at: ~Dependency (servers/rendering/storage/utilities.cpp:56)
WARNING: Leaked instance dependency: Bug - did not call instance_notify_deleted when freeing.
   at: ~Dependency (servers/rendering/storage/utilities.cpp:56)
WARNING: Leaked instance dependency: Bug - did not call instance_notify_deleted when freeing.
   at: ~Dependency (servers/rendering/storage/utilities.cpp:56)
WARNING: Leaked instance dependency: Bug - did not call instance_notify_deleted when freeing.
   at: ~Dependency (servers/rendering/storage/utilities.cpp:56)
WARNING: Leaked instance dependency: Bug - did not call instance_notify_deleted when freeing.
   at: ~Dependency (servers/rendering/storage/utilities.cpp:56)
WARNING: Leaked instance dependency: Bug - did not call instance_notify_deleted when freeing.
   at: ~Dependency (servers/rendering/storage/utilities.cpp:56)
WARNING: Leaked instance dependency: Bug - did not call instance_notify_deleted when freeing.
   at: ~Dependency (servers/rendering/storage/utilities.cpp:56)
WARNING: Leaked instance dependency: Bug - did not call instance_notify_deleted when freeing.
   at: ~Dependency (servers/rendering/storage/utilities.cpp:56)
WARNING: Leaked instance dependency: Bug - did not call instance_notify_deleted when freeing.
   at: ~Dependency (servers/rendering/storage/utilities.cpp:56)
WARNING: Leaked instance dependency: Bug - did not call instance_notify_deleted when freeing.
   at: ~Dependency (servers/rendering/storage/utilities.cpp:56)
WARNING: Leaked instance dependency: Bug - did not call instance_notify_deleted when freeing.
   at: ~Dependency (servers/rendering/storage/utilities.cpp:56)
WARNING: Leaked instance dependency: Bug - did not call instance_notify_deleted when freeing.
   at: ~Dependency (servers/rendering/storage/utilities.cpp:56)
WARNING: Leaked instance dependency: Bug - did not call instance_notify_deleted when freeing.
   at: ~Dependency (servers/rendering/storage/utilities.cpp:56)
WARNING: Leaked instance dependency: Bug - did not call instance_notify_deleted when freeing.
   at: ~Dependency (servers/rendering/storage/utilities.cpp:56)
WARNING: Leaked instance dependency: Bug - did not call instance_notify_deleted when freeing.
   at: ~Dependency (servers/rendering/storage/utilities.cpp:56)
WARNING: Leaked instance dependency: Bug - did not call instance_notify_deleted when freeing.
   at: ~Dependency (servers/rendering/storage/utilities.cpp:56)
WARNING: Leaked instance dependency: Bug - did not call instance_notify_deleted when freeing.
   at: ~Dependency (servers/rendering/storage/utilities.cpp:56)
WARNING: Leaked instance dependency: Bug - did not call instance_notify_deleted when freeing.
   at: ~Dependency (servers/rendering/storage/utilities.cpp:56)
WARNING: Leaked instance dependency: Bug - did not call instance_notify_deleted when freeing.
   at: ~Dependency (servers/rendering/storage/utilities.cpp:56)
WARNING: Leaked instance dependency: Bug - did not call instance_notify_deleted when freeing.
   at: ~Dependency (servers/rendering/storage/utilities.cpp:56)
WARNING: Leaked instance dependency: Bug - did not call instance_notify_deleted when freeing.
   at: ~Dependency (servers/rendering/storage/utilities.cpp:56)
WARNING: Leaked instance dependency: Bug - did not call instance_notify_deleted when freeing.
   at: ~Dependency (servers/rendering/storage/utilities.cpp:56)
WARNING: Leaked instance dependency: Bug - did not call instance_notify_deleted when freeing.
   at: ~Dependency (servers/rendering/storage/utilities.cpp:56)
WARNING: Leaked instance dependency: Bug - did not call instance_notify_deleted when freeing.
   at: ~Dependency (servers/rendering/storage/utilities.cpp:56)
WARNING: Leaked instance dependency: Bug - did not call instance_notify_deleted when freeing.
   at: ~Dependency (servers/rendering/storage/utilities.cpp:56)
WARNING: Leaked instance dependency: Bug - did not call instance_notify_deleted when freeing.
   at: ~Dependency (servers/rendering/storage/utilities.cpp:56)
WARNING: Leaked instance dependency: Bug - did not call instance_notify_deleted when freeing.
   at: ~Dependency (servers/rendering/storage/utilities.cpp:56)
WARNING: Leaked instance dependency: Bug - did not call instance_notify_deleted when freeing.
   at: ~Dependency (servers/rendering/storage/utilities.cpp:56)
WARNING: Leaked instance dependency: Bug - did not call instance_notify_deleted when freeing.
   at: ~Dependency (servers/rendering/storage/utilities.cpp:56)
WARNING: Leaked instance dependency: Bug - did not call instance_notify_deleted when freeing.
   at: ~Dependency (servers/rendering/storage/utilities.cpp:56)
WARNING: Leaked instance dependency: Bug - did not call instance_notify_deleted when freeing.
   at: ~Dependency (servers/rendering/storage/utilities.cpp:56)
WARNING: Leaked instance dependency: Bug - did not call instance_notify_deleted when freeing.
   at: ~Dependency (servers/rendering/storage/utilities.cpp:56)
WARNING: Leaked instance dependency: Bug - did not call instance_notify_deleted when freeing.
   at: ~Dependency (servers/rendering/storage/utilities.cpp:56)
WARNING: Leaked instance dependency: Bug - did not call instance_notify_deleted when freeing.
   at: ~Dependency (servers/rendering/storage/utilities.cpp:56)
WARNING: Leaked instance dependency: Bug - did not call instance_notify_deleted when freeing.
   at: ~Dependency (servers/rendering/storage/utilities.cpp:56)
WARNING: Leaked instance dependency: Bug - did not call instance_notify_deleted when freeing.
   at: ~Dependency (servers/rendering/storage/utilities.cpp:56)
WARNING: Leaked instance dependency: Bug - did not call instance_notify_deleted when freeing.
   at: ~Dependency (servers/rendering/storage/utilities.cpp:56)
WARNING: Leaked instance dependency: Bug - did not call instance_notify_deleted when freeing.
   at: ~Dependency (servers/rendering/storage/utilities.cpp:56)
WARNING: Leaked instance dependency: Bug - did not call instance_notify_deleted when freeing.
   at: ~Dependency (servers/rendering/storage/utilities.cpp:56)
WARNING: Leaked instance dependency: Bug - did not call instance_notify_deleted when freeing.
   at: ~Dependency (servers/rendering/storage/utilities.cpp:56)
WARNING: Leaked instance dependency: Bug - did not call instance_notify_deleted when freeing.
   at: ~Dependency (servers/rendering/storage/utilities.cpp:56)
WARNING: Leaked instance dependency: Bug - did not call instance_notify_deleted when freeing.
   at: ~Dependency (servers/rendering/storage/utilities.cpp:56)
WARNING: Leaked instance dependency: Bug - did not call instance_notify_deleted when freeing.
   at: ~Dependency (servers/rendering/storage/utilities.cpp:56)
WARNING: Leaked instance dependency: Bug - did not call instance_notify_deleted when freeing.
   at: ~Dependency (servers/rendering/storage/utilities.cpp:56)
WARNING: Leaked instance dependency: Bug - did not call instance_notify_deleted when freeing.
   at: ~Dependency (servers/rendering/storage/utilities.cpp:56)
WARNING: Leaked instance dependency: Bug - did not call instance_notify_deleted when freeing.
   at: ~Dependency (servers/rendering/storage/utilities.cpp:56)
WARNING: Leaked instance dependency: Bug - did not call instance_notify_deleted when freeing.
   at: ~Dependency (servers/rendering/storage/utilities.cpp:56)
WARNING: Leaked instance dependency: Bug - did not call instance_notify_deleted when freeing.
   at: ~Dependency (servers/rendering/storage/utilities.cpp:56)
WARNING: Leaked instance dependency: Bug - did not call instance_notify_deleted when freeing.
   at: ~Dependency (servers/rendering/storage/utilities.cpp:56)
WARNING: Leaked instance dependency: Bug - did not call instance_notify_deleted when freeing.
   at: ~Dependency (servers/rendering/storage/utilities.cpp:56)
WARNING: Leaked instance dependency: Bug - did not call instance_notify_deleted when freeing.
   at: ~Dependency (servers/rendering/storage/utilities.cpp:56)
WARNING: Leaked instance dependency: Bug - did not call instance_notify_deleted when freeing.
   at: ~Dependency (servers/rendering/storage/utilities.cpp:56)
WARNING: Leaked instance dependency: Bug - did not call instance_notify_deleted when freeing.
   at: ~Dependency (servers/rendering/storage/utilities.cpp:56)
WARNING: Leaked instance dependency: Bug - did not call instance_notify_deleted when freeing.
   at: ~Dependency (servers/rendering/storage/utilities.cpp:56)
WARNING: Leaked instance dependency: Bug - did not call instance_notify_deleted when freeing.
   at: ~Dependency (servers/rendering/storage/utilities.cpp:56)
WARNING: Leaked instance dependency: Bug - did not call instance_notify_deleted when freeing.
   at: ~Dependency (servers/rendering/storage/utilities.cpp:56)
WARNING: Leaked instance dependency: Bug - did not call instance_notify_deleted when freeing.
   at: ~Dependency (servers/rendering/storage/utilities.cpp:56)
WARNING: Leaked instance dependency: Bug - did not call instance_notify_deleted when freeing.
   at: ~Dependency (servers/rendering/storage/utilities.cpp:56)
WARNING: Leaked instance dependency: Bug - did not call instance_notify_deleted when freeing.
   at: ~Dependency (servers/rendering/storage/utilities.cpp:56)
WARNING: Leaked instance dependency: Bug - did not call instance_notify_deleted when freeing.
   at: ~Dependency (servers/rendering/storage/utilities.cpp:56)
WARNING: Leaked instance dependency: Bug - did not call instance_notify_deleted when freeing.
   at: ~Dependency (servers/rendering/storage/utilities.cpp:56)
WARNING: Leaked instance dependency: Bug - did not call instance_notify_deleted when freeing.
   at: ~Dependency (servers/rendering/storage/utilities.cpp:56)
WARNING: Leaked instance dependency: Bug - did not call instance_notify_deleted when freeing.
   at: ~Dependency (servers/rendering/storage/utilities.cpp:56)
WARNING: Leaked instance dependency: Bug - did not call instance_notify_deleted when freeing.
   at: ~Dependency (servers/rendering/storage/utilities.cpp:56)
WARNING: Leaked instance dependency: Bug - did not call instance_notify_deleted when freeing.
   at: ~Dependency (servers/rendering/storage/utilities.cpp:56)
WARNING: Leaked instance dependency: Bug - did not call instance_notify_deleted when freeing.
   at: ~Dependency (servers/rendering/storage/utilities.cpp:56)
WARNING: Leaked instance dependency: Bug - did not call instance_notify_deleted when freeing.
   at: ~Dependency (servers/rendering/storage/utilities.cpp:56)
WARNING: Leaked instance dependency: Bug - did not call instance_notify_deleted when freeing.
   at: ~Dependency (servers/rendering/storage/utilities.cpp:56)
WARNING: Leaked instance dependency: Bug - did not call instance_notify_deleted when freeing.
   at: ~Dependency (servers/rendering/storage/utilities.cpp:56)
WARNING: Leaked instance dependency: Bug - did not call instance_notify_deleted when freeing.
   at: ~Dependency (servers/rendering/storage/utilities.cpp:56)
WARNING: Leaked instance dependency: Bug - did not call instance_notify_deleted when freeing.
   at: ~Dependency (servers/rendering/storage/utilities.cpp:56)
WARNING: Leaked instance dependency: Bug - did not call instance_notify_deleted when freeing.
   at: ~Dependency (servers/rendering/storage/utilities.cpp:56)
WARNING: Leaked instance dependency: Bug - did not call instance_notify_deleted when freeing.
   at: ~Dependency (servers/rendering/storage/utilities.cpp:56)
WARNING: Leaked instance dependency: Bug - did not call instance_notify_deleted when freeing.
   at: ~Dependency (servers/rendering/storage/utilities.cpp:56)
WARNING: Leaked instance dependency: Bug - did not call instance_notify_deleted when freeing.
   at: ~Dependency (servers/rendering/storage/utilities.cpp:56)
WARNING: Leaked instance dependency: Bug - did not call instance_notify_deleted when freeing.
   at: ~Dependency (servers/rendering/storage/utilities.cpp:56)
WARNING: Leaked instance dependency: Bug - did not call instance_notify_deleted when freeing.
   at: ~Dependency (servers/rendering/storage/utilities.cpp:56)
WARNING: Leaked instance dependency: Bug - did not call instance_notify_deleted when freeing.
   at: ~Dependency (servers/rendering/storage/utilities.cpp:56)
WARNING: Leaked instance dependency: Bug - did not call instance_notify_deleted when freeing.
   at: ~Dependency (servers/rendering/storage/utilities.cpp:56)
WARNING: Leaked instance dependency: Bug - did not call instance_notify_deleted when freeing.
   at: ~Dependency (servers/rendering/storage/utilities.cpp:56)
WARNING: Leaked instance dependency: Bug - did not call instance_notify_deleted when freeing.
   at: ~Dependency (servers/rendering/storage/utilities.cpp:56)
WARNING: Leaked instance dependency: Bug - did not call instance_notify_deleted when freeing.
   at: ~Dependency (servers/rendering/storage/utilities.cpp:56)
WARNING: Leaked instance dependency: Bug - did not call instance_notify_deleted when freeing.
   at: ~Dependency (servers/rendering/storage/utilities.cpp:56)
WARNING: Leaked instance dependency: Bug - did not call instance_notify_deleted when freeing.
   at: ~Dependency (servers/rendering/storage/utilities.cpp:56)
WARNING: Leaked instance dependency: Bug - did not call instance_notify_deleted when freeing.
   at: ~Dependency (servers/rendering/storage/utilities.cpp:56)
WARNING: Leaked instance dependency: Bug - did not call instance_notify_deleted when freeing.
   at: ~Dependency (servers/rendering/storage/utilities.cpp:56)
WARNING: Leaked instance dependency: Bug - did not call instance_notify_deleted when freeing.
   at: ~Dependency (servers/rendering/storage/utilities.cpp:56)
WARNING: Leaked instance dependency: Bug - did not call instance_notify_deleted when freeing.
   at: ~Dependency (servers/rendering/storage/utilities.cpp:56)
WARNING: Leaked instance dependency: Bug - did not call instance_notify_deleted when freeing.
   at: ~Dependency (servers/rendering/storage/utilities.cpp:56)
WARNING: Leaked instance dependency: Bug - did not call instance_notify_deleted when freeing.
   at: ~Dependency (servers/rendering/storage/utilities.cpp:56)
WARNING: Leaked instance dependency: Bug - did not call instance_notify_deleted when freeing.
   at: ~Dependency (servers/rendering/storage/utilities.cpp:56)
WARNING: Leaked instance dependency: Bug - did not call instance_notify_deleted when freeing.
   at: ~Dependency (servers/rendering/storage/utilities.cpp:56)
WARNING: Leaked instance dependency: Bug - did not call instance_notify_deleted when freeing.
   at: ~Dependency (servers/rendering/storage/utilities.cpp:56)
WARNING: Leaked instance dependency: Bug - did not call instance_notify_deleted when freeing.
   at: ~Dependency (servers/rendering/storage/utilities.cpp:56)
WARNING: Leaked instance dependency: Bug - did not call instance_notify_deleted when freeing.
   at: ~Dependency (servers/rendering/storage/utilities.cpp:56)
WARNING: Leaked instance dependency: Bug - did not call instance_notify_deleted when freeing.
   at: ~Dependency (servers/rendering/storage/utilities.cpp:56)
WARNING: Leaked instance dependency: Bug - did not call instance_notify_deleted when freeing.
   at: ~Dependency (servers/rendering/storage/utilities.cpp:56)
WARNING: Leaked instance dependency: Bug - did not call instance_notify_deleted when freeing.
   at: ~Dependency (servers/rendering/storage/utilities.cpp:56)
WARNING: Leaked instance dependency: Bug - did not call instance_notify_deleted when freeing.
   at: ~Dependency (servers/rendering/storage/utilities.cpp:56)
WARNING: Leaked instance dependency: Bug - did not call instance_notify_deleted when freeing.
   at: ~Dependency (servers/rendering/storage/utilities.cpp:56)
WARNING: Leaked instance dependency: Bug - did not call instance_notify_deleted when freeing.
   at: ~Dependency (servers/rendering/storage/utilities.cpp:56)
WARNING: Leaked instance dependency: Bug - did not call instance_notify_deleted when freeing.
   at: ~Dependency (servers/rendering/storage/utilities.cpp:56)
WARNING: Leaked instance dependency: Bug - did not call instance_notify_deleted when freeing.
   at: ~Dependency (servers/rendering/storage/utilities.cpp:56)
WARNING: Leaked instance dependency: Bug - did not call instance_notify_deleted when freeing.
   at: ~Dependency (servers/rendering/storage/utilities.cpp:56)
WARNING: Leaked instance dependency: Bug - did not call instance_notify_deleted when freeing.
   at: ~Dependency (servers/rendering/storage/utilities.cpp:56)
WARNING: Leaked instance dependency: Bug - did not call instance_notify_deleted when freeing.
   at: ~Dependency (servers/rendering/storage/utilities.cpp:56)
WARNING: Leaked instance dependency: Bug - did not call instance_notify_deleted when freeing.
   at: ~Dependency (servers/rendering/storage/utilities.cpp:56)
WARNING: Leaked instance dependency: Bug - did not call instance_notify_deleted when freeing.
   at: ~Dependency (servers/rendering/storage/utilities.cpp:56)
WARNING: Leaked instance dependency: Bug - did not call instance_notify_deleted when freeing.
   at: ~Dependency (servers/rendering/storage/utilities.cpp:56)
WARNING: Leaked instance dependency: Bug - did not call instance_notify_deleted when freeing.
   at: ~Dependency (servers/rendering/storage/utilities.cpp:56)
WARNING: Leaked instance dependency: Bug - did not call instance_notify_deleted when freeing.
   at: ~Dependency (servers/rendering/storage/utilities.cpp:56)
WARNING: Leaked instance dependency: Bug - did not call instance_notify_deleted when freeing.
   at: ~Dependency (servers/rendering/storage/utilities.cpp:56)
WARNING: Leaked instance dependency: Bug - did not call instance_notify_deleted when freeing.
   at: ~Dependency (servers/rendering/storage/utilities.cpp:56)
WARNING: Leaked instance dependency: Bug - did not call instance_notify_deleted when freeing.
   at: ~Dependency (servers/rendering/storage/utilities.cpp:56)
WARNING: Leaked instance dependency: Bug - did not call instance_notify_deleted when freeing.
   at: ~Dependency (servers/rendering/storage/utilities.cpp:56)
WARNING: Leaked instance dependency: Bug - did not call instance_notify_deleted when freeing.
   at: ~Dependency (servers/rendering/storage/utilities.cpp:56)
WARNING: Leaked instance dependency: Bug - did not call instance_notify_deleted when freeing.
   at: ~Dependency (servers/rendering/storage/utilities.cpp:56)
WARNING: Leaked instance dependency: Bug - did not call instance_notify_deleted when freeing.
   at: ~Dependency (servers/rendering/storage/utilities.cpp:56)
WARNING: Leaked instance dependency: Bug - did not call instance_notify_deleted when freeing.
   at: ~Dependency (servers/rendering/storage/utilities.cpp:56)
WARNING: Leaked instance dependency: Bug - did not call instance_notify_deleted when freeing.
   at: ~Dependency (servers/rendering/storage/utilities.cpp:56)
WARNING: Leaked instance dependency: Bug - did not call instance_notify_deleted when freeing.
   at: ~Dependency (servers/rendering/storage/utilities.cpp:56)
WARNING: Leaked instance dependency: Bug - did not call instance_notify_deleted when freeing.
   at: ~Dependency (servers/rendering/storage/utilities.cpp:56)
WARNING: Leaked instance dependency: Bug - did not call instance_notify_deleted when freeing.
   at: ~Dependency (servers/rendering/storage/utilities.cpp:56)
WARNING: Leaked instance dependency: Bug - did not call instance_notify_deleted when freeing.
   at: ~Dependency (servers/rendering/storage/utilities.cpp:56)
WARNING: Leaked instance dependency: Bug - did not call instance_notify_deleted when freeing.
   at: ~Dependency (servers/rendering/storage/utilities.cpp:56)
WARNING: Leaked instance dependency: Bug - did not call instance_notify_deleted when freeing.
   at: ~Dependency (servers/rendering/storage/utilities.cpp:56)
WARNING: Leaked instance dependency: Bug - did not call instance_notify_deleted when freeing.
   at: ~Dependency (servers/rendering/storage/utilities.cpp:56)
WARNING: Leaked instance dependency: Bug - did not call instance_notify_deleted when freeing.
   at: ~Dependency (servers/rendering/storage/utilities.cpp:56)
WARNING: Leaked instance dependency: Bug - did not call instance_notify_deleted when freeing.
   at: ~Dependency (servers/rendering/storage/utilities.cpp:56)
WARNING: Leaked instance dependency: Bug - did not call instance_notify_deleted when freeing.
   at: ~Dependency (servers/rendering/storage/utilities.cpp:56)
WARNING: Leaked instance dependency: Bug - did not call instance_notify_deleted when freeing.
   at: ~Dependency (servers/rendering/storage/utilities.cpp:56)
WARNING: Leaked instance dependency: Bug - did not call instance_notify_deleted when freeing.
   at: ~Dependency (servers/rendering/storage/utilities.cpp:56)
WARNING: Leaked instance dependency: Bug - did not call instance_notify_deleted when freeing.
   at: ~Dependency (servers/rendering/storage/utilities.cpp:56)
WARNING: Leaked instance dependency: Bug - did not call instance_notify_deleted when freeing.
   at: ~Dependency (servers/rendering/storage/utilities.cpp:56)
WARNING: Leaked instance dependency: Bug - did not call instance_notify_deleted when freeing.
   at: ~Dependency (servers/rendering/storage/utilities.cpp:56)
WARNING: Leaked instance dependency: Bug - did not call instance_notify_deleted when freeing.
   at: ~Dependency (servers/rendering/storage/utilities.cpp:56)
WARNING: Leaked instance dependency: Bug - did not call instance_notify_deleted when freeing.
   at: ~Dependency (servers/rendering/storage/utilities.cpp:56)
WARNING: Leaked instance dependency: Bug - did not call instance_notify_deleted when freeing.
   at: ~Dependency (servers/rendering/storage/utilities.cpp:56)
WARNING: Leaked instance dependency: Bug - did not call instance_notify_deleted when freeing.
   at: ~Dependency (servers/rendering/storage/utilities.cpp:56)
WARNING: Leaked instance dependency: Bug - did not call instance_notify_deleted when freeing.
   at: ~Dependency (servers/rendering/storage/utilities.cpp:56)
WARNING: Leaked instance dependency: Bug - did not call instance_notify_deleted when freeing.
   at: ~Dependency (servers/rendering/storage/utilities.cpp:56)
WARNING: Leaked instance dependency: Bug - did not call instance_notify_deleted when freeing.
   at: ~Dependency (servers/rendering/storage/utilities.cpp:56)
WARNING: Leaked instance dependency: Bug - did not call instance_notify_deleted when freeing.
   at: ~Dependency (servers/rendering/storage/utilities.cpp:56)
WARNING: Leaked instance dependency: Bug - did not call instance_notify_deleted when freeing.
   at: ~Dependency (servers/rendering/storage/utilities.cpp:56)
WARNING: Leaked instance dependency: Bug - did not call instance_notify_deleted when freeing.
   at: ~Dependency (servers/rendering/storage/utilities.cpp:56)
WARNING: Leaked instance dependency: Bug - did not call instance_notify_deleted when freeing.
   at: ~Dependency (servers/rendering/storage/utilities.cpp:56)
WARNING: Leaked instance dependency: Bug - did not call instance_notify_deleted when freeing.
   at: ~Dependency (servers/rendering/storage/utilities.cpp:56)
WARNING: Leaked instance dependency: Bug - did not call instance_notify_deleted when freeing.
   at: ~Dependency (servers/rendering/storage/utilities.cpp:56)
WARNING: Leaked instance dependency: Bug - did not call instance_notify_deleted when freeing.
   at: ~Dependency (servers/rendering/storage/utilities.cpp:56)
WARNING: Leaked instance dependency: Bug - did not call instance_notify_deleted when freeing.
   at: ~Dependency (servers/rendering/storage/utilities.cpp:56)
WARNING: Leaked instance dependency: Bug - did not call instance_notify_deleted when freeing.
   at: ~Dependency (servers/rendering/storage/utilities.cpp:56)
WARNING: Leaked instance dependency: Bug - did not call instance_notify_deleted when freeing.
   at: ~Dependency (servers/rendering/storage/utilities.cpp:56)
WARNING: Leaked instance dependency: Bug - did not call instance_notify_deleted when freeing.
   at: ~Dependency (servers/rendering/storage/utilities.cpp:56)
WARNING: Leaked instance dependency: Bug - did not call instance_notify_deleted when freeing.
   at: ~Dependency (servers/rendering/storage/utilities.cpp:56)
WARNING: Leaked instance dependency: Bug - did not call instance_notify_deleted when freeing.
   at: ~Dependency (servers/rendering/storage/utilities.cpp:56)
WARNING: Leaked instance dependency: Bug - did not call instance_notify_deleted when freeing.
   at: ~Dependency (servers/rendering/storage/utilities.cpp:56)
WARNING: Leaked instance dependency: Bug - did not call instance_notify_deleted when freeing.
   at: ~Dependency (servers/rendering/storage/utilities.cpp:56)
WARNING: Leaked instance dependency: Bug - did not call instance_notify_deleted when freeing.
   at: ~Dependency (servers/rendering/storage/utilities.cpp:56)
WARNING: Leaked instance dependency: Bug - did not call instance_notify_deleted when freeing.
   at: ~Dependency (servers/rendering/storage/utilities.cpp:56)
WARNING: Leaked instance dependency: Bug - did not call instance_notify_deleted when freeing.
   at: ~Dependency (servers/rendering/storage/utilities.cpp:56)
WARNING: Leaked instance dependency: Bug - did not call instance_notify_deleted when freeing.
   at: ~Dependency (servers/rendering/storage/utilities.cpp:56)
WARNING: Leaked instance dependency: Bug - did not call instance_notify_deleted when freeing.
   at: ~Dependency (servers/rendering/storage/utilities.cpp:56)
WARNING: Leaked instance dependency: Bug - did not call instance_notify_deleted when freeing.
   at: ~Dependency (servers/rendering/storage/utilities.cpp:56)
WARNING: Leaked instance dependency: Bug - did not call instance_notify_deleted when freeing.
   at: ~Dependency (servers/rendering/storage/utilities.cpp:56)
WARNING: Leaked instance dependency: Bug - did not call instance_notify_deleted when freeing.
   at: ~Dependency (servers/rendering/storage/utilities.cpp:56)
WARNING: Leaked instance dependency: Bug - did not call instance_notify_deleted when freeing.
   at: ~Dependency (servers/rendering/storage/utilities.cpp:56)
WARNING: Leaked instance dependency: Bug - did not call instance_notify_deleted when freeing.
   at: ~Dependency (servers/rendering/storage/utilities.cpp:56)
WARNING: Leaked instance dependency: Bug - did not call instance_notify_deleted when freeing.
   at: ~Dependency (servers/rendering/storage/utilities.cpp:56)
WARNING: Leaked instance dependency: Bug - did not call instance_notify_deleted when freeing.
   at: ~Dependency (servers/rendering/storage/utilities.cpp:56)
WARNING: Leaked instance dependency: Bug - did not call instance_notify_deleted when freeing.
   at: ~Dependency (servers/rendering/storage/utilities.cpp:56)
WARNING: Leaked instance dependency: Bug - did not call instance_notify_deleted when freeing.
   at: ~Dependency (servers/rendering/storage/utilities.cpp:56)
WARNING: Leaked instance dependency: Bug - did not call instance_notify_deleted when freeing.
   at: ~Dependency (servers/rendering/storage/utilities.cpp:56)
WARNING: Leaked instance dependency: Bug - did not call instance_notify_deleted when freeing.
   at: ~Dependency (servers/rendering/storage/utilities.cpp:56)
WARNING: Leaked instance dependency: Bug - did not call instance_notify_deleted when freeing.
   at: ~Dependency (servers/rendering/storage/utilities.cpp:56)
WARNING: Leaked instance dependency: Bug - did not call instance_notify_deleted when freeing.
   at: ~Dependency (servers/rendering/storage/utilities.cpp:56)
WARNING: Leaked instance dependency: Bug - did not call instance_notify_deleted when freeing.
   at: ~Dependency (servers/rendering/storage/utilities.cpp:56)
WARNING: Leaked instance dependency: Bug - did not call instance_notify_deleted when freeing.
   at: ~Dependency (servers/rendering/storage/utilities.cpp:56)
WARNING: Leaked instance dependency: Bug - did not call instance_notify_deleted when freeing.
   at: ~Dependency (servers/rendering/storage/utilities.cpp:56)
WARNING: Leaked instance dependency: Bug - did not call instance_notify_deleted when freeing.
   at: ~Dependency (servers/rendering/storage/utilities.cpp:56)
WARNING: Leaked instance dependency: Bug - did not call instance_notify_deleted when freeing.
   at: ~Dependency (servers/rendering/storage/utilities.cpp:56)
WARNING: Leaked instance dependency: Bug - did not call instance_notify_deleted when freeing.
   at: ~Dependency (servers/rendering/storage/utilities.cpp:56)
WARNING: Leaked instance dependency: Bug - did not call instance_notify_deleted when freeing.
   at: ~Dependency (servers/rendering/storage/utilities.cpp:56)
WARNING: Leaked instance dependency: Bug - did not call instance_notify_deleted when freeing.
   at: ~Dependency (servers/rendering/storage/utilities.cpp:56)
WARNING: Leaked instance dependency: Bug - did not call instance_notify_deleted when freeing.
   at: ~Dependency (servers/rendering/storage/utilities.cpp:56)
WARNING: Leaked instance dependency: Bug - did not call instance_notify_deleted when freeing.
   at: ~Dependency (servers/rendering/storage/utilities.cpp:56)
WARNING: Leaked instance dependency: Bug - did not call instance_notify_deleted when freeing.
   at: ~Dependency (servers/rendering/storage/utilities.cpp:56)
WARNING: Leaked instance dependency: Bug - did not call instance_notify_deleted when freeing.
   at: ~Dependency (servers/rendering/storage/utilities.cpp:56)
WARNING: Leaked instance dependency: Bug - did not call instance_notify_deleted when freeing.
   at: ~Dependency (servers/rendering/storage/utilities.cpp:56)
WARNING: Leaked instance dependency: Bug - did not call instance_notify_deleted when freeing.
   at: ~Dependency (servers/rendering/storage/utilities.cpp:56)
WARNING: Leaked instance dependency: Bug - did not call instance_notify_deleted when freeing.
   at: ~Dependency (servers/rendering/storage/utilities.cpp:56)
WARNING: Leaked instance dependency: Bug - did not call instance_notify_deleted when freeing.
   at: ~Dependency (servers/rendering/storage/utilities.cpp:56)
WARNING: Leaked instance dependency: Bug - did not call instance_notify_deleted when freeing.
   at: ~Dependency (servers/rendering/storage/utilities.cpp:56)
WARNING: Leaked instance dependency: Bug - did not call instance_notify_deleted when freeing.
   at: ~Dependency (servers/rendering/storage/utilities.cpp:56)
WARNING: Leaked instance dependency: Bug - did not call instance_notify_deleted when freeing.
   at: ~Dependency (servers/rendering/storage/utilities.cpp:56)
WARNING: Leaked instance dependency: Bug - did not call instance_notify_deleted when freeing.
   at: ~Dependency (servers/rendering/storage/utilities.cpp:56)
WARNING: Leaked instance dependency: Bug - did not call instance_notify_deleted when freeing.
   at: ~Dependency (servers/rendering/storage/utilities.cpp:56)
WARNING: Leaked instance dependency: Bug - did not call instance_notify_deleted when freeing.
   at: ~Dependency (servers/rendering/storage/utilities.cpp:56)
WARNING: Leaked instance dependency: Bug - did not call instance_notify_deleted when freeing.
   at: ~Dependency (servers/rendering/storage/utilities.cpp:56)
WARNING: Leaked instance dependency: Bug - did not call instance_notify_deleted when freeing.
   at: ~Dependency (servers/rendering/storage/utilities.cpp:56)
WARNING: Leaked instance dependency: Bug - did not call instance_notify_deleted when freeing.
   at: ~Dependency (servers/rendering/storage/utilities.cpp:56)
WARNING: Leaked instance dependency: Bug - did not call instance_notify_deleted when freeing.
   at: ~Dependency (servers/rendering/storage/utilities.cpp:56)
WARNING: Leaked instance dependency: Bug - did not call instance_notify_deleted when freeing.
   at: ~Dependency (servers/rendering/storage/utilities.cpp:56)
WARNING: Leaked instance dependency: Bug - did not call instance_notify_deleted when freeing.
   at: ~Dependency (servers/rendering/storage/utilities.cpp:56)
WARNING: Leaked instance dependency: Bug - did not call instance_notify_deleted when freeing.
   at: ~Dependency (servers/rendering/storage/utilities.cpp:56)
WARNING: Leaked instance dependency: Bug - did not call instance_notify_deleted when freeing.
   at: ~Dependency (servers/rendering/storage/utilities.cpp:56)
WARNING: Leaked instance dependency: Bug - did not call instance_notify_deleted when freeing.
   at: ~Dependency (servers/rendering/storage/utilities.cpp:56)
WARNING: Leaked instance dependency: Bug - did not call instance_notify_deleted when freeing.
   at: ~Dependency (servers/rendering/storage/utilities.cpp:56)
WARNING: Leaked instance dependency: Bug - did not call instance_notify_deleted when freeing.
   at: ~Dependency (servers/rendering/storage/utilities.cpp:56)
WARNING: Leaked instance dependency: Bug - did not call instance_notify_deleted when freeing.
   at: ~Dependency (servers/rendering/storage/utilities.cpp:56)
WARNING: Leaked instance dependency: Bug - did not call instance_notify_deleted when freeing.
   at: ~Dependency (servers/rendering/storage/utilities.cpp:56)
WARNING: Leaked instance dependency: Bug - did not call instance_notify_deleted when freeing.
   at: ~Dependency (servers/rendering/storage/utilities.cpp:56)
WARNING: Leaked instance dependency: Bug - did not call instance_notify_deleted when freeing.
   at: ~Dependency (servers/rendering/storage/utilities.cpp:56)
WARNING: Leaked instance dependency: Bug - did not call instance_notify_deleted when freeing.
   at: ~Dependency (servers/rendering/storage/utilities.cpp:56)
WARNING: Leaked instance dependency: Bug - did not call instance_notify_deleted when freeing.
   at: ~Dependency (servers/rendering/storage/utilities.cpp:56)
WARNING: Leaked instance dependency: Bug - did not call instance_notify_deleted when freeing.
   at: ~Dependency (servers/rendering/storage/utilities.cpp:56)
WARNING: Leaked instance dependency: Bug - did not call instance_notify_deleted when freeing.
   at: ~Dependency (servers/rendering/storage/utilities.cpp:56)
WARNING: Leaked instance dependency: Bug - did not call instance_notify_deleted when freeing.
   at: ~Dependency (servers/rendering/storage/utilities.cpp:56)
WARNING: Leaked instance dependency: Bug - did not call instance_notify_deleted when freeing.
   at: ~Dependency (servers/rendering/storage/utilities.cpp:56)
WARNING: Leaked instance dependency: Bug - did not call instance_notify_deleted when freeing.
   at: ~Dependency (servers/rendering/storage/utilities.cpp:56)
WARNING: Leaked instance dependency: Bug - did not call instance_notify_deleted when freeing.
   at: ~Dependency (servers/rendering/storage/utilities.cpp:56)
WARNING: Leaked instance dependency: Bug - did not call instance_notify_deleted when freeing.
   at: ~Dependency (servers/rendering/storage/utilities.cpp:56)
WARNING: Leaked instance dependency: Bug - did not call instance_notify_deleted when freeing.
   at: ~Dependency (servers/rendering/storage/utilities.cpp:56)
WARNING: Leaked instance dependency: Bug - did not call instance_notify_deleted when freeing.
   at: ~Dependency (servers/rendering/storage/utilities.cpp:56)
WARNING: Leaked instance dependency: Bug - did not call instance_notify_deleted when freeing.
   at: ~Dependency (servers/rendering/storage/utilities.cpp:56)
WARNING: Leaked instance dependency: Bug - did not call instance_notify_deleted when freeing.
   at: ~Dependency (servers/rendering/storage/utilities.cpp:56)
WARNING: Leaked instance dependency: Bug - did not call instance_notify_deleted when freeing.
   at: ~Dependency (servers/rendering/storage/utilities.cpp:56)
WARNING: Leaked instance dependency: Bug - did not call instance_notify_deleted when freeing.
   at: ~Dependency (servers/rendering/storage/utilities.cpp:56)
WARNING: Leaked instance dependency: Bug - did not call instance_notify_deleted when freeing.
   at: ~Dependency (servers/rendering/storage/utilities.cpp:56)
WARNING: Leaked instance dependency: Bug - did not call instance_notify_deleted when freeing.
   at: ~Dependency (servers/rendering/storage/utilities.cpp:56)
WARNING: Leaked instance dependency: Bug - did not call instance_notify_deleted when freeing.
   at: ~Dependency (servers/rendering/storage/utilities.cpp:56)
WARNING: Leaked instance dependency: Bug - did not call instance_notify_deleted when freeing.
   at: ~Dependency (servers/rendering/storage/utilities.cpp:56)
WARNING: Leaked instance dependency: Bug - did not call instance_notify_deleted when freeing.
   at: ~Dependency (servers/rendering/storage/utilities.cpp:56)
WARNING: Leaked instance dependency: Bug - did not call instance_notify_deleted when freeing.
   at: ~Dependency (servers/rendering/storage/utilities.cpp:56)
WARNING: Leaked instance dependency: Bug - did not call instance_notify_deleted when freeing.
   at: ~Dependency (servers/rendering/storage/utilities.cpp:56)
WARNING: Leaked instance dependency: Bug - did not call instance_notify_deleted when freeing.
   at: ~Dependency (servers/rendering/storage/utilities.cpp:56)
WARNING: Leaked instance dependency: Bug - did not call instance_notify_deleted when freeing.
   at: ~Dependency (servers/rendering/storage/utilities.cpp:56)
WARNING: Leaked instance dependency: Bug - did not call instance_notify_deleted when freeing.
   at: ~Dependency (servers/rendering/storage/utilities.cpp:56)
WARNING: Leaked instance dependency: Bug - did not call instance_notify_deleted when freeing.
   at: ~Dependency (servers/rendering/storage/utilities.cpp:56)
WARNING: Leaked instance dependency: Bug - did not call instance_notify_deleted when freeing.
   at: ~Dependency (servers/rendering/storage/utilities.cpp:56)
WARNING: Leaked instance dependency: Bug - did not call instance_notify_deleted when freeing.
   at: ~Dependency (servers/rendering/storage/utilities.cpp:56)
WARNING: Leaked instance dependency: Bug - did not call instance_notify_deleted when freeing.
   at: ~Dependency (servers/rendering/storage/utilities.cpp:56)
WARNING: Leaked instance dependency: Bug - did not call instance_notify_deleted when freeing.
   at: ~Dependency (servers/rendering/storage/utilities.cpp:56)
WARNING: Leaked instance dependency: Bug - did not call instance_notify_deleted when freeing.
   at: ~Dependency (servers/rendering/storage/utilities.cpp:56)
WARNING: Leaked instance dependency: Bug - did not call instance_notify_deleted when freeing.
   at: ~Dependency (servers/rendering/storage/utilities.cpp:56)
WARNING: Leaked instance dependency: Bug - did not call instance_notify_deleted when freeing.
   at: ~Dependency (servers/rendering/storage/utilities.cpp:56)
WARNING: Leaked instance dependency: Bug - did not call instance_notify_deleted when freeing.
   at: ~Dependency (servers/rendering/storage/utilities.cpp:56)
WARNING: Leaked instance dependency: Bug - did not call instance_notify_deleted when freeing.
   at: ~Dependency (servers/rendering/storage/utilities.cpp:56)
WARNING: Leaked instance dependency: Bug - did not call instance_notify_deleted when freeing.
   at: ~Dependency (servers/rendering/storage/utilities.cpp:56)
WARNING: Leaked instance dependency: Bug - did not call instance_notify_deleted when freeing.
   at: ~Dependency (servers/rendering/storage/utilities.cpp:56)
WARNING: Leaked instance dependency: Bug - did not call instance_notify_deleted when freeing.
   at: ~Dependency (servers/rendering/storage/utilities.cpp:56)
WARNING: Leaked instance dependency: Bug - did not call instance_notify_deleted when freeing.
   at: ~Dependency (servers/rendering/storage/utilities.cpp:56)
WARNING: Leaked instance dependency: Bug - did not call instance_notify_deleted when freeing.
   at: ~Dependency (servers/rendering/storage/utilities.cpp:56)
WARNING: Leaked instance dependency: Bug - did not call instance_notify_deleted when freeing.
   at: ~Dependency (servers/rendering/storage/utilities.cpp:56)
WARNING: Leaked instance dependency: Bug - did not call instance_notify_deleted when freeing.
   at: ~Dependency (servers/rendering/storage/utilities.cpp:56)
WARNING: Leaked instance dependency: Bug - did not call instance_notify_deleted when freeing.
   at: ~Dependency (servers/rendering/storage/utilities.cpp:56)
WARNING: Leaked instance dependency: Bug - did not call instance_notify_deleted when freeing.
   at: ~Dependency (servers/rendering/storage/utilities.cpp:56)
WARNING: Leaked instance dependency: Bug - did not call instance_notify_deleted when freeing.
   at: ~Dependency (servers/rendering/storage/utilities.cpp:56)
WARNING: Leaked instance dependency: Bug - did not call instance_notify_deleted when freeing.
   at: ~Dependency (servers/rendering/storage/utilities.cpp:56)
WARNING: Leaked instance dependency: Bug - did not call instance_notify_deleted when freeing.
   at: ~Dependency (servers/rendering/storage/utilities.cpp:56)
WARNING: Leaked instance dependency: Bug - did not call instance_notify_deleted when freeing.
   at: ~Dependency (servers/rendering/storage/utilities.cpp:56)
WARNING: Leaked instance dependency: Bug - did not call instance_notify_deleted when freeing.
   at: ~Dependency (servers/rendering/storage/utilities.cpp:56)
WARNING: Leaked instance dependency: Bug - did not call instance_notify_deleted when freeing.
   at: ~Dependency (servers/rendering/storage/utilities.cpp:56)
WARNING: Leaked instance dependency: Bug - did not call instance_notify_deleted when freeing.
   at: ~Dependency (servers/rendering/storage/utilities.cpp:56)
WARNING: Leaked instance dependency: Bug - did not call instance_notify_deleted when freeing.
   at: ~Dependency (servers/rendering/storage/utilities.cpp:56)
WARNING: Leaked instance dependency: Bug - did not call instance_notify_deleted when freeing.
   at: ~Dependency (servers/rendering/storage/utilities.cpp:56)
WARNING: Leaked instance dependency: Bug - did not call instance_notify_deleted when freeing.
   at: ~Dependency (servers/rendering/storage/utilities.cpp:56)
WARNING: Leaked instance dependency: Bug - did not call instance_notify_deleted when freeing.
   at: ~Dependency (servers/rendering/storage/utilities.cpp:56)
WARNING: Leaked instance dependency: Bug - did not call instance_notify_deleted when freeing.
   at: ~Dependency (servers/rendering/storage/utilities.cpp:56)
WARNING: Leaked instance dependency: Bug - did not call instance_notify_deleted when freeing.
   at: ~Dependency (servers/rendering/storage/utilities.cpp:56)
WARNING: Leaked instance dependency: Bug - did not call instance_notify_deleted when freeing.
   at: ~Dependency (servers/rendering/storage/utilities.cpp:56)
WARNING: Leaked instance dependency: Bug - did not call instance_notify_deleted when freeing.
   at: ~Dependency (servers/rendering/storage/utilities.cpp:56)
WARNING: Leaked instance dependency: Bug - did not call instance_notify_deleted when freeing.
   at: ~Dependency (servers/rendering/storage/utilities.cpp:56)
WARNING: Leaked instance dependency: Bug - did not call instance_notify_deleted when freeing.
   at: ~Dependency (servers/rendering/storage/utilities.cpp:56)
WARNING: Leaked instance dependency: Bug - did not call instance_notify_deleted when freeing.
   at: ~Dependency (servers/rendering/storage/utilities.cpp:56)
WARNING: Leaked instance dependency: Bug - did not call instance_notify_deleted when freeing.
   at: ~Dependency (servers/rendering/storage/utilities.cpp:56)
WARNING: Leaked instance dependency: Bug - did not call instance_notify_deleted when freeing.
   at: ~Dependency (servers/rendering/storage/utilities.cpp:56)
WARNING: Leaked instance dependency: Bug - did not call instance_notify_deleted when freeing.
   at: ~Dependency (servers/rendering/storage/utilities.cpp:56)
WARNING: Leaked instance dependency: Bug - did not call instance_notify_deleted when freeing.
   at: ~Dependency (servers/rendering/storage/utilities.cpp:56)
WARNING: Leaked instance dependency: Bug - did not call instance_notify_deleted when freeing.
   at: ~Dependency (servers/rendering/storage/utilities.cpp:56)
WARNING: Leaked instance dependency: Bug - did not call instance_notify_deleted when freeing.
   at: ~Dependency (servers/rendering/storage/utilities.cpp:56)
WARNING: Leaked instance dependency: Bug - did not call instance_notify_deleted when freeing.
   at: ~Dependency (servers/rendering/storage/utilities.cpp:56)
WARNING: Leaked instance dependency: Bug - did not call instance_notify_deleted when freeing.
   at: ~Dependency (servers/rendering/storage/utilities.cpp:56)
WARNING: Leaked instance dependency: Bug - did not call instance_notify_deleted when freeing.
   at: ~Dependency (servers/rendering/storage/utilities.cpp:56)
WARNING: Leaked instance dependency: Bug - did not call instance_notify_deleted when freeing.
   at: ~Dependency (servers/rendering/storage/utilities.cpp:56)
WARNING: Leaked instance dependency: Bug - did not call instance_notify_deleted when freeing.
   at: ~Dependency (servers/rendering/storage/utilities.cpp:56)
WARNING: Leaked instance dependency: Bug - did not call instance_notify_deleted when freeing.
   at: ~Dependency (servers/rendering/storage/utilities.cpp:56)
WARNING: Leaked instance dependency: Bug - did not call instance_notify_deleted when freeing.
   at: ~Dependency (servers/rendering/storage/utilities.cpp:56)
WARNING: Leaked instance dependency: Bug - did not call instance_notify_deleted when freeing.
   at: ~Dependency (servers/rendering/storage/utilities.cpp:56)
WARNING: Leaked instance dependency: Bug - did not call instance_notify_deleted when freeing.
   at: ~Dependency (servers/rendering/storage/utilities.cpp:56)
WARNING: Leaked instance dependency: Bug - did not call instance_notify_deleted when freeing.
   at: ~Dependency (servers/rendering/storage/utilities.cpp:56)
WARNING: Leaked instance dependency: Bug - did not call instance_notify_deleted when freeing.
   at: ~Dependency (servers/rendering/storage/utilities.cpp:56)
WARNING: Leaked instance dependency: Bug - did not call instance_notify_deleted when freeing.
   at: ~Dependency (servers/rendering/storage/utilities.cpp:56)
WARNING: Leaked instance dependency: Bug - did not call instance_notify_deleted when freeing.
   at: ~Dependency (servers/rendering/storage/utilities.cpp:56)
WARNING: Leaked instance dependency: Bug - did not call instance_notify_deleted when freeing.
   at: ~Dependency (servers/rendering/storage/utilities.cpp:56)
WARNING: Leaked instance dependency: Bug - did not call instance_notify_deleted when freeing.
   at: ~Dependency (servers/rendering/storage/utilities.cpp:56)
WARNING: Leaked instance dependency: Bug - did not call instance_notify_deleted when freeing.
   at: ~Dependency (servers/rendering/storage/utilities.cpp:56)
WARNING: Leaked instance dependency: Bug - did not call instance_notify_deleted when freeing.
   at: ~Dependency (servers/rendering/storage/utilities.cpp:56)
WARNING: Leaked instance dependency: Bug - did not call instance_notify_deleted when freeing.
   at: ~Dependency (servers/rendering/storage/utilities.cpp:56)
WARNING: Leaked instance dependency: Bug - did not call instance_notify_deleted when freeing.
   at: ~Dependency (servers/rendering/storage/utilities.cpp:56)
WARNING: Leaked instance dependency: Bug - did not call instance_notify_deleted when freeing.
   at: ~Dependency (servers/rendering/storage/utilities.cpp:56)
WARNING: Leaked instance dependency: Bug - did not call instance_notify_deleted when freeing.
   at: ~Dependency (servers/rendering/storage/utilities.cpp:56)
WARNING: Leaked instance dependency: Bug - did not call instance_notify_deleted when freeing.
   at: ~Dependency (servers/rendering/storage/utilities.cpp:56)
WARNING: Leaked instance dependency: Bug - did not call instance_notify_deleted when freeing.
   at: ~Dependency (servers/rendering/storage/utilities.cpp:56)
WARNING: Leaked instance dependency: Bug - did not call instance_notify_deleted when freeing.
   at: ~Dependency (servers/rendering/storage/utilities.cpp:56)
WARNING: Leaked instance dependency: Bug - did not call instance_notify_deleted when freeing.
   at: ~Dependency (servers/rendering/storage/utilities.cpp:56)
WARNING: Leaked instance dependency: Bug - did not call instance_notify_deleted when freeing.
   at: ~Dependency (servers/rendering/storage/utilities.cpp:56)
WARNING: Leaked instance dependency: Bug - did not call instance_notify_deleted when freeing.
   at: ~Dependency (servers/rendering/storage/utilities.cpp:56)
WARNING: Leaked instance dependency: Bug - did not call instance_notify_deleted when freeing.
   at: ~Dependency (servers/rendering/storage/utilities.cpp:56)
WARNING: Leaked instance dependency: Bug - did not call instance_notify_deleted when freeing.
   at: ~Dependency (servers/rendering/storage/utilities.cpp:56)
WARNING: Leaked instance dependency: Bug - did not call instance_notify_deleted when freeing.
   at: ~Dependency (servers/rendering/storage/utilities.cpp:56)
WARNING: Leaked instance dependency: Bug - did not call instance_notify_deleted when freeing.
   at: ~Dependency (servers/rendering/storage/utilities.cpp:56)
WARNING: Leaked instance dependency: Bug - did not call instance_notify_deleted when freeing.
   at: ~Dependency (servers/rendering/storage/utilities.cpp:56)
WARNING: Leaked instance dependency: Bug - did not call instance_notify_deleted when freeing.
   at: ~Dependency (servers/rendering/storage/utilities.cpp:56)
WARNING: Leaked instance dependency: Bug - did not call instance_notify_deleted when freeing.
   at: ~Dependency (servers/rendering/storage/utilities.cpp:56)
WARNING: Leaked instance dependency: Bug - did not call instance_notify_deleted when freeing.
   at: ~Dependency (servers/rendering/storage/utilities.cpp:56)
WARNING: Leaked instance dependency: Bug - did not call instance_notify_deleted when freeing.
   at: ~Dependency (servers/rendering/storage/utilities.cpp:56)
WARNING: Leaked instance dependency: Bug - did not call instance_notify_deleted when freeing.
   at: ~Dependency (servers/rendering/storage/utilities.cpp:56)
WARNING: Leaked instance dependency: Bug - did not call instance_notify_deleted when freeing.
   at: ~Dependency (servers/rendering/storage/utilities.cpp:56)
WARNING: Leaked instance dependency: Bug - did not call instance_notify_deleted when freeing.
   at: ~Dependency (servers/rendering/storage/utilities.cpp:56)
WARNING: Leaked instance dependency: Bug - did not call instance_notify_deleted when freeing.
   at: ~Dependency (servers/rendering/storage/utilities.cpp:56)
WARNING: Leaked instance dependency: Bug - did not call instance_notify_deleted when freeing.
   at: ~Dependency (servers/rendering/storage/utilities.cpp:56)
WARNING: Leaked instance dependency: Bug - did not call instance_notify_deleted when freeing.
   at: ~Dependency (servers/rendering/storage/utilities.cpp:56)
WARNING: Leaked instance dependency: Bug - did not call instance_notify_deleted when freeing.
   at: ~Dependency (servers/rendering/storage/utilities.cpp:56)
WARNING: Leaked instance dependency: Bug - did not call instance_notify_deleted when freeing.
   at: ~Dependency (servers/rendering/storage/utilities.cpp:56)
WARNING: Leaked instance dependency: Bug - did not call instance_notify_deleted when freeing.
   at: ~Dependency (servers/rendering/storage/utilities.cpp:56)
WARNING: Leaked instance dependency: Bug - did not call instance_notify_deleted when freeing.
   at: ~Dependency (servers/rendering/storage/utilities.cpp:56)
WARNING: Leaked instance dependency: Bug - did not call instance_notify_deleted when freeing.
   at: ~Dependency (servers/rendering/storage/utilities.cpp:56)
WARNING: Leaked instance dependency: Bug - did not call instance_notify_deleted when freeing.
   at: ~Dependency (servers/rendering/storage/utilities.cpp:56)
WARNING: Leaked instance dependency: Bug - did not call instance_notify_deleted when freeing.
   at: ~Dependency (servers/rendering/storage/utilities.cpp:56)
WARNING: Leaked instance dependency: Bug - did not call instance_notify_deleted when freeing.
   at: ~Dependency (servers/rendering/storage/utilities.cpp:56)
WARNING: Leaked instance dependency: Bug - did not call instance_notify_deleted when freeing.
   at: ~Dependency (servers/rendering/storage/utilities.cpp:56)
WARNING: Leaked instance dependency: Bug - did not call instance_notify_deleted when freeing.
   at: ~Dependency (servers/rendering/storage/utilities.cpp:56)
WARNING: Leaked instance dependency: Bug - did not call instance_notify_deleted when freeing.
   at: ~Dependency (servers/rendering/storage/utilities.cpp:56)
WARNING: Leaked instance dependency: Bug - did not call instance_notify_deleted when freeing.
   at: ~Dependency (servers/rendering/storage/utilities.cpp:56)
WARNING: Leaked instance dependency: Bug - did not call instance_notify_deleted when freeing.
   at: ~Dependency (servers/rendering/storage/utilities.cpp:56)
WARNING: Leaked instance dependency: Bug - did not call instance_notify_deleted when freeing.
   at: ~Dependency (servers/rendering/storage/utilities.cpp:56)
WARNING: Leaked instance dependency: Bug - did not call instance_notify_deleted when freeing.
   at: ~Dependency (servers/rendering/storage/utilities.cpp:56)
WARNING: Leaked instance dependency: Bug - did not call instance_notify_deleted when freeing.
   at: ~Dependency (servers/rendering/storage/utilities.cpp:56)
WARNING: Leaked instance dependency: Bug - did not call instance_notify_deleted when freeing.
   at: ~Dependency (servers/rendering/storage/utilities.cpp:56)
WARNING: Leaked instance dependency: Bug - did not call instance_notify_deleted when freeing.
   at: ~Dependency (servers/rendering/storage/utilities.cpp:56)
WARNING: Leaked instance dependency: Bug - did not call instance_notify_deleted when freeing.
   at: ~Dependency (servers/rendering/storage/utilities.cpp:56)
WARNING: Leaked instance dependency: Bug - did not call instance_notify_deleted when freeing.
   at: ~Dependency (servers/rendering/storage/utilities.cpp:56)
WARNING: Leaked instance dependency: Bug - did not call instance_notify_deleted when freeing.
   at: ~Dependency (servers/rendering/storage/utilities.cpp:56)
WARNING: Leaked instance dependency: Bug - did not call instance_notify_deleted when freeing.
   at: ~Dependency (servers/rendering/storage/utilities.cpp:56)
WARNING: Leaked instance dependency: Bug - did not call instance_notify_deleted when freeing.
   at: ~Dependency (servers/rendering/storage/utilities.cpp:56)
WARNING: Leaked instance dependency: Bug - did not call instance_notify_deleted when freeing.
   at: ~Dependency (servers/rendering/storage/utilities.cpp:56)
WARNING: Leaked instance dependency: Bug - did not call instance_notify_deleted when freeing.
   at: ~Dependency (servers/rendering/storage/utilities.cpp:56)
WARNING: Leaked instance dependency: Bug - did not call instance_notify_deleted when freeing.
   at: ~Dependency (servers/rendering/storage/utilities.cpp:56)
WARNING: Leaked instance dependency: Bug - did not call instance_notify_deleted when freeing.
   at: ~Dependency (servers/rendering/storage/utilities.cpp:56)
WARNING: Leaked instance dependency: Bug - did not call instance_notify_deleted when freeing.
   at: ~Dependency (servers/rendering/storage/utilities.cpp:56)
WARNING: Leaked instance dependency: Bug - did not call instance_notify_deleted when freeing.
   at: ~Dependency (servers/rendering/storage/utilities.cpp:56)
WARNING: Leaked instance dependency: Bug - did not call instance_notify_deleted when freeing.
   at: ~Dependency (servers/rendering/storage/utilities.cpp:56)
WARNING: Leaked instance dependency: Bug - did not call instance_notify_deleted when freeing.
   at: ~Dependency (servers/rendering/storage/utilities.cpp:56)
WARNING: Leaked instance dependency: Bug - did not call instance_notify_deleted when freeing.
   at: ~Dependency (servers/rendering/storage/utilities.cpp:56)
WARNING: Leaked instance dependency: Bug - did not call instance_notify_deleted when freeing.
   at: ~Dependency (servers/rendering/storage/utilities.cpp:56)
WARNING: Leaked instance dependency: Bug - did not call instance_notify_deleted when freeing.
   at: ~Dependency (servers/rendering/storage/utilities.cpp:56)
WARNING: Leaked instance dependency: Bug - did not call instance_notify_deleted when freeing.
   at: ~Dependency (servers/rendering/storage/utilities.cpp:56)
WARNING: Leaked instance dependency: Bug - did not call instance_notify_deleted when freeing.
   at: ~Dependency (servers/rendering/storage/utilities.cpp:56)
WARNING: Leaked instance dependency: Bug - did not call instance_notify_deleted when freeing.
   at: ~Dependency (servers/rendering/storage/utilities.cpp:56)
WARNING: Leaked instance dependency: Bug - did not call instance_notify_deleted when freeing.
   at: ~Dependency (servers/rendering/storage/utilities.cpp:56)
WARNING: Leaked instance dependency: Bug - did not call instance_notify_deleted when freeing.
   at: ~Dependency (servers/rendering/storage/utilities.cpp:56)
WARNING: Leaked instance dependency: Bug - did not call instance_notify_deleted when freeing.
   at: ~Dependency (servers/rendering/storage/utilities.cpp:56)
WARNING: Leaked instance dependency: Bug - did not call instance_notify_deleted when freeing.
   at: ~Dependency (servers/rendering/storage/utilities.cpp:56)
WARNING: Leaked instance dependency: Bug - did not call instance_notify_deleted when freeing.
   at: ~Dependency (servers/rendering/storage/utilities.cpp:56)
WARNING: Leaked instance dependency: Bug - did not call instance_notify_deleted when freeing.
   at: ~Dependency (servers/rendering/storage/utilities.cpp:56)
WARNING: Leaked instance dependency: Bug - did not call instance_notify_deleted when freeing.
   at: ~Dependency (servers/rendering/storage/utilities.cpp:56)
WARNING: Leaked instance dependency: Bug - did not call instance_notify_deleted when freeing.
   at: ~Dependency (servers/rendering/storage/utilities.cpp:56)
WARNING: Leaked instance dependency: Bug - did not call instance_notify_deleted when freeing.
   at: ~Dependency (servers/rendering/storage/utilities.cpp:56)
WARNING: Leaked instance dependency: Bug - did not call instance_notify_deleted when freeing.
   at: ~Dependency (servers/rendering/storage/utilities.cpp:56)
WARNING: Leaked instance dependency: Bug - did not call instance_notify_deleted when freeing.
   at: ~Dependency (servers/rendering/storage/utilities.cpp:56)
WARNING: Leaked instance dependency: Bug - did not call instance_notify_deleted when freeing.
   at: ~Dependency (servers/rendering/storage/utilities.cpp:56)
WARNING: Leaked instance dependency: Bug - did not call instance_notify_deleted when freeing.
   at: ~Dependency (servers/rendering/storage/utilities.cpp:56)
WARNING: Leaked instance dependency: Bug - did not call instance_notify_deleted when freeing.
   at: ~Dependency (servers/rendering/storage/utilities.cpp:56)
WARNING: Leaked instance dependency: Bug - did not call instance_notify_deleted when freeing.
   at: ~Dependency (servers/rendering/storage/utilities.cpp:56)
WARNING: Leaked instance dependency: Bug - did not call instance_notify_deleted when freeing.
   at: ~Dependency (servers/rendering/storage/utilities.cpp:56)
WARNING: Leaked instance dependency: Bug - did not call instance_notify_deleted when freeing.
   at: ~Dependency (servers/rendering/storage/utilities.cpp:56)
WARNING: Leaked instance dependency: Bug - did not call instance_notify_deleted when freeing.
   at: ~Dependency (servers/rendering/storage/utilities.cpp:56)
WARNING: Leaked instance dependency: Bug - did not call instance_notify_deleted when freeing.
   at: ~Dependency (servers/rendering/storage/utilities.cpp:56)
WARNING: Leaked instance dependency: Bug - did not call instance_notify_deleted when freeing.
   at: ~Dependency (servers/rendering/storage/utilities.cpp:56)
WARNING: Leaked instance dependency: Bug - did not call instance_notify_deleted when freeing.
   at: ~Dependency (servers/rendering/storage/utilities.cpp:56)
WARNING: Leaked instance dependency: Bug - did not call instance_notify_deleted when freeing.
   at: ~Dependency (servers/rendering/storage/utilities.cpp:56)
WARNING: Leaked instance dependency: Bug - did not call instance_notify_deleted when freeing.
   at: ~Dependency (servers/rendering/storage/utilities.cpp:56)
WARNING: Leaked instance dependency: Bug - did not call instance_notify_deleted when freeing.
   at: ~Dependency (servers/rendering/storage/utilities.cpp:56)
WARNING: Leaked instance dependency: Bug - did not call instance_notify_deleted when freeing.
   at: ~Dependency (servers/rendering/storage/utilities.cpp:56)
WARNING: Leaked instance dependency: Bug - did not call instance_notify_deleted when freeing.
   at: ~Dependency (servers/rendering/storage/utilities.cpp:56)
WARNING: Leaked instance dependency: Bug - did not call instance_notify_deleted when freeing.
   at: ~Dependency (servers/rendering/storage/utilities.cpp:56)
WARNING: Leaked instance dependency: Bug - did not call instance_notify_deleted when freeing.
   at: ~Dependency (servers/rendering/storage/utilities.cpp:56)
WARNING: Leaked instance dependency: Bug - did not call instance_notify_deleted when freeing.
   at: ~Dependency (servers/rendering/storage/utilities.cpp:56)
WARNING: Leaked instance dependency: Bug - did not call instance_notify_deleted when freeing.
   at: ~Dependency (servers/rendering/storage/utilities.cpp:56)
WARNING: Leaked instance dependency: Bug - did not call instance_notify_deleted when freeing.
   at: ~Dependency (servers/rendering/storage/utilities.cpp:56)
WARNING: Leaked instance dependency: Bug - did not call instance_notify_deleted when freeing.
   at: ~Dependency (servers/rendering/storage/utilities.cpp:56)
WARNING: Leaked instance dependency: Bug - did not call instance_notify_deleted when freeing.
   at: ~Dependency (servers/rendering/storage/utilities.cpp:56)
WARNING: Leaked instance dependency: Bug - did not call instance_notify_deleted when freeing.
   at: ~Dependency (servers/rendering/storage/utilities.cpp:56)
WARNING: Leaked instance dependency: Bug - did not call instance_notify_deleted when freeing.
   at: ~Dependency (servers/rendering/storage/utilities.cpp:56)
WARNING: Leaked instance dependency: Bug - did not call instance_notify_deleted when freeing.
   at: ~Dependency (servers/rendering/storage/utilities.cpp:56)
WARNING: Leaked instance dependency: Bug - did not call instance_notify_deleted when freeing.
   at: ~Dependency (servers/rendering/storage/utilities.cpp:56)
WARNING: Leaked instance dependency: Bug - did not call instance_notify_deleted when freeing.
   at: ~Dependency (servers/rendering/storage/utilities.cpp:56)
WARNING: Leaked instance dependency: Bug - did not call instance_notify_deleted when freeing.
   at: ~Dependency (servers/rendering/storage/utilities.cpp:56)
WARNING: Leaked instance dependency: Bug - did not call instance_notify_deleted when freeing.
   at: ~Dependency (servers/rendering/storage/utilities.cpp:56)
WARNING: Leaked instance dependency: Bug - did not call instance_notify_deleted when freeing.
   at: ~Dependency (servers/rendering/storage/utilities.cpp:56)
WARNING: Leaked instance dependency: Bug - did not call instance_notify_deleted when freeing.
   at: ~Dependency (servers/rendering/storage/utilities.cpp:56)
WARNING: Leaked instance dependency: Bug - did not call instance_notify_deleted when freeing.
   at: ~Dependency (servers/rendering/storage/utilities.cpp:56)
WARNING: Leaked instance dependency: Bug - did not call instance_notify_deleted when freeing.
   at: ~Dependency (servers/rendering/storage/utilities.cpp:56)
WARNING: Leaked instance dependency: Bug - did not call instance_notify_deleted when freeing.
   at: ~Dependency (servers/rendering/storage/utilities.cpp:56)
WARNING: Leaked instance dependency: Bug - did not call instance_notify_deleted when freeing.
   at: ~Dependency (servers/rendering/storage/utilities.cpp:56)
WARNING: Leaked instance dependency: Bug - did not call instance_notify_deleted when freeing.
   at: ~Dependency (servers/rendering/storage/utilities.cpp:56)
WARNING: Leaked instance dependency: Bug - did not call instance_notify_deleted when freeing.
   at: ~Dependency (servers/rendering/storage/utilities.cpp:56)
WARNING: Leaked instance dependency: Bug - did not call instance_notify_deleted when freeing.
   at: ~Dependency (servers/rendering/storage/utilities.cpp:56)
WARNING: Leaked instance dependency: Bug - did not call instance_notify_deleted when freeing.
   at: ~Dependency (servers/rendering/storage/utilities.cpp:56)
WARNING: Leaked instance dependency: Bug - did not call instance_notify_deleted when freeing.
   at: ~Dependency (servers/rendering/storage/utilities.cpp:56)
WARNING: Leaked instance dependency: Bug - did not call instance_notify_deleted when freeing.
   at: ~Dependency (servers/rendering/storage/utilities.cpp:56)
WARNING: Leaked instance dependency: Bug - did not call instance_notify_deleted when freeing.
   at: ~Dependency (servers/rendering/storage/utilities.cpp:56)
WARNING: Leaked instance dependency: Bug - did not call instance_notify_deleted when freeing.
   at: ~Dependency (servers/rendering/storage/utilities.cpp:56)
WARNING: Leaked instance dependency: Bug - did not call instance_notify_deleted when freeing.
   at: ~Dependency (servers/rendering/storage/utilities.cpp:56)
WARNING: Leaked instance dependency: Bug - did not call instance_notify_deleted when freeing.
   at: ~Dependency (servers/rendering/storage/utilities.cpp:56)
WARNING: Leaked instance dependency: Bug - did not call instance_notify_deleted when freeing.
   at: ~Dependency (servers/rendering/storage/utilities.cpp:56)
WARNING: Leaked instance dependency: Bug - did not call instance_notify_deleted when freeing.
   at: ~Dependency (servers/rendering/storage/utilities.cpp:56)
WARNING: Leaked instance dependency: Bug - did not call instance_notify_deleted when freeing.
   at: ~Dependency (servers/rendering/storage/utilities.cpp:56)
WARNING: Leaked instance dependency: Bug - did not call instance_notify_deleted when freeing.
   at: ~Dependency (servers/rendering/storage/utilities.cpp:56)
WARNING: Leaked instance dependency: Bug - did not call instance_notify_deleted when freeing.
   at: ~Dependency (servers/rendering/storage/utilities.cpp:56)
WARNING: Leaked instance dependency: Bug - did not call instance_notify_deleted when freeing.
   at: ~Dependency (servers/rendering/storage/utilities.cpp:56)
WARNING: Leaked instance dependency: Bug - did not call instance_notify_deleted when freeing.
   at: ~Dependency (servers/rendering/storage/utilities.cpp:56)
WARNING: Leaked instance dependency: Bug - did not call instance_notify_deleted when freeing.
   at: ~Dependency (servers/rendering/storage/utilities.cpp:56)
WARNING: Leaked instance dependency: Bug - did not call instance_notify_deleted when freeing.
   at: ~Dependency (servers/rendering/storage/utilities.cpp:56)
WARNING: Leaked instance dependency: Bug - did not call instance_notify_deleted when freeing.
   at: ~Dependency (servers/rendering/storage/utilities.cpp:56)
WARNING: Leaked instance dependency: Bug - did not call instance_notify_deleted when freeing.
   at: ~Dependency (servers/rendering/storage/utilities.cpp:56)
WARNING: Leaked instance dependency: Bug - did not call instance_notify_deleted when freeing.
   at: ~Dependency (servers/rendering/storage/utilities.cpp:56)
WARNING: Leaked instance dependency: Bug - did not call instance_notify_deleted when freeing.
   at: ~Dependency (servers/rendering/storage/utilities.cpp:56)
WARNING: Leaked instance dependency: Bug - did not call instance_notify_deleted when freeing.
   at: ~Dependency (servers/rendering/storage/utilities.cpp:56)
WARNING: Leaked instance dependency: Bug - did not call instance_notify_deleted when freeing.
   at: ~Dependency (servers/rendering/storage/utilities.cpp:56)
WARNING: Leaked instance dependency: Bug - did not call instance_notify_deleted when freeing.
   at: ~Dependency (servers/rendering/storage/utilities.cpp:56)
WARNING: Leaked instance dependency: Bug - did not call instance_notify_deleted when freeing.
   at: ~Dependency (servers/rendering/storage/utilities.cpp:56)
WARNING: Leaked instance dependency: Bug - did not call instance_notify_deleted when freeing.
   at: ~Dependency (servers/rendering/storage/utilities.cpp:56)
WARNING: Leaked instance dependency: Bug - did not call instance_notify_deleted when freeing.
   at: ~Dependency (servers/rendering/storage/utilities.cpp:56)
WARNING: Leaked instance dependency: Bug - did not call instance_notify_deleted when freeing.
   at: ~Dependency (servers/rendering/storage/utilities.cpp:56)
WARNING: Leaked instance dependency: Bug - did not call instance_notify_deleted when freeing.
   at: ~Dependency (servers/rendering/storage/utilities.cpp:56)
WARNING: Leaked instance dependency: Bug - did not call instance_notify_deleted when freeing.
   at: ~Dependency (servers/rendering/storage/utilities.cpp:56)
WARNING: Leaked instance dependency: Bug - did not call instance_notify_deleted when freeing.
   at: ~Dependency (servers/rendering/storage/utilities.cpp:56)
WARNING: Leaked instance dependency: Bug - did not call instance_notify_deleted when freeing.
   at: ~Dependency (servers/rendering/storage/utilities.cpp:56)
WARNING: Leaked instance dependency: Bug - did not call instance_notify_deleted when freeing.
   at: ~Dependency (servers/rendering/storage/utilities.cpp:56)
WARNING: Leaked instance dependency: Bug - did not call instance_notify_deleted when freeing.
   at: ~Dependency (servers/rendering/storage/utilities.cpp:56)
WARNING: Leaked instance dependency: Bug - did not call instance_notify_deleted when freeing.
   at: ~Dependency (servers/rendering/storage/utilities.cpp:56)
WARNING: Leaked instance dependency: Bug - did not call instance_notify_deleted when freeing.
   at: ~Dependency (servers/rendering/storage/utilities.cpp:56)
WARNING: Leaked instance dependency: Bug - did not call instance_notify_deleted when freeing.
   at: ~Dependency (servers/rendering/storage/utilities.cpp:56)
WARNING: Leaked instance dependency: Bug - did not call instance_notify_deleted when freeing.
   at: ~Dependency (servers/rendering/storage/utilities.cpp:56)
WARNING: Leaked instance dependency: Bug - did not call instance_notify_deleted when freeing.
   at: ~Dependency (servers/rendering/storage/utilities.cpp:56)
WARNING: Leaked instance dependency: Bug - did not call instance_notify_deleted when freeing.
   at: ~Dependency (servers/rendering/storage/utilities.cpp:56)
WARNING: Leaked instance dependency: Bug - did not call instance_notify_deleted when freeing.
   at: ~Dependency (servers/rendering/storage/utilities.cpp:56)
WARNING: Leaked instance dependency: Bug - did not call instance_notify_deleted when freeing.
   at: ~Dependency (servers/rendering/storage/utilities.cpp:56)
WARNING: Leaked instance dependency: Bug - did not call instance_notify_deleted when freeing.
   at: ~Dependency (servers/rendering/storage/utilities.cpp:56)
WARNING: Leaked instance dependency: Bug - did not call instance_notify_deleted when freeing.
   at: ~Dependency (servers/rendering/storage/utilities.cpp:56)
WARNING: Leaked instance dependency: Bug - did not call instance_notify_deleted when freeing.
   at: ~Dependency (servers/rendering/storage/utilities.cpp:56)
WARNING: Leaked instance dependency: Bug - did not call instance_notify_deleted when freeing.
   at: ~Dependency (servers/rendering/storage/utilities.cpp:56)
WARNING: Leaked instance dependency: Bug - did not call instance_notify_deleted when freeing.
   at: ~Dependency (servers/rendering/storage/utilities.cpp:56)
WARNING: Leaked instance dependency: Bug - did not call instance_notify_deleted when freeing.
   at: ~Dependency (servers/rendering/storage/utilities.cpp:56)
WARNING: Leaked instance dependency: Bug - did not call instance_notify_deleted when freeing.
   at: ~Dependency (servers/rendering/storage/utilities.cpp:56)
WARNING: Leaked instance dependency: Bug - did not call instance_notify_deleted when freeing.
   at: ~Dependency (servers/rendering/storage/utilities.cpp:56)
WARNING: Leaked instance dependency: Bug - did not call instance_notify_deleted when freeing.
   at: ~Dependency (servers/rendering/storage/utilities.cpp:56)
WARNING: Leaked instance dependency: Bug - did not call instance_notify_deleted when freeing.
   at: ~Dependency (servers/rendering/storage/utilities.cpp:56)
WARNING: Leaked instance dependency: Bug - did not call instance_notify_deleted when freeing.
   at: ~Dependency (servers/rendering/storage/utilities.cpp:56)
WARNING: Leaked instance dependency: Bug - did not call instance_notify_deleted when freeing.
   at: ~Dependency (servers/rendering/storage/utilities.cpp:56)
WARNING: Leaked instance dependency: Bug - did not call instance_notify_deleted when freeing.
   at: ~Dependency (servers/rendering/storage/utilities.cpp:56)
WARNING: Leaked instance dependency: Bug - did not call instance_notify_deleted when freeing.
   at: ~Dependency (servers/rendering/storage/utilities.cpp:56)
WARNING: Leaked instance dependency: Bug - did not call instance_notify_deleted when freeing.
   at: ~Dependency (servers/rendering/storage/utilities.cpp:56)
WARNING: Leaked instance dependency: Bug - did not call instance_notify_deleted when freeing.
   at: ~Dependency (servers/rendering/storage/utilities.cpp:56)
WARNING: Leaked instance dependency: Bug - did not call instance_notify_deleted when freeing.
   at: ~Dependency (servers/rendering/storage/utilities.cpp:56)
WARNING: Leaked instance dependency: Bug - did not call instance_notify_deleted when freeing.
   at: ~Dependency (servers/rendering/storage/utilities.cpp:56)
WARNING: Leaked instance dependency: Bug - did not call instance_notify_deleted when freeing.
   at: ~Dependency (servers/rendering/storage/utilities.cpp:56)
WARNING: Leaked instance dependency: Bug - did not call instance_notify_deleted when freeing.
   at: ~Dependency (servers/rendering/storage/utilities.cpp:56)
WARNING: Leaked instance dependency: Bug - did not call instance_notify_deleted when freeing.
   at: ~Dependency (servers/rendering/storage/utilities.cpp:56)
WARNING: Leaked instance dependency: Bug - did not call instance_notify_deleted when freeing.
   at: ~Dependency (servers/rendering/storage/utilities.cpp:56)
WARNING: Leaked instance dependency: Bug - did not call instance_notify_deleted when freeing.
   at: ~Dependency (servers/rendering/storage/utilities.cpp:56)
WARNING: Leaked instance dependency: Bug - did not call instance_notify_deleted when freeing.
   at: ~Dependency (servers/rendering/storage/utilities.cpp:56)
WARNING: Leaked instance dependency: Bug - did not call instance_notify_deleted when freeing.
   at: ~Dependency (servers/rendering/storage/utilities.cpp:56)
WARNING: Leaked instance dependency: Bug - did not call instance_notify_deleted when freeing.
   at: ~Dependency (servers/rendering/storage/utilities.cpp:56)
WARNING: Leaked instance dependency: Bug - did not call instance_notify_deleted when freeing.
   at: ~Dependency (servers/rendering/storage/utilities.cpp:56)
WARNING: Leaked instance dependency: Bug - did not call instance_notify_deleted when freeing.
   at: ~Dependency (servers/rendering/storage/utilities.cpp:56)
WARNING: Leaked instance dependency: Bug - did not call instance_notify_deleted when freeing.
   at: ~Dependency (servers/rendering/storage/utilities.cpp:56)
WARNING: Leaked instance dependency: Bug - did not call instance_notify_deleted when freeing.
   at: ~Dependency (servers/rendering/storage/utilities.cpp:56)
WARNING: Leaked instance dependency: Bug - did not call instance_notify_deleted when freeing.
   at: ~Dependency (servers/rendering/storage/utilities.cpp:56)
WARNING: Leaked instance dependency: Bug - did not call instance_notify_deleted when freeing.
   at: ~Dependency (servers/rendering/storage/utilities.cpp:56)
WARNING: Leaked instance dependency: Bug - did not call instance_notify_deleted when freeing.
   at: ~Dependency (servers/rendering/storage/utilities.cpp:56)
WARNING: Leaked instance dependency: Bug - did not call instance_notify_deleted when freeing.
   at: ~Dependency (servers/rendering/storage/utilities.cpp:56)
WARNING: Leaked instance dependency: Bug - did not call instance_notify_deleted when freeing.
   at: ~Dependency (servers/rendering/storage/utilities.cpp:56)
WARNING: Leaked instance dependency: Bug - did not call instance_notify_deleted when freeing.
   at: ~Dependency (servers/rendering/storage/utilities.cpp:56)
WARNING: Leaked instance dependency: Bug - did not call instance_notify_deleted when freeing.
   at: ~Dependency (servers/rendering/storage/utilities.cpp:56)
WARNING: Leaked instance dependency: Bug - did not call instance_notify_deleted when freeing.
   at: ~Dependency (servers/rendering/storage/utilities.cpp:56)
WARNING: Leaked instance dependency: Bug - did not call instance_notify_deleted when freeing.
   at: ~Dependency (servers/rendering/storage/utilities.cpp:56)
WARNING: Leaked instance dependency: Bug - did not call instance_notify_deleted when freeing.
   at: ~Dependency (servers/rendering/storage/utilities.cpp:56)
WARNING: Leaked instance dependency: Bug - did not call instance_notify_deleted when freeing.
   at: ~Dependency (servers/rendering/storage/utilities.cpp:56)
WARNING: Leaked instance dependency: Bug - did not call instance_notify_deleted when freeing.
   at: ~Dependency (servers/rendering/storage/utilities.cpp:56)
WARNING: Leaked instance dependency: Bug - did not call instance_notify_deleted when freeing.
   at: ~Dependency (servers/rendering/storage/utilities.cpp:56)
WARNING: Leaked instance dependency: Bug - did not call instance_notify_deleted when freeing.
   at: ~Dependency (servers/rendering/storage/utilities.cpp:56)
WARNING: Leaked instance dependency: Bug - did not call instance_notify_deleted when freeing.
   at: ~Dependency (servers/rendering/storage/utilities.cpp:56)
WARNING: Leaked instance dependency: Bug - did not call instance_notify_deleted when freeing.
   at: ~Dependency (servers/rendering/storage/utilities.cpp:56)
WARNING: Leaked instance dependency: Bug - did not call instance_notify_deleted when freeing.
   at: ~Dependency (servers/rendering/storage/utilities.cpp:56)
WARNING: Leaked instance dependency: Bug - did not call instance_notify_deleted when freeing.
   at: ~Dependency (servers/rendering/storage/utilities.cpp:56)
WARNING: Leaked instance dependency: Bug - did not call instance_notify_deleted when freeing.
   at: ~Dependency (servers/rendering/storage/utilities.cpp:56)
WARNING: Leaked instance dependency: Bug - did not call instance_notify_deleted when freeing.
   at: ~Dependency (servers/rendering/storage/utilities.cpp:56)
WARNING: Leaked instance dependency: Bug - did not call instance_notify_deleted when freeing.
   at: ~Dependency (servers/rendering/storage/utilities.cpp:56)
WARNING: Leaked instance dependency: Bug - did not call instance_notify_deleted when freeing.
   at: ~Dependency (servers/rendering/storage/utilities.cpp:56)
WARNING: Leaked instance dependency: Bug - did not call instance_notify_deleted when freeing.
   at: ~Dependency (servers/rendering/storage/utilities.cpp:56)
WARNING: Leaked instance dependency: Bug - did not call instance_notify_deleted when freeing.
   at: ~Dependency (servers/rendering/storage/utilities.cpp:56)
WARNING: Leaked instance dependency: Bug - did not call instance_notify_deleted when freeing.
   at: ~Dependency (servers/rendering/storage/utilities.cpp:56)
WARNING: Leaked instance dependency: Bug - did not call instance_notify_deleted when freeing.
   at: ~Dependency (servers/rendering/storage/utilities.cpp:56)
WARNING: Leaked instance dependency: Bug - did not call instance_notify_deleted when freeing.
   at: ~Dependency (servers/rendering/storage/utilities.cpp:56)
WARNING: Leaked instance dependency: Bug - did not call instance_notify_deleted when freeing.
   at: ~Dependency (servers/rendering/storage/utilities.cpp:56)
WARNING: Leaked instance dependency: Bug - did not call instance_notify_deleted when freeing.
   at: ~Dependency (servers/rendering/storage/utilities.cpp:56)
WARNING: Leaked instance dependency: Bug - did not call instance_notify_deleted when freeing.
   at: ~Dependency (servers/rendering/storage/utilities.cpp:56)
WARNING: Leaked instance dependency: Bug - did not call instance_notify_deleted when freeing.
   at: ~Dependency (servers/rendering/storage/utilities.cpp:56)
WARNING: Leaked instance dependency: Bug - did not call instance_notify_deleted when freeing.
   at: ~Dependency (servers/rendering/storage/utilities.cpp:56)
WARNING: Leaked instance dependency: Bug - did not call instance_notify_deleted when freeing.
   at: ~Dependency (servers/rendering/storage/utilities.cpp:56)
WARNING: Leaked instance dependency: Bug - did not call instance_notify_deleted when freeing.
   at: ~Dependency (servers/rendering/storage/utilities.cpp:56)
WARNING: Leaked instance dependency: Bug - did not call instance_notify_deleted when freeing.
   at: ~Dependency (servers/rendering/storage/utilities.cpp:56)
WARNING: Leaked instance dependency: Bug - did not call instance_notify_deleted when freeing.
   at: ~Dependency (servers/rendering/storage/utilities.cpp:56)
WARNING: Leaked instance dependency: Bug - did not call instance_notify_deleted when freeing.
   at: ~Dependency (servers/rendering/storage/utilities.cpp:56)
WARNING: Leaked instance dependency: Bug - did not call instance_notify_deleted when freeing.
   at: ~Dependency (servers/rendering/storage/utilities.cpp:56)
WARNING: Leaked instance dependency: Bug - did not call instance_notify_deleted when freeing.
   at: ~Dependency (servers/rendering/storage/utilities.cpp:56)
WARNING: Leaked instance dependency: Bug - did not call instance_notify_deleted when freeing.
   at: ~Dependency (servers/rendering/storage/utilities.cpp:56)
WARNING: Leaked instance dependency: Bug - did not call instance_notify_deleted when freeing.
   at: ~Dependency (servers/rendering/storage/utilities.cpp:56)
WARNING: Leaked instance dependency: Bug - did not call instance_notify_deleted when freeing.
   at: ~Dependency (servers/rendering/storage/utilities.cpp:56)
WARNING: Leaked instance dependency: Bug - did not call instance_notify_deleted when freeing.
   at: ~Dependency (servers/rendering/storage/utilities.cpp:56)
WARNING: Leaked instance dependency: Bug - did not call instance_notify_deleted when freeing.
   at: ~Dependency (servers/rendering/storage/utilities.cpp:56)
WARNING: Leaked instance dependency: Bug - did not call instance_notify_deleted when freeing.
   at: ~Dependency (servers/rendering/storage/utilities.cpp:56)
WARNING: Leaked instance dependency: Bug - did not call instance_notify_deleted when freeing.
   at: ~Dependency (servers/rendering/storage/utilities.cpp:56)
WARNING: Leaked instance dependency: Bug - did not call instance_notify_deleted when freeing.
   at: ~Dependency (servers/rendering/storage/utilities.cpp:56)
WARNING: Leaked instance dependency: Bug - did not call instance_notify_deleted when freeing.
   at: ~Dependency (servers/rendering/storage/utilities.cpp:56)
WARNING: Leaked instance dependency: Bug - did not call instance_notify_deleted when freeing.
   at: ~Dependency (servers/rendering/storage/utilities.cpp:56)
WARNING: Leaked instance dependency: Bug - did not call instance_notify_deleted when freeing.
   at: ~Dependency (servers/rendering/storage/utilities.cpp:56)
WARNING: Leaked instance dependency: Bug - did not call instance_notify_deleted when freeing.
   at: ~Dependency (servers/rendering/storage/utilities.cpp:56)
WARNING: Leaked instance dependency: Bug - did not call instance_notify_deleted when freeing.
   at: ~Dependency (servers/rendering/storage/utilities.cpp:56)
WARNING: Leaked instance dependency: Bug - did not call instance_notify_deleted when freeing.
   at: ~Dependency (servers/rendering/storage/utilities.cpp:56)
WARNING: Leaked instance dependency: Bug - did not call instance_notify_deleted when freeing.
   at: ~Dependency (servers/rendering/storage/utilities.cpp:56)
WARNING: Leaked instance dependency: Bug - did not call instance_notify_deleted when freeing.
   at: ~Dependency (servers/rendering/storage/utilities.cpp:56)
WARNING: Leaked instance dependency: Bug - did not call instance_notify_deleted when freeing.
   at: ~Dependency (servers/rendering/storage/utilities.cpp:56)
WARNING: Leaked instance dependency: Bug - did not call instance_notify_deleted when freeing.
   at: ~Dependency (servers/rendering/storage/utilities.cpp:56)
WARNING: Leaked instance dependency: Bug - did not call instance_notify_deleted when freeing.
   at: ~Dependency (servers/rendering/storage/utilities.cpp:56)
WARNING: Leaked instance dependency: Bug - did not call instance_notify_deleted when freeing.
   at: ~Dependency (servers/rendering/storage/utilities.cpp:56)
WARNING: Leaked instance dependency: Bug - did not call instance_notify_deleted when freeing.
   at: ~Dependency (servers/rendering/storage/utilities.cpp:56)
WARNING: Leaked instance dependency: Bug - did not call instance_notify_deleted when freeing.
   at: ~Dependency (servers/rendering/storage/utilities.cpp:56)
WARNING: Leaked instance dependency: Bug - did not call instance_notify_deleted when freeing.
   at: ~Dependency (servers/rendering/storage/utilities.cpp:56)
WARNING: Leaked instance dependency: Bug - did not call instance_notify_deleted when freeing.
   at: ~Dependency (servers/rendering/storage/utilities.cpp:56)
WARNING: Leaked instance dependency: Bug - did not call instance_notify_deleted when freeing.
   at: ~Dependency (servers/rendering/storage/utilities.cpp:56)
WARNING: Leaked instance dependency: Bug - did not call instance_notify_deleted when freeing.
   at: ~Dependency (servers/rendering/storage/utilities.cpp:56)
WARNING: Leaked instance dependency: Bug - did not call instance_notify_deleted when freeing.
   at: ~Dependency (servers/rendering/storage/utilities.cpp:56)
WARNING: Leaked instance dependency: Bug - did not call instance_notify_deleted when freeing.
   at: ~Dependency (servers/rendering/storage/utilities.cpp:56)
WARNING: Leaked instance dependency: Bug - did not call instance_notify_deleted when freeing.
   at: ~Dependency (servers/rendering/storage/utilities.cpp:56)
WARNING: Leaked instance dependency: Bug - did not call instance_notify_deleted when freeing.
   at: ~Dependency (servers/rendering/storage/utilities.cpp:56)
WARNING: Leaked instance dependency: Bug - did not call instance_notify_deleted when freeing.
   at: ~Dependency (servers/rendering/storage/utilities.cpp:56)
WARNING: Leaked instance dependency: Bug - did not call instance_notify_deleted when freeing.
   at: ~Dependency (servers/rendering/storage/utilities.cpp:56)
WARNING: Leaked instance dependency: Bug - did not call instance_notify_deleted when freeing.
   at: ~Dependency (servers/rendering/storage/utilities.cpp:56)
WARNING: Leaked instance dependency: Bug - did not call instance_notify_deleted when freeing.
   at: ~Dependency (servers/rendering/storage/utilities.cpp:56)
WARNING: Leaked instance dependency: Bug - did not call instance_notify_deleted when freeing.
   at: ~Dependency (servers/rendering/storage/utilities.cpp:56)
WARNING: Leaked instance dependency: Bug - did not call instance_notify_deleted when freeing.
   at: ~Dependency (servers/rendering/storage/utilities.cpp:56)
WARNING: Leaked instance dependency: Bug - did not call instance_notify_deleted when freeing.
   at: ~Dependency (servers/rendering/storage/utilities.cpp:56)
WARNING: Leaked instance dependency: Bug - did not call instance_notify_deleted when freeing.
   at: ~Dependency (servers/rendering/storage/utilities.cpp:56)
WARNING: Leaked instance dependency: Bug - did not call instance_notify_deleted when freeing.
   at: ~Dependency (servers/rendering/storage/utilities.cpp:56)
WARNING: Leaked instance dependency: Bug - did not call instance_notify_deleted when freeing.
   at: ~Dependency (servers/rendering/storage/utilities.cpp:56)
WARNING: Leaked instance dependency: Bug - did not call instance_notify_deleted when freeing.
   at: ~Dependency (servers/rendering/storage/utilities.cpp:56)
WARNING: Leaked instance dependency: Bug - did not call instance_notify_deleted when freeing.
   at: ~Dependency (servers/rendering/storage/utilities.cpp:56)
WARNING: Leaked instance dependency: Bug - did not call instance_notify_deleted when freeing.
   at: ~Dependency (servers/rendering/storage/utilities.cpp:56)
WARNING: Leaked instance dependency: Bug - did not call instance_notify_deleted when freeing.
   at: ~Dependency (servers/rendering/storage/utilities.cpp:56)
WARNING: Leaked instance dependency: Bug - did not call instance_notify_deleted when freeing.
   at: ~Dependency (servers/rendering/storage/utilities.cpp:56)
WARNING: Leaked instance dependency: Bug - did not call instance_notify_deleted when freeing.
   at: ~Dependency (servers/rendering/storage/utilities.cpp:56)
WARNING: Leaked instance dependency: Bug - did not call instance_notify_deleted when freeing.
   at: ~Dependency (servers/rendering/storage/utilities.cpp:56)
WARNING: Leaked instance dependency: Bug - did not call instance_notify_deleted when freeing.
   at: ~Dependency (servers/rendering/storage/utilities.cpp:56)
WARNING: Leaked instance dependency: Bug - did not call instance_notify_deleted when freeing.
   at: ~Dependency (servers/rendering/storage/utilities.cpp:56)
WARNING: Leaked instance dependency: Bug - did not call instance_notify_deleted when freeing.
   at: ~Dependency (servers/rendering/storage/utilities.cpp:56)
WARNING: Leaked instance dependency: Bug - did not call instance_notify_deleted when freeing.
   at: ~Dependency (servers/rendering/storage/utilities.cpp:56)
WARNING: Leaked instance dependency: Bug - did not call instance_notify_deleted when freeing.
   at: ~Dependency (servers/rendering/storage/utilities.cpp:56)
WARNING: Leaked instance dependency: Bug - did not call instance_notify_deleted when freeing.
   at: ~Dependency (servers/rendering/storage/utilities.cpp:56)
WARNING: Leaked instance dependency: Bug - did not call instance_notify_deleted when freeing.
   at: ~Dependency (servers/rendering/storage/utilities.cpp:56)
WARNING: Leaked instance dependency: Bug - did not call instance_notify_deleted when freeing.
   at: ~Dependency (servers/rendering/storage/utilities.cpp:56)
WARNING: Leaked instance dependency: Bug - did not call instance_notify_deleted when freeing.
   at: ~Dependency (servers/rendering/storage/utilities.cpp:56)
WARNING: Leaked instance dependency: Bug - did not call instance_notify_deleted when freeing.
   at: ~Dependency (servers/rendering/storage/utilities.cpp:56)
WARNING: Leaked instance dependency: Bug - did not call instance_notify_deleted when freeing.
   at: ~Dependency (servers/rendering/storage/utilities.cpp:56)
WARNING: Leaked instance dependency: Bug - did not call instance_notify_deleted when freeing.
   at: ~Dependency (servers/rendering/storage/utilities.cpp:56)
WARNING: Leaked instance dependency: Bug - did not call instance_notify_deleted when freeing.
   at: ~Dependency (servers/rendering/storage/utilities.cpp:56)
WARNING: Leaked instance dependency: Bug - did not call instance_notify_deleted when freeing.
   at: ~Dependency (servers/rendering/storage/utilities.cpp:56)
WARNING: Leaked instance dependency: Bug - did not call instance_notify_deleted when freeing.
   at: ~Dependency (servers/rendering/storage/utilities.cpp:56)
WARNING: Leaked instance dependency: Bug - did not call instance_notify_deleted when freeing.
   at: ~Dependency (servers/rendering/storage/utilities.cpp:56)
WARNING: Leaked instance dependency: Bug - did not call instance_notify_deleted when freeing.
   at: ~Dependency (servers/rendering/storage/utilities.cpp:56)
WARNING: Leaked instance dependency: Bug - did not call instance_notify_deleted when freeing.
   at: ~Dependency (servers/rendering/storage/utilities.cpp:56)
WARNING: Leaked instance dependency: Bug - did not call instance_notify_deleted when freeing.
   at: ~Dependency (servers/rendering/storage/utilities.cpp:56)
WARNING: Leaked instance dependency: Bug - did not call instance_notify_deleted when freeing.
   at: ~Dependency (servers/rendering/storage/utilities.cpp:56)
WARNING: Leaked instance dependency: Bug - did not call instance_notify_deleted when freeing.
   at: ~Dependency (servers/rendering/storage/utilities.cpp:56)
WARNING: Leaked instance dependency: Bug - did not call instance_notify_deleted when freeing.
   at: ~Dependency (servers/rendering/storage/utilities.cpp:56)
WARNING: Leaked instance dependency: Bug - did not call instance_notify_deleted when freeing.
   at: ~Dependency (servers/rendering/storage/utilities.cpp:56)
WARNING: Leaked instance dependency: Bug - did not call instance_notify_deleted when freeing.
   at: ~Dependency (servers/rendering/storage/utilities.cpp:56)
WARNING: Leaked instance dependency: Bug - did not call instance_notify_deleted when freeing.
   at: ~Dependency (servers/rendering/storage/utilities.cpp:56)
WARNING: Leaked instance dependency: Bug - did not call instance_notify_deleted when freeing.
   at: ~Dependency (servers/rendering/storage/utilities.cpp:56)
WARNING: Leaked instance dependency: Bug - did not call instance_notify_deleted when freeing.
   at: ~Dependency (servers/rendering/storage/utilities.cpp:56)
WARNING: Leaked instance dependency: Bug - did not call instance_notify_deleted when freeing.
   at: ~Dependency (servers/rendering/storage/utilities.cpp:56)
WARNING: Leaked instance dependency: Bug - did not call instance_notify_deleted when freeing.
   at: ~Dependency (servers/rendering/storage/utilities.cpp:56)
WARNING: Leaked instance dependency: Bug - did not call instance_notify_deleted when freeing.
   at: ~Dependency (servers/rendering/storage/utilities.cpp:56)
WARNING: Leaked instance dependency: Bug - did not call instance_notify_deleted when freeing.
   at: ~Dependency (servers/rendering/storage/utilities.cpp:56)
WARNING: Leaked instance dependency: Bug - did not call instance_notify_deleted when freeing.
   at: ~Dependency (servers/rendering/storage/utilities.cpp:56)
WARNING: Leaked instance dependency: Bug - did not call instance_notify_deleted when freeing.
   at: ~Dependency (servers/rendering/storage/utilities.cpp:56)
WARNING: Leaked instance dependency: Bug - did not call instance_notify_deleted when freeing.
   at: ~Dependency (servers/rendering/storage/utilities.cpp:56)
WARNING: Leaked instance dependency: Bug - did not call instance_notify_deleted when freeing.
   at: ~Dependency (servers/rendering/storage/utilities.cpp:56)
WARNING: Leaked instance dependency: Bug - did not call instance_notify_deleted when freeing.
   at: ~Dependency (servers/rendering/storage/utilities.cpp:56)
WARNING: Leaked instance dependency: Bug - did not call instance_notify_deleted when freeing.
   at: ~Dependency (servers/rendering/storage/utilities.cpp:56)
WARNING: Leaked instance dependency: Bug - did not call instance_notify_deleted when freeing.
   at: ~Dependency (servers/rendering/storage/utilities.cpp:56)
WARNING: Leaked instance dependency: Bug - did not call instance_notify_deleted when freeing.
   at: ~Dependency (servers/rendering/storage/utilities.cpp:56)
WARNING: Leaked instance dependency: Bug - did not call instance_notify_deleted when freeing.
   at: ~Dependency (servers/rendering/storage/utilities.cpp:56)
WARNING: Leaked instance dependency: Bug - did not call instance_notify_deleted when freeing.
   at: ~Dependency (servers/rendering/storage/utilities.cpp:56)
WARNING: Leaked instance dependency: Bug - did not call instance_notify_deleted when freeing.
   at: ~Dependency (servers/rendering/storage/utilities.cpp:56)
WARNING: Leaked instance dependency: Bug - did not call instance_notify_deleted when freeing.
   at: ~Dependency (servers/rendering/storage/utilities.cpp:56)
WARNING: Leaked instance dependency: Bug - did not call instance_notify_deleted when freeing.
   at: ~Dependency (servers/rendering/storage/utilities.cpp:56)
WARNING: Leaked instance dependency: Bug - did not call instance_notify_deleted when freeing.
   at: ~Dependency (servers/rendering/storage/utilities.cpp:56)
WARNING: Leaked instance dependency: Bug - did not call instance_notify_deleted when freeing.
   at: ~Dependency (servers/rendering/storage/utilities.cpp:56)
WARNING: Leaked instance dependency: Bug - did not call instance_notify_deleted when freeing.
   at: ~Dependency (servers/rendering/storage/utilities.cpp:56)
WARNING: Leaked instance dependency: Bug - did not call instance_notify_deleted when freeing.
   at: ~Dependency (servers/rendering/storage/utilities.cpp:56)
WARNING: Leaked instance dependency: Bug - did not call instance_notify_deleted when freeing.
   at: ~Dependency (servers/rendering/storage/utilities.cpp:56)
WARNING: Leaked instance dependency: Bug - did not call instance_notify_deleted when freeing.
   at: ~Dependency (servers/rendering/storage/utilities.cpp:56)
WARNING: Leaked instance dependency: Bug - did not call instance_notify_deleted when freeing.
   at: ~Dependency (servers/rendering/storage/utilities.cpp:56)
WARNING: Leaked instance dependency: Bug - did not call instance_notify_deleted when freeing.
   at: ~Dependency (servers/rendering/storage/utilities.cpp:56)
WARNING: Leaked instance dependency: Bug - did not call instance_notify_deleted when freeing.
   at: ~Dependency (servers/rendering/storage/utilities.cpp:56)
WARNING: Leaked instance dependency: Bug - did not call instance_notify_deleted when freeing.
   at: ~Dependency (servers/rendering/storage/utilities.cpp:56)
WARNING: Leaked instance dependency: Bug - did not call instance_notify_deleted when freeing.
   at: ~Dependency (servers/rendering/storage/utilities.cpp:56)
WARNING: Leaked instance dependency: Bug - did not call instance_notify_deleted when freeing.
   at: ~Dependency (servers/rendering/storage/utilities.cpp:56)
WARNING: Leaked instance dependency: Bug - did not call instance_notify_deleted when freeing.
   at: ~Dependency (servers/rendering/storage/utilities.cpp:56)
WARNING: Leaked instance dependency: Bug - did not call instance_notify_deleted when freeing.
   at: ~Dependency (servers/rendering/storage/utilities.cpp:56)
WARNING: Leaked instance dependency: Bug - did not call instance_notify_deleted when freeing.
   at: ~Dependency (servers/rendering/storage/utilities.cpp:56)
WARNING: Leaked instance dependency: Bug - did not call instance_notify_deleted when freeing.
   at: ~Dependency (servers/rendering/storage/utilities.cpp:56)
WARNING: Leaked instance dependency: Bug - did not call instance_notify_deleted when freeing.
   at: ~Dependency (servers/rendering/storage/utilities.cpp:56)
WARNING: Leaked instance dependency: Bug - did not call instance_notify_deleted when freeing.
   at: ~Dependency (servers/rendering/storage/utilities.cpp:56)
WARNING: Leaked instance dependency: Bug - did not call instance_notify_deleted when freeing.
   at: ~Dependency (servers/rendering/storage/utilities.cpp:56)
WARNING: Leaked instance dependency: Bug - did not call instance_notify_deleted when freeing.
   at: ~Dependency (servers/rendering/storage/utilities.cpp:56)
WARNING: Leaked instance dependency: Bug - did not call instance_notify_deleted when freeing.
   at: ~Dependency (servers/rendering/storage/utilities.cpp:56)
WARNING: Leaked instance dependency: Bug - did not call instance_notify_deleted when freeing.
   at: ~Dependency (servers/rendering/storage/utilities.cpp:56)
WARNING: Leaked instance dependency: Bug - did not call instance_notify_deleted when freeing.
   at: ~Dependency (servers/rendering/storage/utilities.cpp:56)
WARNING: Leaked instance dependency: Bug - did not call instance_notify_deleted when freeing.
   at: ~Dependency (servers/rendering/storage/utilities.cpp:56)
WARNING: Leaked instance dependency: Bug - did not call instance_notify_deleted when freeing.
   at: ~Dependency (servers/rendering/storage/utilities.cpp:56)
WARNING: Leaked instance dependency: Bug - did not call instance_notify_deleted when freeing.
   at: ~Dependency (servers/rendering/storage/utilities.cpp:56)
WARNING: Leaked instance dependency: Bug - did not call instance_notify_deleted when freeing.
   at: ~Dependency (servers/rendering/storage/utilities.cpp:56)
WARNING: Leaked instance dependency: Bug - did not call instance_notify_deleted when freeing.
   at: ~Dependency (servers/rendering/storage/utilities.cpp:56)
WARNING: Leaked instance dependency: Bug - did not call instance_notify_deleted when freeing.
   at: ~Dependency (servers/rendering/storage/utilities.cpp:56)
WARNING: Leaked instance dependency: Bug - did not call instance_notify_deleted when freeing.
   at: ~Dependency (servers/rendering/storage/utilities.cpp:56)
WARNING: Leaked instance dependency: Bug - did not call instance_notify_deleted when freeing.
   at: ~Dependency (servers/rendering/storage/utilities.cpp:56)
WARNING: Leaked instance dependency: Bug - did not call instance_notify_deleted when freeing.
   at: ~Dependency (servers/rendering/storage/utilities.cpp:56)
WARNING: Leaked instance dependency: Bug - did not call instance_notify_deleted when freeing.
   at: ~Dependency (servers/rendering/storage/utilities.cpp:56)
WARNING: Leaked instance dependency: Bug - did not call instance_notify_deleted when freeing.
   at: ~Dependency (servers/rendering/storage/utilities.cpp:56)
WARNING: Leaked instance dependency: Bug - did not call instance_notify_deleted when freeing.
   at: ~Dependency (servers/rendering/storage/utilities.cpp:56)
WARNING: Leaked instance dependency: Bug - did not call instance_notify_deleted when freeing.
   at: ~Dependency (servers/rendering/storage/utilities.cpp:56)
WARNING: Leaked instance dependency: Bug - did not call instance_notify_deleted when freeing.
   at: ~Dependency (servers/rendering/storage/utilities.cpp:56)
WARNING: Leaked instance dependency: Bug - did not call instance_notify_deleted when freeing.
   at: ~Dependency (servers/rendering/storage/utilities.cpp:56)
WARNING: Leaked instance dependency: Bug - did not call instance_notify_deleted when freeing.
   at: ~Dependency (servers/rendering/storage/utilities.cpp:56)
WARNING: Leaked instance dependency: Bug - did not call instance_notify_deleted when freeing.
   at: ~Dependency (servers/rendering/storage/utilities.cpp:56)
WARNING: Leaked instance dependency: Bug - did not call instance_notify_deleted when freeing.
   at: ~Dependency (servers/rendering/storage/utilities.cpp:56)
WARNING: Leaked instance dependency: Bug - did not call instance_notify_deleted when freeing.
   at: ~Dependency (servers/rendering/storage/utilities.cpp:56)
WARNING: Leaked instance dependency: Bug - did not call instance_notify_deleted when freeing.
   at: ~Dependency (servers/rendering/storage/utilities.cpp:56)
WARNING: Leaked instance dependency: Bug - did not call instance_notify_deleted when freeing.
   at: ~Dependency (servers/rendering/storage/utilities.cpp:56)
WARNING: Leaked instance dependency: Bug - did not call instance_notify_deleted when freeing.
   at: ~Dependency (servers/rendering/storage/utilities.cpp:56)
WARNING: Leaked instance dependency: Bug - did not call instance_notify_deleted when freeing.
   at: ~Dependency (servers/rendering/storage/utilities.cpp:56)
WARNING: Leaked instance dependency: Bug - did not call instance_notify_deleted when freeing.
   at: ~Dependency (servers/rendering/storage/utilities.cpp:56)
WARNING: Leaked instance dependency: Bug - did not call instance_notify_deleted when freeing.
   at: ~Dependency (servers/rendering/storage/utilities.cpp:56)
WARNING: Leaked instance dependency: Bug - did not call instance_notify_deleted when freeing.
   at: ~Dependency (servers/rendering/storage/utilities.cpp:56)
WARNING: Leaked instance dependency: Bug - did not call instance_notify_deleted when freeing.
   at: ~Dependency (servers/rendering/storage/utilities.cpp:56)
WARNING: Leaked instance dependency: Bug - did not call instance_notify_deleted when freeing.
   at: ~Dependency (servers/rendering/storage/utilities.cpp:56)
WARNING: Leaked instance dependency: Bug - did not call instance_notify_deleted when freeing.
   at: ~Dependency (servers/rendering/storage/utilities.cpp:56)
WARNING: Leaked instance dependency: Bug - did not call instance_notify_deleted when freeing.
   at: ~Dependency (servers/rendering/storage/utilities.cpp:56)
WARNING: Leaked instance dependency: Bug - did not call instance_notify_deleted when freeing.
   at: ~Dependency (servers/rendering/storage/utilities.cpp:56)
WARNING: Leaked instance dependency: Bug - did not call instance_notify_deleted when freeing.
   at: ~Dependency (servers/rendering/storage/utilities.cpp:56)
WARNING: Leaked instance dependency: Bug - did not call instance_notify_deleted when freeing.
   at: ~Dependency (servers/rendering/storage/utilities.cpp:56)
WARNING: Leaked instance dependency: Bug - did not call instance_notify_deleted when freeing.
   at: ~Dependency (servers/rendering/storage/utilities.cpp:56)
WARNING: Leaked instance dependency: Bug - did not call instance_notify_deleted when freeing.
   at: ~Dependency (servers/rendering/storage/utilities.cpp:56)
WARNING: Leaked instance dependency: Bug - did not call instance_notify_deleted when freeing.
   at: ~Dependency (servers/rendering/storage/utilities.cpp:56)
WARNING: Leaked instance dependency: Bug - did not call instance_notify_deleted when freeing.
   at: ~Dependency (servers/rendering/storage/utilities.cpp:56)
WARNING: Leaked instance dependency: Bug - did not call instance_notify_deleted when freeing.
   at: ~Dependency (servers/rendering/storage/utilities.cpp:56)
WARNING: Leaked instance dependency: Bug - did not call instance_notify_deleted when freeing.
   at: ~Dependency (servers/rendering/storage/utilities.cpp:56)
WARNING: Leaked instance dependency: Bug - did not call instance_notify_deleted when freeing.
   at: ~Dependency (servers/rendering/storage/utilities.cpp:56)
WARNING: Leaked instance dependency: Bug - did not call instance_notify_deleted when freeing.
   at: ~Dependency (servers/rendering/storage/utilities.cpp:56)
WARNING: Leaked instance dependency: Bug - did not call instance_notify_deleted when freeing.
   at: ~Dependency (servers/rendering/storage/utilities.cpp:56)
WARNING: Leaked instance dependency: Bug - did not call instance_notify_deleted when freeing.
   at: ~Dependency (servers/rendering/storage/utilities.cpp:56)
WARNING: Leaked instance dependency: Bug - did not call instance_notify_deleted when freeing.
   at: ~Dependency (servers/rendering/storage/utilities.cpp:56)
WARNING: Leaked instance dependency: Bug - did not call instance_notify_deleted when freeing.
   at: ~Dependency (servers/rendering/storage/utilities.cpp:56)
WARNING: Leaked instance dependency: Bug - did not call instance_notify_deleted when freeing.
   at: ~Dependency (servers/rendering/storage/utilities.cpp:56)
WARNING: Leaked instance dependency: Bug - did not call instance_notify_deleted when freeing.
   at: ~Dependency (servers/rendering/storage/utilities.cpp:56)
WARNING: Leaked instance dependency: Bug - did not call instance_notify_deleted when freeing.
   at: ~Dependency (servers/rendering/storage/utilities.cpp:56)
WARNING: Leaked instance dependency: Bug - did not call instance_notify_deleted when freeing.
   at: ~Dependency (servers/rendering/storage/utilities.cpp:56)
WARNING: Leaked instance dependency: Bug - did not call instance_notify_deleted when freeing.
   at: ~Dependency (servers/rendering/storage/utilities.cpp:56)
WARNING: Leaked instance dependency: Bug - did not call instance_notify_deleted when freeing.
   at: ~Dependency (servers/rendering/storage/utilities.cpp:56)
WARNING: Leaked instance dependency: Bug - did not call instance_notify_deleted when freeing.
   at: ~Dependency (servers/rendering/storage/utilities.cpp:56)
WARNING: Leaked instance dependency: Bug - did not call instance_notify_deleted when freeing.
   at: ~Dependency (servers/rendering/storage/utilities.cpp:56)
WARNING: Leaked instance dependency: Bug - did not call instance_notify_deleted when freeing.
   at: ~Dependency (servers/rendering/storage/utilities.cpp:56)
WARNING: Leaked instance dependency: Bug - did not call instance_notify_deleted when freeing.
   at: ~Dependency (servers/rendering/storage/utilities.cpp:56)
WARNING: Leaked instance dependency: Bug - did not call instance_notify_deleted when freeing.
   at: ~Dependency (servers/rendering/storage/utilities.cpp:56)
WARNING: Leaked instance dependency: Bug - did not call instance_notify_deleted when freeing.
   at: ~Dependency (servers/rendering/storage/utilities.cpp:56)
WARNING: Leaked instance dependency: Bug - did not call instance_notify_deleted when freeing.
   at: ~Dependency (servers/rendering/storage/utilities.cpp:56)
WARNING: Leaked instance dependency: Bug - did not call instance_notify_deleted when freeing.
   at: ~Dependency (servers/rendering/storage/utilities.cpp:56)
WARNING: Leaked instance dependency: Bug - did not call instance_notify_deleted when freeing.
   at: ~Dependency (servers/rendering/storage/utilities.cpp:56)
WARNING: Leaked instance dependency: Bug - did not call instance_notify_deleted when freeing.
   at: ~Dependency (servers/rendering/storage/utilities.cpp:56)
WARNING: Leaked instance dependency: Bug - did not call instance_notify_deleted when freeing.
   at: ~Dependency (servers/rendering/storage/utilities.cpp:56)
WARNING: Leaked instance dependency: Bug - did not call instance_notify_deleted when freeing.
   at: ~Dependency (servers/rendering/storage/utilities.cpp:56)
WARNING: Leaked instance dependency: Bug - did not call instance_notify_deleted when freeing.
   at: ~Dependency (servers/rendering/storage/utilities.cpp:56)
WARNING: Leaked instance dependency: Bug - did not call instance_notify_deleted when freeing.
   at: ~Dependency (servers/rendering/storage/utilities.cpp:56)
WARNING: Leaked instance dependency: Bug - did not call instance_notify_deleted when freeing.
   at: ~Dependency (servers/rendering/storage/utilities.cpp:56)
WARNING: Leaked instance dependency: Bug - did not call instance_notify_deleted when freeing.
   at: ~Dependency (servers/rendering/storage/utilities.cpp:56)
WARNING: Leaked instance dependency: Bug - did not call instance_notify_deleted when freeing.
   at: ~Dependency (servers/rendering/storage/utilities.cpp:56)
WARNING: Leaked instance dependency: Bug - did not call instance_notify_deleted when freeing.
   at: ~Dependency (servers/rendering/storage/utilities.cpp:56)
WARNING: Leaked instance dependency: Bug - did not call instance_notify_deleted when freeing.
   at: ~Dependency (servers/rendering/storage/utilities.cpp:56)
WARNING: Leaked instance dependency: Bug - did not call instance_notify_deleted when freeing.
   at: ~Dependency (servers/rendering/storage/utilities.cpp:56)
WARNING: Leaked instance dependency: Bug - did not call instance_notify_deleted when freeing.
   at: ~Dependency (servers/rendering/storage/utilities.cpp:56)
WARNING: Leaked instance dependency: Bug - did not call instance_notify_deleted when freeing.
   at: ~Dependency (servers/rendering/storage/utilities.cpp:56)
WARNING: Leaked instance dependency: Bug - did not call instance_notify_deleted when freeing.
   at: ~Dependency (servers/rendering/storage/utilities.cpp:56)
WARNING: Leaked instance dependency: Bug - did not call instance_notify_deleted when freeing.
   at: ~Dependency (servers/rendering/storage/utilities.cpp:56)
WARNING: Leaked instance dependency: Bug - did not call instance_notify_deleted when freeing.
   at: ~Dependency (servers/rendering/storage/utilities.cpp:56)
WARNING: Leaked instance dependency: Bug - did not call instance_notify_deleted when freeing.
   at: ~Dependency (servers/rendering/storage/utilities.cpp:56)
WARNING: Leaked instance dependency: Bug - did not call instance_notify_deleted when freeing.
   at: ~Dependency (servers/rendering/storage/utilities.cpp:56)
WARNING: Leaked instance dependency: Bug - did not call instance_notify_deleted when freeing.
   at: ~Dependency (servers/rendering/storage/utilities.cpp:56)
WARNING: Leaked instance dependency: Bug - did not call instance_notify_deleted when freeing.
   at: ~Dependency (servers/rendering/storage/utilities.cpp:56)
WARNING: Leaked instance dependency: Bug - did not call instance_notify_deleted when freeing.
   at: ~Dependency (servers/rendering/storage/utilities.cpp:56)
WARNING: Leaked instance dependency: Bug - did not call instance_notify_deleted when freeing.
   at: ~Dependency (servers/rendering/storage/utilities.cpp:56)
WARNING: Leaked instance dependency: Bug - did not call instance_notify_deleted when freeing.
   at: ~Dependency (servers/rendering/storage/utilities.cpp:56)
WARNING: Leaked instance dependency: Bug - did not call instance_notify_deleted when freeing.
   at: ~Dependency (servers/rendering/storage/utilities.cpp:56)
WARNING: Leaked instance dependency: Bug - did not call instance_notify_deleted when freeing.
   at: ~Dependency (servers/rendering/storage/utilities.cpp:56)
WARNING: Leaked instance dependency: Bug - did not call instance_notify_deleted when freeing.
   at: ~Dependency (servers/rendering/storage/utilities.cpp:56)
WARNING: Leaked instance dependency: Bug - did not call instance_notify_deleted when freeing.
   at: ~Dependency (servers/rendering/storage/utilities.cpp:56)
WARNING: Leaked instance dependency: Bug - did not call instance_notify_deleted when freeing.
   at: ~Dependency (servers/rendering/storage/utilities.cpp:56)
WARNING: Leaked instance dependency: Bug - did not call instance_notify_deleted when freeing.
   at: ~Dependency (servers/rendering/storage/utilities.cpp:56)
WARNING: Leaked instance dependency: Bug - did not call instance_notify_deleted when freeing.
   at: ~Dependency (servers/rendering/storage/utilities.cpp:56)
WARNING: Leaked instance dependency: Bug - did not call instance_notify_deleted when freeing.
   at: ~Dependency (servers/rendering/storage/utilities.cpp:56)
WARNING: Leaked instance dependency: Bug - did not call instance_notify_deleted when freeing.
   at: ~Dependency (servers/rendering/storage/utilities.cpp:56)
WARNING: Leaked instance dependency: Bug - did not call instance_notify_deleted when freeing.
   at: ~Dependency (servers/rendering/storage/utilities.cpp:56)
WARNING: Leaked instance dependency: Bug - did not call instance_notify_deleted when freeing.
   at: ~Dependency (servers/rendering/storage/utilities.cpp:56)
WARNING: Leaked instance dependency: Bug - did not call instance_notify_deleted when freeing.
   at: ~Dependency (servers/rendering/storage/utilities.cpp:56)
WARNING: Leaked instance dependency: Bug - did not call instance_notify_deleted when freeing.
   at: ~Dependency (servers/rendering/storage/utilities.cpp:56)
WARNING: Leaked instance dependency: Bug - did not call instance_notify_deleted when freeing.
   at: ~Dependency (servers/rendering/storage/utilities.cpp:56)
WARNING: Leaked instance dependency: Bug - did not call instance_notify_deleted when freeing.
   at: ~Dependency (servers/rendering/storage/utilities.cpp:56)
WARNING: Leaked instance dependency: Bug - did not call instance_notify_deleted when freeing.
   at: ~Dependency (servers/rendering/storage/utilities.cpp:56)
WARNING: Leaked instance dependency: Bug - did not call instance_notify_deleted when freeing.
   at: ~Dependency (servers/rendering/storage/utilities.cpp:56)
WARNING: Leaked instance dependency: Bug - did not call instance_notify_deleted when freeing.
   at: ~Dependency (servers/rendering/storage/utilities.cpp:56)
WARNING: Leaked instance dependency: Bug - did not call instance_notify_deleted when freeing.
   at: ~Dependency (servers/rendering/storage/utilities.cpp:56)
WARNING: Leaked instance dependency: Bug - did not call instance_notify_deleted when freeing.
   at: ~Dependency (servers/rendering/storage/utilities.cpp:56)
WARNING: Leaked instance dependency: Bug - did not call instance_notify_deleted when freeing.
   at: ~Dependency (servers/rendering/storage/utilities.cpp:56)
WARNING: Leaked instance dependency: Bug - did not call instance_notify_deleted when freeing.
   at: ~Dependency (servers/rendering/storage/utilities.cpp:56)
WARNING: Leaked instance dependency: Bug - did not call instance_notify_deleted when freeing.
   at: ~Dependency (servers/rendering/storage/utilities.cpp:56)
WARNING: Leaked instance dependency: Bug - did not call instance_notify_deleted when freeing.
   at: ~Dependency (servers/rendering/storage/utilities.cpp:56)
WARNING: Leaked instance dependency: Bug - did not call instance_notify_deleted when freeing.
   at: ~Dependency (servers/rendering/storage/utilities.cpp:56)
WARNING: Leaked instance dependency: Bug - did not call instance_notify_deleted when freeing.
   at: ~Dependency (servers/rendering/storage/utilities.cpp:56)
WARNING: Leaked instance dependency: Bug - did not call instance_notify_deleted when freeing.
   at: ~Dependency (servers/rendering/storage/utilities.cpp:56)
WARNING: Leaked instance dependency: Bug - did not call instance_notify_deleted when freeing.
   at: ~Dependency (servers/rendering/storage/utilities.cpp:56)
WARNING: Leaked instance dependency: Bug - did not call instance_notify_deleted when freeing.
   at: ~Dependency (servers/rendering/storage/utilities.cpp:56)
WARNING: Leaked instance dependency: Bug - did not call instance_notify_deleted when freeing.
   at: ~Dependency (servers/rendering/storage/utilities.cpp:56)
WARNING: Leaked instance dependency: Bug - did not call instance_notify_deleted when freeing.
   at: ~Dependency (servers/rendering/storage/utilities.cpp:56)
WARNING: Leaked instance dependency: Bug - did not call instance_notify_deleted when freeing.
   at: ~Dependency (servers/rendering/storage/utilities.cpp:56)
WARNING: Leaked instance dependency: Bug - did not call instance_notify_deleted when freeing.
   at: ~Dependency (servers/rendering/storage/utilities.cpp:56)
WARNING: Leaked instance dependency: Bug - did not call instance_notify_deleted when freeing.
   at: ~Dependency (servers/rendering/storage/utilities.cpp:56)
WARNING: Leaked instance dependency: Bug - did not call instance_notify_deleted when freeing.
   at: ~Dependency (servers/rendering/storage/utilities.cpp:56)
WARNING: Leaked instance dependency: Bug - did not call instance_notify_deleted when freeing.
   at: ~Dependency (servers/rendering/storage/utilities.cpp:56)
WARNING: Leaked instance dependency: Bug - did not call instance_notify_deleted when freeing.
   at: ~Dependency (servers/rendering/storage/utilities.cpp:56)
WARNING: Leaked instance dependency: Bug - did not call instance_notify_deleted when freeing.
   at: ~Dependency (servers/rendering/storage/utilities.cpp:56)
WARNING: Leaked instance dependency: Bug - did not call instance_notify_deleted when freeing.
   at: ~Dependency (servers/rendering/storage/utilities.cpp:56)
WARNING: Leaked instance dependency: Bug - did not call instance_notify_deleted when freeing.
   at: ~Dependency (servers/rendering/storage/utilities.cpp:56)
WARNING: Leaked instance dependency: Bug - did not call instance_notify_deleted when freeing.
   at: ~Dependency (servers/rendering/storage/utilities.cpp:56)
WARNING: Leaked instance dependency: Bug - did not call instance_notify_deleted when freeing.
   at: ~Dependency (servers/rendering/storage/utilities.cpp:56)
WARNING: Leaked instance dependency: Bug - did not call instance_notify_deleted when freeing.
   at: ~Dependency (servers/rendering/storage/utilities.cpp:56)
WARNING: Leaked instance dependency: Bug - did not call instance_notify_deleted when freeing.
   at: ~Dependency (servers/rendering/storage/utilities.cpp:56)
WARNING: Leaked instance dependency: Bug - did not call instance_notify_deleted when freeing.
   at: ~Dependency (servers/rendering/storage/utilities.cpp:56)
WARNING: Leaked instance dependency: Bug - did not call instance_notify_deleted when freeing.
   at: ~Dependency (servers/rendering/storage/utilities.cpp:56)
WARNING: Leaked instance dependency: Bug - did not call instance_notify_deleted when freeing.
   at: ~Dependency (servers/rendering/storage/utilities.cpp:56)
WARNING: Leaked instance dependency: Bug - did not call instance_notify_deleted when freeing.
   at: ~Dependency (servers/rendering/storage/utilities.cpp:56)
WARNING: Leaked instance dependency: Bug - did not call instance_notify_deleted when freeing.
   at: ~Dependency (servers/rendering/storage/utilities.cpp:56)
WARNING: Leaked instance dependency: Bug - did not call instance_notify_deleted when freeing.
   at: ~Dependency (servers/rendering/storage/utilities.cpp:56)
WARNING: Leaked instance dependency: Bug - did not call instance_notify_deleted when freeing.
   at: ~Dependency (servers/rendering/storage/utilities.cpp:56)
WARNING: Leaked instance dependency: Bug - did not call instance_notify_deleted when freeing.
   at: ~Dependency (servers/rendering/storage/utilities.cpp:56)
WARNING: Leaked instance dependency: Bug - did not call instance_notify_deleted when freeing.
   at: ~Dependency (servers/rendering/storage/utilities.cpp:56)
WARNING: Leaked instance dependency: Bug - did not call instance_notify_deleted when freeing.
   at: ~Dependency (servers/rendering/storage/utilities.cpp:56)
WARNING: Leaked instance dependency: Bug - did not call instance_notify_deleted when freeing.
   at: ~Dependency (servers/rendering/storage/utilities.cpp:56)
WARNING: Leaked instance dependency: Bug - did not call instance_notify_deleted when freeing.
   at: ~Dependency (servers/rendering/storage/utilities.cpp:56)
WARNING: Leaked instance dependency: Bug - did not call instance_notify_deleted when freeing.
   at: ~Dependency (servers/rendering/storage/utilities.cpp:56)
WARNING: Leaked instance dependency: Bug - did not call instance_notify_deleted when freeing.
   at: ~Dependency (servers/rendering/storage/utilities.cpp:56)
WARNING: Leaked instance dependency: Bug - did not call instance_notify_deleted when freeing.
   at: ~Dependency (servers/rendering/storage/utilities.cpp:56)
WARNING: Leaked instance dependency: Bug - did not call instance_notify_deleted when freeing.
   at: ~Dependency (servers/rendering/storage/utilities.cpp:56)
WARNING: Leaked instance dependency: Bug - did not call instance_notify_deleted when freeing.
   at: ~Dependency (servers/rendering/storage/utilities.cpp:56)
WARNING: Leaked instance dependency: Bug - did not call instance_notify_deleted when freeing.
   at: ~Dependency (servers/rendering/storage/utilities.cpp:56)
WARNING: Leaked instance dependency: Bug - did not call instance_notify_deleted when freeing.
   at: ~Dependency (servers/rendering/storage/utilities.cpp:56)
WARNING: Leaked instance dependency: Bug - did not call instance_notify_deleted when freeing.
   at: ~Dependency (servers/rendering/storage/utilities.cpp:56)
WARNING: Leaked instance dependency: Bug - did not call instance_notify_deleted when freeing.
   at: ~Dependency (servers/rendering/storage/utilities.cpp:56)
WARNING: Leaked instance dependency: Bug - did not call instance_notify_deleted when freeing.
   at: ~Dependency (servers/rendering/storage/utilities.cpp:56)
WARNING: Leaked instance dependency: Bug - did not call instance_notify_deleted when freeing.
   at: ~Dependency (servers/rendering/storage/utilities.cpp:56)
WARNING: Leaked instance dependency: Bug - did not call instance_notify_deleted when freeing.
   at: ~Dependency (servers/rendering/storage/utilities.cpp:56)
WARNING: Leaked instance dependency: Bug - did not call instance_notify_deleted when freeing.
   at: ~Dependency (servers/rendering/storage/utilities.cpp:56)
WARNING: Leaked instance dependency: Bug - did not call instance_notify_deleted when freeing.
   at: ~Dependency (servers/rendering/storage/utilities.cpp:56)
WARNING: Leaked instance dependency: Bug - did not call instance_notify_deleted when freeing.
   at: ~Dependency (servers/rendering/storage/utilities.cpp:56)
WARNING: Leaked instance dependency: Bug - did not call instance_notify_deleted when freeing.
   at: ~Dependency (servers/rendering/storage/utilities.cpp:56)
WARNING: Leaked instance dependency: Bug - did not call instance_notify_deleted when freeing.
   at: ~Dependency (servers/rendering/storage/utilities.cpp:56)
WARNING: Leaked instance dependency: Bug - did not call instance_notify_deleted when freeing.
   at: ~Dependency (servers/rendering/storage/utilities.cpp:56)
WARNING: Leaked instance dependency: Bug - did not call instance_notify_deleted when freeing.
   at: ~Dependency (servers/rendering/storage/utilities.cpp:56)
WARNING: Leaked instance dependency: Bug - did not call instance_notify_deleted when freeing.
   at: ~Dependency (servers/rendering/storage/utilities.cpp:56)
WARNING: Leaked instance dependency: Bug - did not call instance_notify_deleted when freeing.
   at: ~Dependency (servers/rendering/storage/utilities.cpp:56)
WARNING: Leaked instance dependency: Bug - did not call instance_notify_deleted when freeing.
   at: ~Dependency (servers/rendering/storage/utilities.cpp:56)
WARNING: Leaked instance dependency: Bug - did not call instance_notify_deleted when freeing.
   at: ~Dependency (servers/rendering/storage/utilities.cpp:56)
WARNING: Leaked instance dependency: Bug - did not call instance_notify_deleted when freeing.
   at: ~Dependency (servers/rendering/storage/utilities.cpp:56)
WARNING: Leaked instance dependency: Bug - did not call instance_notify_deleted when freeing.
   at: ~Dependency (servers/rendering/storage/utilities.cpp:56)
WARNING: Leaked instance dependency: Bug - did not call instance_notify_deleted when freeing.
   at: ~Dependency (servers/rendering/storage/utilities.cpp:56)
WARNING: Leaked instance dependency: Bug - did not call instance_notify_deleted when freeing.
   at: ~Dependency (servers/rendering/storage/utilities.cpp:56)
WARNING: Leaked instance dependency: Bug - did not call instance_notify_deleted when freeing.
   at: ~Dependency (servers/rendering/storage/utilities.cpp:56)
WARNING: Leaked instance dependency: Bug - did not call instance_notify_deleted when freeing.
   at: ~Dependency (servers/rendering/storage/utilities.cpp:56)
WARNING: Leaked instance dependency: Bug - did not call instance_notify_deleted when freeing.
   at: ~Dependency (servers/rendering/storage/utilities.cpp:56)
WARNING: Leaked instance dependency: Bug - did not call instance_notify_deleted when freeing.
   at: ~Dependency (servers/rendering/storage/utilities.cpp:56)
WARNING: Leaked instance dependency: Bug - did not call instance_notify_deleted when freeing.
   at: ~Dependency (servers/rendering/storage/utilities.cpp:56)
WARNING: Leaked instance dependency: Bug - did not call instance_notify_deleted when freeing.
   at: ~Dependency (servers/rendering/storage/utilities.cpp:56)
WARNING: Leaked instance dependency: Bug - did not call instance_notify_deleted when freeing.
   at: ~Dependency (servers/rendering/storage/utilities.cpp:56)
WARNING: Leaked instance dependency: Bug - did not call instance_notify_deleted when freeing.
   at: ~Dependency (servers/rendering/storage/utilities.cpp:56)
WARNING: Leaked instance dependency: Bug - did not call instance_notify_deleted when freeing.
   at: ~Dependency (servers/rendering/storage/utilities.cpp:56)
WARNING: Leaked instance dependency: Bug - did not call instance_notify_deleted when freeing.
   at: ~Dependency (servers/rendering/storage/utilities.cpp:56)
WARNING: Leaked instance dependency: Bug - did not call instance_notify_deleted when freeing.
   at: ~Dependency (servers/rendering/storage/utilities.cpp:56)
WARNING: Leaked instance dependency: Bug - did not call instance_notify_deleted when freeing.
   at: ~Dependency (servers/rendering/storage/utilities.cpp:56)
WARNING: Leaked instance dependency: Bug - did not call instance_notify_deleted when freeing.
   at: ~Dependency (servers/rendering/storage/utilities.cpp:56)
WARNING: Leaked instance dependency: Bug - did not call instance_notify_deleted when freeing.
   at: ~Dependency (servers/rendering/storage/utilities.cpp:56)
WARNING: Leaked instance dependency: Bug - did not call instance_notify_deleted when freeing.
   at: ~Dependency (servers/rendering/storage/utilities.cpp:56)
WARNING: Leaked instance dependency: Bug - did not call instance_notify_deleted when freeing.
   at: ~Dependency (servers/rendering/storage/utilities.cpp:56)
WARNING: Leaked instance dependency: Bug - did not call instance_notify_deleted when freeing.
   at: ~Dependency (servers/rendering/storage/utilities.cpp:56)
WARNING: Leaked instance dependency: Bug - did not call instance_notify_deleted when freeing.
   at: ~Dependency (servers/rendering/storage/utilities.cpp:56)
WARNING: Leaked instance dependency: Bug - did not call instance_notify_deleted when freeing.
   at: ~Dependency (servers/rendering/storage/utilities.cpp:56)
WARNING: Leaked instance dependency: Bug - did not call instance_notify_deleted when freeing.
   at: ~Dependency (servers/rendering/storage/utilities.cpp:56)
WARNING: Leaked instance dependency: Bug - did not call instance_notify_deleted when freeing.
   at: ~Dependency (servers/rendering/storage/utilities.cpp:56)
WARNING: Leaked instance dependency: Bug - did not call instance_notify_deleted when freeing.
   at: ~Dependency (servers/rendering/storage/utilities.cpp:56)
WARNING: Leaked instance dependency: Bug - did not call instance_notify_deleted when freeing.
   at: ~Dependency (servers/rendering/storage/utilities.cpp:56)
WARNING: Leaked instance dependency: Bug - did not call instance_notify_deleted when freeing.
   at: ~Dependency (servers/rendering/storage/utilities.cpp:56)
WARNING: Leaked instance dependency: Bug - did not call instance_notify_deleted when freeing.
   at: ~Dependency (servers/rendering/storage/utilities.cpp:56)
WARNING: Leaked instance dependency: Bug - did not call instance_notify_deleted when freeing.
   at: ~Dependency (servers/rendering/storage/utilities.cpp:56)
WARNING: Leaked instance dependency: Bug - did not call instance_notify_deleted when freeing.
   at: ~Dependency (servers/rendering/storage/utilities.cpp:56)
WARNING: Leaked instance dependency: Bug - did not call instance_notify_deleted when freeing.
   at: ~Dependency (servers/rendering/storage/utilities.cpp:56)
WARNING: Leaked instance dependency: Bug - did not call instance_notify_deleted when freeing.
   at: ~Dependency (servers/rendering/storage/utilities.cpp:56)
WARNING: Leaked instance dependency: Bug - did not call instance_notify_deleted when freeing.
   at: ~Dependency (servers/rendering/storage/utilities.cpp:56)
WARNING: Leaked instance dependency: Bug - did not call instance_notify_deleted when freeing.
   at: ~Dependency (servers/rendering/storage/utilities.cpp:56)
WARNING: Leaked instance dependency: Bug - did not call instance_notify_deleted when freeing.
   at: ~Dependency (servers/rendering/storage/utilities.cpp:56)
WARNING: Leaked instance dependency: Bug - did not call instance_notify_deleted when freeing.
   at: ~Dependency (servers/rendering/storage/utilities.cpp:56)
WARNING: Leaked instance dependency: Bug - did not call instance_notify_deleted when freeing.
   at: ~Dependency (servers/rendering/storage/utilities.cpp:56)
WARNING: Leaked instance dependency: Bug - did not call instance_notify_deleted when freeing.
   at: ~Dependency (servers/rendering/storage/utilities.cpp:56)
WARNING: Leaked instance dependency: Bug - did not call instance_notify_deleted when freeing.
   at: ~Dependency (servers/rendering/storage/utilities.cpp:56)
WARNING: Leaked instance dependency: Bug - did not call instance_notify_deleted when freeing.
   at: ~Dependency (servers/rendering/storage/utilities.cpp:56)
WARNING: Leaked instance dependency: Bug - did not call instance_notify_deleted when freeing.
   at: ~Dependency (servers/rendering/storage/utilities.cpp:56)
WARNING: Leaked instance dependency: Bug - did not call instance_notify_deleted when freeing.
   at: ~Dependency (servers/rendering/storage/utilities.cpp:56)
WARNING: Leaked instance dependency: Bug - did not call instance_notify_deleted when freeing.
   at: ~Dependency (servers/rendering/storage/utilities.cpp:56)
WARNING: Leaked instance dependency: Bug - did not call instance_notify_deleted when freeing.
   at: ~Dependency (servers/rendering/storage/utilities.cpp:56)
WARNING: Leaked instance dependency: Bug - did not call instance_notify_deleted when freeing.
   at: ~Dependency (servers/rendering/storage/utilities.cpp:56)
WARNING: Leaked instance dependency: Bug - did not call instance_notify_deleted when freeing.
   at: ~Dependency (servers/rendering/storage/utilities.cpp:56)
WARNING: Leaked instance dependency: Bug - did not call instance_notify_deleted when freeing.
   at: ~Dependency (servers/rendering/storage/utilities.cpp:56)
WARNING: Leaked instance dependency: Bug - did not call instance_notify_deleted when freeing.
   at: ~Dependency (servers/rendering/storage/utilities.cpp:56)
WARNING: Leaked instance dependency: Bug - did not call instance_notify_deleted when freeing.
   at: ~Dependency (servers/rendering/storage/utilities.cpp:56)
WARNING: Leaked instance dependency: Bug - did not call instance_notify_deleted when freeing.
   at: ~Dependency (servers/rendering/storage/utilities.cpp:56)
WARNING: Leaked instance dependency: Bug - did not call instance_notify_deleted when freeing.
   at: ~Dependency (servers/rendering/storage/utilities.cpp:56)
WARNING: Leaked instance dependency: Bug - did not call instance_notify_deleted when freeing.
   at: ~Dependency (servers/rendering/storage/utilities.cpp:56)
WARNING: Leaked instance dependency: Bug - did not call instance_notify_deleted when freeing.
   at: ~Dependency (servers/rendering/storage/utilities.cpp:56)
WARNING: Leaked instance dependency: Bug - did not call instance_notify_deleted when freeing.
   at: ~Dependency (servers/rendering/storage/utilities.cpp:56)
WARNING: Leaked instance dependency: Bug - did not call instance_notify_deleted when freeing.
   at: ~Dependency (servers/rendering/storage/utilities.cpp:56)
WARNING: Leaked instance dependency: Bug - did not call instance_notify_deleted when freeing.
   at: ~Dependency (servers/rendering/storage/utilities.cpp:56)
WARNING: Leaked instance dependency: Bug - did not call instance_notify_deleted when freeing.
   at: ~Dependency (servers/rendering/storage/utilities.cpp:56)
WARNING: Leaked instance dependency: Bug - did not call instance_notify_deleted when freeing.
   at: ~Dependency (servers/rendering/storage/utilities.cpp:56)
WARNING: Leaked instance dependency: Bug - did not call instance_notify_deleted when freeing.
   at: ~Dependency (servers/rendering/storage/utilities.cpp:56)
WARNING: Leaked instance dependency: Bug - did not call instance_notify_deleted when freeing.
   at: ~Dependency (servers/rendering/storage/utilities.cpp:56)
WARNING: Leaked instance dependency: Bug - did not call instance_notify_deleted when freeing.
   at: ~Dependency (servers/rendering/storage/utilities.cpp:56)
WARNING: Leaked instance dependency: Bug - did not call instance_notify_deleted when freeing.
   at: ~Dependency (servers/rendering/storage/utilities.cpp:56)
WARNING: Leaked instance dependency: Bug - did not call instance_notify_deleted when freeing.
   at: ~Dependency (servers/rendering/storage/utilities.cpp:56)
WARNING: Leaked instance dependency: Bug - did not call instance_notify_deleted when freeing.
   at: ~Dependency (servers/rendering/storage/utilities.cpp:56)
WARNING: Leaked instance dependency: Bug - did not call instance_notify_deleted when freeing.
   at: ~Dependency (servers/rendering/storage/utilities.cpp:56)
WARNING: Leaked instance dependency: Bug - did not call instance_notify_deleted when freeing.
   at: ~Dependency (servers/rendering/storage/utilities.cpp:56)
WARNING: Leaked instance dependency: Bug - did not call instance_notify_deleted when freeing.
   at: ~Dependency (servers/rendering/storage/utilities.cpp:56)
WARNING: Leaked instance dependency: Bug - did not call instance_notify_deleted when freeing.
   at: ~Dependency (servers/rendering/storage/utilities.cpp:56)
WARNING: Leaked instance dependency: Bug - did not call instance_notify_deleted when freeing.
   at: ~Dependency (servers/rendering/storage/utilities.cpp:56)
WARNING: Leaked instance dependency: Bug - did not call instance_notify_deleted when freeing.
   at: ~Dependency (servers/rendering/storage/utilities.cpp:56)
WARNING: Leaked instance dependency: Bug - did not call instance_notify_deleted when freeing.
   at: ~Dependency (servers/rendering/storage/utilities.cpp:56)
WARNING: Leaked instance dependency: Bug - did not call instance_notify_deleted when freeing.
   at: ~Dependency (servers/rendering/storage/utilities.cpp:56)
WARNING: Leaked instance dependency: Bug - did not call instance_notify_deleted when freeing.
   at: ~Dependency (servers/rendering/storage/utilities.cpp:56)
WARNING: Leaked instance dependency: Bug - did not call instance_notify_deleted when freeing.
   at: ~Dependency (servers/rendering/storage/utilities.cpp:56)
WARNING: Leaked instance dependency: Bug - did not call instance_notify_deleted when freeing.
   at: ~Dependency (servers/rendering/storage/utilities.cpp:56)
WARNING: Leaked instance dependency: Bug - did not call instance_notify_deleted when freeing.
   at: ~Dependency (servers/rendering/storage/utilities.cpp:56)
WARNING: Leaked instance dependency: Bug - did not call instance_notify_deleted when freeing.
   at: ~Dependency (servers/rendering/storage/utilities.cpp:56)
WARNING: Leaked instance dependency: Bug - did not call instance_notify_deleted when freeing.
   at: ~Dependency (servers/rendering/storage/utilities.cpp:56)
WARNING: Leaked instance dependency: Bug - did not call instance_notify_deleted when freeing.
   at: ~Dependency (servers/rendering/storage/utilities.cpp:56)
WARNING: Leaked instance dependency: Bug - did not call instance_notify_deleted when freeing.
   at: ~Dependency (servers/rendering/storage/utilities.cpp:56)
WARNING: Leaked instance dependency: Bug - did not call instance_notify_deleted when freeing.
   at: ~Dependency (servers/rendering/storage/utilities.cpp:56)
WARNING: Leaked instance dependency: Bug - did not call instance_notify_deleted when freeing.
   at: ~Dependency (servers/rendering/storage/utilities.cpp:56)
WARNING: Leaked instance dependency: Bug - did not call instance_notify_deleted when freeing.
   at: ~Dependency (servers/rendering/storage/utilities.cpp:56)
WARNING: Leaked instance dependency: Bug - did not call instance_notify_deleted when freeing.
   at: ~Dependency (servers/rendering/storage/utilities.cpp:56)
WARNING: Leaked instance dependency: Bug - did not call instance_notify_deleted when freeing.
   at: ~Dependency (servers/rendering/storage/utilities.cpp:56)
WARNING: Leaked instance dependency: Bug - did not call instance_notify_deleted when freeing.
   at: ~Dependency (servers/rendering/storage/utilities.cpp:56)
WARNING: Leaked instance dependency: Bug - did not call instance_notify_deleted when freeing.
   at: ~Dependency (servers/rendering/storage/utilities.cpp:56)
WARNING: Leaked instance dependency: Bug - did not call instance_notify_deleted when freeing.
   at: ~Dependency (servers/rendering/storage/utilities.cpp:56)
WARNING: Leaked instance dependency: Bug - did not call instance_notify_deleted when freeing.
   at: ~Dependency (servers/rendering/storage/utilities.cpp:56)
WARNING: Leaked instance dependency: Bug - did not call instance_notify_deleted when freeing.
   at: ~Dependency (servers/rendering/storage/utilities.cpp:56)
WARNING: Leaked instance dependency: Bug - did not call instance_notify_deleted when freeing.
   at: ~Dependency (servers/rendering/storage/utilities.cpp:56)
WARNING: Leaked instance dependency: Bug - did not call instance_notify_deleted when freeing.
   at: ~Dependency (servers/rendering/storage/utilities.cpp:56)
WARNING: Leaked instance dependency: Bug - did not call instance_notify_deleted when freeing.
   at: ~Dependency (servers/rendering/storage/utilities.cpp:56)
WARNING: Leaked instance dependency: Bug - did not call instance_notify_deleted when freeing.
   at: ~Dependency (servers/rendering/storage/utilities.cpp:56)
WARNING: Leaked instance dependency: Bug - did not call instance_notify_deleted when freeing.
   at: ~Dependency (servers/rendering/storage/utilities.cpp:56)
WARNING: Leaked instance dependency: Bug - did not call instance_notify_deleted when freeing.
   at: ~Dependency (servers/rendering/storage/utilities.cpp:56)
WARNING: Leaked instance dependency: Bug - did not call instance_notify_deleted when freeing.
   at: ~Dependency (servers/rendering/storage/utilities.cpp:56)
WARNING: Leaked instance dependency: Bug - did not call instance_notify_deleted when freeing.
   at: ~Dependency (servers/rendering/storage/utilities.cpp:56)
WARNING: Leaked instance dependency: Bug - did not call instance_notify_deleted when freeing.
   at: ~Dependency (servers/rendering/storage/utilities.cpp:56)
WARNING: Leaked instance dependency: Bug - did not call instance_notify_deleted when freeing.
   at: ~Dependency (servers/rendering/storage/utilities.cpp:56)
WARNING: Leaked instance dependency: Bug - did not call instance_notify_deleted when freeing.
   at: ~Dependency (servers/rendering/storage/utilities.cpp:56)
WARNING: Leaked instance dependency: Bug - did not call instance_notify_deleted when freeing.
   at: ~Dependency (servers/rendering/storage/utilities.cpp:56)
WARNING: Leaked instance dependency: Bug - did not call instance_notify_deleted when freeing.
   at: ~Dependency (servers/rendering/storage/utilities.cpp:56)
WARNING: Leaked instance dependency: Bug - did not call instance_notify_deleted when freeing.
   at: ~Dependency (servers/rendering/storage/utilities.cpp:56)
WARNING: Leaked instance dependency: Bug - did not call instance_notify_deleted when freeing.
   at: ~Dependency (servers/rendering/storage/utilities.cpp:56)
WARNING: Leaked instance dependency: Bug - did not call instance_notify_deleted when freeing.
   at: ~Dependency (servers/rendering/storage/utilities.cpp:56)
WARNING: Leaked instance dependency: Bug - did not call instance_notify_deleted when freeing.
   at: ~Dependency (servers/rendering/storage/utilities.cpp:56)
WARNING: Leaked instance dependency: Bug - did not call instance_notify_deleted when freeing.
   at: ~Dependency (servers/rendering/storage/utilities.cpp:56)
WARNING: Leaked instance dependency: Bug - did not call instance_notify_deleted when freeing.
   at: ~Dependency (servers/rendering/storage/utilities.cpp:56)
WARNING: Leaked instance dependency: Bug - did not call instance_notify_deleted when freeing.
   at: ~Dependency (servers/rendering/storage/utilities.cpp:56)
WARNING: Leaked instance dependency: Bug - did not call instance_notify_deleted when freeing.
   at: ~Dependency (servers/rendering/storage/utilities.cpp:56)
WARNING: Leaked instance dependency: Bug - did not call instance_notify_deleted when freeing.
   at: ~Dependency (servers/rendering/storage/utilities.cpp:56)
WARNING: Leaked instance dependency: Bug - did not call instance_notify_deleted when freeing.
   at: ~Dependency (servers/rendering/storage/utilities.cpp:56)
WARNING: Leaked instance dependency: Bug - did not call instance_notify_deleted when freeing.
   at: ~Dependency (servers/rendering/storage/utilities.cpp:56)
WARNING: Leaked instance dependency: Bug - did not call instance_notify_deleted when freeing.
   at: ~Dependency (servers/rendering/storage/utilities.cpp:56)
WARNING: Leaked instance dependency: Bug - did not call instance_notify_deleted when freeing.
   at: ~Dependency (servers/rendering/storage/utilities.cpp:56)
WARNING: Leaked instance dependency: Bug - did not call instance_notify_deleted when freeing.
   at: ~Dependency (servers/rendering/storage/utilities.cpp:56)
WARNING: Leaked instance dependency: Bug - did not call instance_notify_deleted when freeing.
   at: ~Dependency (servers/rendering/storage/utilities.cpp:56)
WARNING: Leaked instance dependency: Bug - did not call instance_notify_deleted when freeing.
   at: ~Dependency (servers/rendering/storage/utilities.cpp:56)
WARNING: Leaked instance dependency: Bug - did not call instance_notify_deleted when freeing.
   at: ~Dependency (servers/rendering/storage/utilities.cpp:56)
WARNING: Leaked instance dependency: Bug - did not call instance_notify_deleted when freeing.
   at: ~Dependency (servers/rendering/storage/utilities.cpp:56)
WARNING: Leaked instance dependency: Bug - did not call instance_notify_deleted when freeing.
   at: ~Dependency (servers/rendering/storage/utilities.cpp:56)
WARNING: Leaked instance dependency: Bug - did not call instance_notify_deleted when freeing.
   at: ~Dependency (servers/rendering/storage/utilities.cpp:56)
WARNING: Leaked instance dependency: Bug - did not call instance_notify_deleted when freeing.
   at: ~Dependency (servers/rendering/storage/utilities.cpp:56)
WARNING: Leaked instance dependency: Bug - did not call instance_notify_deleted when freeing.
   at: ~Dependency (servers/rendering/storage/utilities.cpp:56)
WARNING: Leaked instance dependency: Bug - did not call instance_notify_deleted when freeing.
   at: ~Dependency (servers/rendering/storage/utilities.cpp:56)
WARNING: Leaked instance dependency: Bug - did not call instance_notify_deleted when freeing.
   at: ~Dependency (servers/rendering/storage/utilities.cpp:56)
WARNING: Leaked instance dependency: Bug - did not call instance_notify_deleted when freeing.
   at: ~Dependency (servers/rendering/storage/utilities.cpp:56)
WARNING: Leaked instance dependency: Bug - did not call instance_notify_deleted when freeing.
   at: ~Dependency (servers/rendering/storage/utilities.cpp:56)
WARNING: Leaked instance dependency: Bug - did not call instance_notify_deleted when freeing.
   at: ~Dependency (servers/rendering/storage/utilities.cpp:56)
WARNING: Leaked instance dependency: Bug - did not call instance_notify_deleted when freeing.
   at: ~Dependency (servers/rendering/storage/utilities.cpp:56)
WARNING: Leaked instance dependency: Bug - did not call instance_notify_deleted when freeing.
   at: ~Dependency (servers/rendering/storage/utilities.cpp:56)
WARNING: Leaked instance dependency: Bug - did not call instance_notify_deleted when freeing.
   at: ~Dependency (servers/rendering/storage/utilities.cpp:56)
WARNING: Leaked instance dependency: Bug - did not call instance_notify_deleted when freeing.
   at: ~Dependency (servers/rendering/storage/utilities.cpp:56)
WARNING: Leaked instance dependency: Bug - did not call instance_notify_deleted when freeing.
   at: ~Dependency (servers/rendering/storage/utilities.cpp:56)
WARNING: Leaked instance dependency: Bug - did not call instance_notify_deleted when freeing.
   at: ~Dependency (servers/rendering/storage/utilities.cpp:56)
WARNING: Leaked instance dependency: Bug - did not call instance_notify_deleted when freeing.
   at: ~Dependency (servers/rendering/storage/utilities.cpp:56)
WARNING: Leaked instance dependency: Bug - did not call instance_notify_deleted when freeing.
   at: ~Dependency (servers/rendering/storage/utilities.cpp:56)
WARNING: Leaked instance dependency: Bug - did not call instance_notify_deleted when freeing.
   at: ~Dependency (servers/rendering/storage/utilities.cpp:56)
WARNING: Leaked instance dependency: Bug - did not call instance_notify_deleted when freeing.
   at: ~Dependency (servers/rendering/storage/utilities.cpp:56)
WARNING: Leaked instance dependency: Bug - did not call instance_notify_deleted when freeing.
   at: ~Dependency (servers/rendering/storage/utilities.cpp:56)
WARNING: Leaked instance dependency: Bug - did not call instance_notify_deleted when freeing.
   at: ~Dependency (servers/rendering/storage/utilities.cpp:56)
WARNING: Leaked instance dependency: Bug - did not call instance_notify_deleted when freeing.
   at: ~Dependency (servers/rendering/storage/utilities.cpp:56)
WARNING: Leaked instance dependency: Bug - did not call instance_notify_deleted when freeing.
   at: ~Dependency (servers/rendering/storage/utilities.cpp:56)
WARNING: Leaked instance dependency: Bug - did not call instance_notify_deleted when freeing.
   at: ~Dependency (servers/rendering/storage/utilities.cpp:56)
WARNING: Leaked instance dependency: Bug - did not call instance_notify_deleted when freeing.
   at: ~Dependency (servers/rendering/storage/utilities.cpp:56)
WARNING: Leaked instance dependency: Bug - did not call instance_notify_deleted when freeing.
   at: ~Dependency (servers/rendering/storage/utilities.cpp:56)
WARNING: Leaked instance dependency: Bug - did not call instance_notify_deleted when freeing.
   at: ~Dependency (servers/rendering/storage/utilities.cpp:56)
WARNING: Leaked instance dependency: Bug - did not call instance_notify_deleted when freeing.
   at: ~Dependency (servers/rendering/storage/utilities.cpp:56)
WARNING: Leaked instance dependency: Bug - did not call instance_notify_deleted when freeing.
   at: ~Dependency (servers/rendering/storage/utilities.cpp:56)
WARNING: Leaked instance dependency: Bug - did not call instance_notify_deleted when freeing.
   at: ~Dependency (servers/rendering/storage/utilities.cpp:56)
WARNING: Leaked instance dependency: Bug - did not call instance_notify_deleted when freeing.
   at: ~Dependency (servers/rendering/storage/utilities.cpp:56)
WARNING: Leaked instance dependency: Bug - did not call instance_notify_deleted when freeing.
   at: ~Dependency (servers/rendering/storage/utilities.cpp:56)
WARNING: Leaked instance dependency: Bug - did not call instance_notify_deleted when freeing.
   at: ~Dependency (servers/rendering/storage/utilities.cpp:56)
WARNING: Leaked instance dependency: Bug - did not call instance_notify_deleted when freeing.
   at: ~Dependency (servers/rendering/storage/utilities.cpp:56)
WARNING: Leaked instance dependency: Bug - did not call instance_notify_deleted when freeing.
   at: ~Dependency (servers/rendering/storage/utilities.cpp:56)
WARNING: Leaked instance dependency: Bug - did not call instance_notify_deleted when freeing.
   at: ~Dependency (servers/rendering/storage/utilities.cpp:56)
WARNING: Leaked instance dependency: Bug - did not call instance_notify_deleted when freeing.
   at: ~Dependency (servers/rendering/storage/utilities.cpp:56)
WARNING: Leaked instance dependency: Bug - did not call instance_notify_deleted when freeing.
   at: ~Dependency (servers/rendering/storage/utilities.cpp:56)
WARNING: Leaked instance dependency: Bug - did not call instance_notify_deleted when freeing.
   at: ~Dependency (servers/rendering/storage/utilities.cpp:56)
WARNING: Leaked instance dependency: Bug - did not call instance_notify_deleted when freeing.
   at: ~Dependency (servers/rendering/storage/utilities.cpp:56)
WARNING: Leaked instance dependency: Bug - did not call instance_notify_deleted when freeing.
   at: ~Dependency (servers/rendering/storage/utilities.cpp:56)
WARNING: Leaked instance dependency: Bug - did not call instance_notify_deleted when freeing.
   at: ~Dependency (servers/rendering/storage/utilities.cpp:56)
WARNING: Leaked instance dependency: Bug - did not call instance_notify_deleted when freeing.
   at: ~Dependency (servers/rendering/storage/utilities.cpp:56)
WARNING: Leaked instance dependency: Bug - did not call instance_notify_deleted when freeing.
   at: ~Dependency (servers/rendering/storage/utilities.cpp:56)
WARNING: Leaked instance dependency: Bug - did not call instance_notify_deleted when freeing.
   at: ~Dependency (servers/rendering/storage/utilities.cpp:56)
WARNING: Leaked instance dependency: Bug - did not call instance_notify_deleted when freeing.
   at: ~Dependency (servers/rendering/storage/utilities.cpp:56)
WARNING: Leaked instance dependency: Bug - did not call instance_notify_deleted when freeing.
   at: ~Dependency (servers/rendering/storage/utilities.cpp:56)
WARNING: Leaked instance dependency: Bug - did not call instance_notify_deleted when freeing.
   at: ~Dependency (servers/rendering/storage/utilities.cpp:56)
WARNING: Leaked instance dependency: Bug - did not call instance_notify_deleted when freeing.
   at: ~Dependency (servers/rendering/storage/utilities.cpp:56)
WARNING: Leaked instance dependency: Bug - did not call instance_notify_deleted when freeing.
   at: ~Dependency (servers/rendering/storage/utilities.cpp:56)
WARNING: Leaked instance dependency: Bug - did not call instance_notify_deleted when freeing.
   at: ~Dependency (servers/rendering/storage/utilities.cpp:56)
WARNING: Leaked instance dependency: Bug - did not call instance_notify_deleted when freeing.
   at: ~Dependency (servers/rendering/storage/utilities.cpp:56)
WARNING: Leaked instance dependency: Bug - did not call instance_notify_deleted when freeing.
   at: ~Dependency (servers/rendering/storage/utilities.cpp:56)
WARNING: Leaked instance dependency: Bug - did not call instance_notify_deleted when freeing.
   at: ~Dependency (servers/rendering/storage/utilities.cpp:56)
WARNING: Leaked instance dependency: Bug - did not call instance_notify_deleted when freeing.
   at: ~Dependency (servers/rendering/storage/utilities.cpp:56)
WARNING: Leaked instance dependency: Bug - did not call instance_notify_deleted when freeing.
   at: ~Dependency (servers/rendering/storage/utilities.cpp:56)
WARNING: Leaked instance dependency: Bug - did not call instance_notify_deleted when freeing.
   at: ~Dependency (servers/rendering/storage/utilities.cpp:56)
WARNING: Leaked instance dependency: Bug - did not call instance_notify_deleted when freeing.
   at: ~Dependency (servers/rendering/storage/utilities.cpp:56)
WARNING: Leaked instance dependency: Bug - did not call instance_notify_deleted when freeing.
   at: ~Dependency (servers/rendering/storage/utilities.cpp:56)
WARNING: Leaked instance dependency: Bug - did not call instance_notify_deleted when freeing.
   at: ~Dependency (servers/rendering/storage/utilities.cpp:56)
WARNING: Leaked instance dependency: Bug - did not call instance_notify_deleted when freeing.
   at: ~Dependency (servers/rendering/storage/utilities.cpp:56)
WARNING: Leaked instance dependency: Bug - did not call instance_notify_deleted when freeing.
   at: ~Dependency (servers/rendering/storage/utilities.cpp:56)
WARNING: Leaked instance dependency: Bug - did not call instance_notify_deleted when freeing.
   at: ~Dependency (servers/rendering/storage/utilities.cpp:56)
WARNING: Leaked instance dependency: Bug - did not call instance_notify_deleted when freeing.
   at: ~Dependency (servers/rendering/storage/utilities.cpp:56)
WARNING: Leaked instance dependency: Bug - did not call instance_notify_deleted when freeing.
   at: ~Dependency (servers/rendering/storage/utilities.cpp:56)
WARNING: Leaked instance dependency: Bug - did not call instance_notify_deleted when freeing.
   at: ~Dependency (servers/rendering/storage/utilities.cpp:56)
WARNING: Leaked instance dependency: Bug - did not call instance_notify_deleted when freeing.
   at: ~Dependency (servers/rendering/storage/utilities.cpp:56)
WARNING: Leaked instance dependency: Bug - did not call instance_notify_deleted when freeing.
   at: ~Dependency (servers/rendering/storage/utilities.cpp:56)
WARNING: Leaked instance dependency: Bug - did not call instance_notify_deleted when freeing.
   at: ~Dependency (servers/rendering/storage/utilities.cpp:56)
WARNING: Leaked instance dependency: Bug - did not call instance_notify_deleted when freeing.
   at: ~Dependency (servers/rendering/storage/utilities.cpp:56)
WARNING: Leaked instance dependency: Bug - did not call instance_notify_deleted when freeing.
   at: ~Dependency (servers/rendering/storage/utilities.cpp:56)
WARNING: Leaked instance dependency: Bug - did not call instance_notify_deleted when freeing.
   at: ~Dependency (servers/rendering/storage/utilities.cpp:56)
WARNING: Leaked instance dependency: Bug - did not call instance_notify_deleted when freeing.
   at: ~Dependency (servers/rendering/storage/utilities.cpp:56)
WARNING: Leaked instance dependency: Bug - did not call instance_notify_deleted when freeing.
   at: ~Dependency (servers/rendering/storage/utilities.cpp:56)
WARNING: Leaked instance dependency: Bug - did not call instance_notify_deleted when freeing.
   at: ~Dependency (servers/rendering/storage/utilities.cpp:56)
WARNING: Leaked instance dependency: Bug - did not call instance_notify_deleted when freeing.
   at: ~Dependency (servers/rendering/storage/utilities.cpp:56)
WARNING: Leaked instance dependency: Bug - did not call instance_notify_deleted when freeing.
   at: ~Dependency (servers/rendering/storage/utilities.cpp:56)
WARNING: Leaked instance dependency: Bug - did not call instance_notify_deleted when freeing.
   at: ~Dependency (servers/rendering/storage/utilities.cpp:56)
WARNING: Leaked instance dependency: Bug - did not call instance_notify_deleted when freeing.
   at: ~Dependency (servers/rendering/storage/utilities.cpp:56)
WARNING: Leaked instance dependency: Bug - did not call instance_notify_deleted when freeing.
   at: ~Dependency (servers/rendering/storage/utilities.cpp:56)
WARNING: Leaked instance dependency: Bug - did not call instance_notify_deleted when freeing.
   at: ~Dependency (servers/rendering/storage/utilities.cpp:56)
WARNING: Leaked instance dependency: Bug - did not call instance_notify_deleted when freeing.
   at: ~Dependency (servers/rendering/storage/utilities.cpp:56)
WARNING: Leaked instance dependency: Bug - did not call instance_notify_deleted when freeing.
   at: ~Dependency (servers/rendering/storage/utilities.cpp:56)
WARNING: Leaked instance dependency: Bug - did not call instance_notify_deleted when freeing.
   at: ~Dependency (servers/rendering/storage/utilities.cpp:56)
WARNING: Leaked instance dependency: Bug - did not call instance_notify_deleted when freeing.
   at: ~Dependency (servers/rendering/storage/utilities.cpp:56)
WARNING: Leaked instance dependency: Bug - did not call instance_notify_deleted when freeing.
   at: ~Dependency (servers/rendering/storage/utilities.cpp:56)
WARNING: Leaked instance dependency: Bug - did not call instance_notify_deleted when freeing.
   at: ~Dependency (servers/rendering/storage/utilities.cpp:56)
WARNING: Leaked instance dependency: Bug - did not call instance_notify_deleted when freeing.
   at: ~Dependency (servers/rendering/storage/utilities.cpp:56)
WARNING: Leaked instance dependency: Bug - did not call instance_notify_deleted when freeing.
   at: ~Dependency (servers/rendering/storage/utilities.cpp:56)
WARNING: Leaked instance dependency: Bug - did not call instance_notify_deleted when freeing.
   at: ~Dependency (servers/rendering/storage/utilities.cpp:56)
WARNING: Leaked instance dependency: Bug - did not call instance_notify_deleted when freeing.
   at: ~Dependency (servers/rendering/storage/utilities.cpp:56)
WARNING: Leaked instance dependency: Bug - did not call instance_notify_deleted when freeing.
   at: ~Dependency (servers/rendering/storage/utilities.cpp:56)
WARNING: Leaked instance dependency: Bug - did not call instance_notify_deleted when freeing.
   at: ~Dependency (servers/rendering/storage/utilities.cpp:56)
WARNING: Leaked instance dependency: Bug - did not call instance_notify_deleted when freeing.
   at: ~Dependency (servers/rendering/storage/utilities.cpp:56)
WARNING: Leaked instance dependency: Bug - did not call instance_notify_deleted when freeing.
   at: ~Dependency (servers/rendering/storage/utilities.cpp:56)
WARNING: Leaked instance dependency: Bug - did not call instance_notify_deleted when freeing.
   at: ~Dependency (servers/rendering/storage/utilities.cpp:56)
WARNING: Leaked instance dependency: Bug - did not call instance_notify_deleted when freeing.
   at: ~Dependency (servers/rendering/storage/utilities.cpp:56)
WARNING: Leaked instance dependency: Bug - did not call instance_notify_deleted when freeing.
   at: ~Dependency (servers/rendering/storage/utilities.cpp:56)
WARNING: Leaked instance dependency: Bug - did not call instance_notify_deleted when freeing.
   at: ~Dependency (servers/rendering/storage/utilities.cpp:56)
WARNING: Leaked instance dependency: Bug - did not call instance_notify_deleted when freeing.
   at: ~Dependency (servers/rendering/storage/utilities.cpp:56)
WARNING: Leaked instance dependency: Bug - did not call instance_notify_deleted when freeing.
   at: ~Dependency (servers/rendering/storage/utilities.cpp:56)
WARNING: Leaked instance dependency: Bug - did not call instance_notify_deleted when freeing.
   at: ~Dependency (servers/rendering/storage/utilities.cpp:56)
WARNING: Leaked instance dependency: Bug - did not call instance_notify_deleted when freeing.
   at: ~Dependency (servers/rendering/storage/utilities.cpp:56)
WARNING: Leaked instance dependency: Bug - did not call instance_notify_deleted when freeing.
   at: ~Dependency (servers/rendering/storage/utilities.cpp:56)
WARNING: Leaked instance dependency: Bug - did not call instance_notify_deleted when freeing.
   at: ~Dependency (servers/rendering/storage/utilities.cpp:56)
WARNING: Leaked instance dependency: Bug - did not call instance_notify_deleted when freeing.
   at: ~Dependency (servers/rendering/storage/utilities.cpp:56)
WARNING: Leaked instance dependency: Bug - did not call instance_notify_deleted when freeing.
   at: ~Dependency (servers/rendering/storage/utilities.cpp:56)
WARNING: Leaked instance dependency: Bug - did not call instance_notify_deleted when freeing.
   at: ~Dependency (servers/rendering/storage/utilities.cpp:56)
WARNING: Leaked instance dependency: Bug - did not call instance_notify_deleted when freeing.
   at: ~Dependency (servers/rendering/storage/utilities.cpp:56)
WARNING: Leaked instance dependency: Bug - did not call instance_notify_deleted when freeing.
   at: ~Dependency (servers/rendering/storage/utilities.cpp:56)
WARNING: Leaked instance dependency: Bug - did not call instance_notify_deleted when freeing.
   at: ~Dependency (servers/rendering/storage/utilities.cpp:56)
WARNING: Leaked instance dependency: Bug - did not call instance_notify_deleted when freeing.
   at: ~Dependency (servers/rendering/storage/utilities.cpp:56)
WARNING: Leaked instance dependency: Bug - did not call instance_notify_deleted when freeing.
   at: ~Dependency (servers/rendering/storage/utilities.cpp:56)
WARNING: Leaked instance dependency: Bug - did not call instance_notify_deleted when freeing.
   at: ~Dependency (servers/rendering/storage/utilities.cpp:56)
WARNING: Leaked instance dependency: Bug - did not call instance_notify_deleted when freeing.
   at: ~Dependency (servers/rendering/storage/utilities.cpp:56)
WARNING: Leaked instance dependency: Bug - did not call instance_notify_deleted when freeing.
   at: ~Dependency (servers/rendering/storage/utilities.cpp:56)
WARNING: Leaked instance dependency: Bug - did not call instance_notify_deleted when freeing.
   at: ~Dependency (servers/rendering/storage/utilities.cpp:56)
WARNING: Leaked instance dependency: Bug - did not call instance_notify_deleted when freeing.
   at: ~Dependency (servers/rendering/storage/utilities.cpp:56)
WARNING: Leaked instance dependency: Bug - did not call instance_notify_deleted when freeing.
   at: ~Dependency (servers/rendering/storage/utilities.cpp:56)
WARNING: Leaked instance dependency: Bug - did not call instance_notify_deleted when freeing.
   at: ~Dependency (servers/rendering/storage/utilities.cpp:56)
WARNING: Leaked instance dependency: Bug - did not call instance_notify_deleted when freeing.
   at: ~Dependency (servers/rendering/storage/utilities.cpp:56)
WARNING: Leaked instance dependency: Bug - did not call instance_notify_deleted when freeing.
   at: ~Dependency (servers/rendering/storage/utilities.cpp:56)
WARNING: Leaked instance dependency: Bug - did not call instance_notify_deleted when freeing.
   at: ~Dependency (servers/rendering/storage/utilities.cpp:56)
WARNING: Leaked instance dependency: Bug - did not call instance_notify_deleted when freeing.
   at: ~Dependency (servers/rendering/storage/utilities.cpp:56)
WARNING: Leaked instance dependency: Bug - did not call instance_notify_deleted when freeing.
   at: ~Dependency (servers/rendering/storage/utilities.cpp:56)
WARNING: Leaked instance dependency: Bug - did not call instance_notify_deleted when freeing.
   at: ~Dependency (servers/rendering/storage/utilities.cpp:56)
WARNING: Leaked instance dependency: Bug - did not call instance_notify_deleted when freeing.
   at: ~Dependency (servers/rendering/storage/utilities.cpp:56)
WARNING: Leaked instance dependency: Bug - did not call instance_notify_deleted when freeing.
   at: ~Dependency (servers/rendering/storage/utilities.cpp:56)
WARNING: Leaked instance dependency: Bug - did not call instance_notify_deleted when freeing.
   at: ~Dependency (servers/rendering/storage/utilities.cpp:56)
WARNING: Leaked instance dependency: Bug - did not call instance_notify_deleted when freeing.
   at: ~Dependency (servers/rendering/storage/utilities.cpp:56)
WARNING: Leaked instance dependency: Bug - did not call instance_notify_deleted when freeing.
   at: ~Dependency (servers/rendering/storage/utilities.cpp:56)
WARNING: Leaked instance dependency: Bug - did not call instance_notify_deleted when freeing.
   at: ~Dependency (servers/rendering/storage/utilities.cpp:56)
WARNING: Leaked instance dependency: Bug - did not call instance_notify_deleted when freeing.
   at: ~Dependency (servers/rendering/storage/utilities.cpp:56)
WARNING: Leaked instance dependency: Bug - did not call instance_notify_deleted when freeing.
   at: ~Dependency (servers/rendering/storage/utilities.cpp:56)
WARNING: Leaked instance dependency: Bug - did not call instance_notify_deleted when freeing.
   at: ~Dependency (servers/rendering/storage/utilities.cpp:56)
WARNING: Leaked instance dependency: Bug - did not call instance_notify_deleted when freeing.
   at: ~Dependency (servers/rendering/storage/utilities.cpp:56)
WARNING: Leaked instance dependency: Bug - did not call instance_notify_deleted when freeing.
   at: ~Dependency (servers/rendering/storage/utilities.cpp:56)
WARNING: Leaked instance dependency: Bug - did not call instance_notify_deleted when freeing.
   at: ~Dependency (servers/rendering/storage/utilities.cpp:56)
WARNING: Leaked instance dependency: Bug - did not call instance_notify_deleted when freeing.
   at: ~Dependency (servers/rendering/storage/utilities.cpp:56)
WARNING: Leaked instance dependency: Bug - did not call instance_notify_deleted when freeing.
   at: ~Dependency (servers/rendering/storage/utilities.cpp:56)
WARNING: Leaked instance dependency: Bug - did not call instance_notify_deleted when freeing.
   at: ~Dependency (servers/rendering/storage/utilities.cpp:56)
WARNING: Leaked instance dependency: Bug - did not call instance_notify_deleted when freeing.
   at: ~Dependency (servers/rendering/storage/utilities.cpp:56)
WARNING: Leaked instance dependency: Bug - did not call instance_notify_deleted when freeing.
   at: ~Dependency (servers/rendering/storage/utilities.cpp:56)
WARNING: Leaked instance dependency: Bug - did not call instance_notify_deleted when freeing.
   at: ~Dependency (servers/rendering/storage/utilities.cpp:56)
WARNING: Leaked instance dependency: Bug - did not call instance_notify_deleted when freeing.
   at: ~Dependency (servers/rendering/storage/utilities.cpp:56)
WARNING: Leaked instance dependency: Bug - did not call instance_notify_deleted when freeing.
   at: ~Dependency (servers/rendering/storage/utilities.cpp:56)
WARNING: Leaked instance dependency: Bug - did not call instance_notify_deleted when freeing.
   at: ~Dependency (servers/rendering/storage/utilities.cpp:56)
WARNING: Leaked instance dependency: Bug - did not call instance_notify_deleted when freeing.
   at: ~Dependency (servers/rendering/storage/utilities.cpp:56)
WARNING: Leaked instance dependency: Bug - did not call instance_notify_deleted when freeing.
   at: ~Dependency (servers/rendering/storage/utilities.cpp:56)
WARNING: Leaked instance dependency: Bug - did not call instance_notify_deleted when freeing.
   at: ~Dependency (servers/rendering/storage/utilities.cpp:56)
WARNING: Leaked instance dependency: Bug - did not call instance_notify_deleted when freeing.
   at: ~Dependency (servers/rendering/storage/utilities.cpp:56)
WARNING: Leaked instance dependency: Bug - did not call instance_notify_deleted when freeing.
   at: ~Dependency (servers/rendering/storage/utilities.cpp:56)
WARNING: Leaked instance dependency: Bug - did not call instance_notify_deleted when freeing.
   at: ~Dependency (servers/rendering/storage/utilities.cpp:56)
WARNING: Leaked instance dependency: Bug - did not call instance_notify_deleted when freeing.
   at: ~Dependency (servers/rendering/storage/utilities.cpp:56)
WARNING: Leaked instance dependency: Bug - did not call instance_notify_deleted when freeing.
   at: ~Dependency (servers/rendering/storage/utilities.cpp:56)
WARNING: Leaked instance dependency: Bug - did not call instance_notify_deleted when freeing.
   at: ~Dependency (servers/rendering/storage/utilities.cpp:56)
WARNING: Leaked instance dependency: Bug - did not call instance_notify_deleted when freeing.
   at: ~Dependency (servers/rendering/storage/utilities.cpp:56)
WARNING: Leaked instance dependency: Bug - did not call instance_notify_deleted when freeing.
   at: ~Dependency (servers/rendering/storage/utilities.cpp:56)
WARNING: Leaked instance dependency: Bug - did not call instance_notify_deleted when freeing.
   at: ~Dependency (servers/rendering/storage/utilities.cpp:56)
WARNING: Leaked instance dependency: Bug - did not call instance_notify_deleted when freeing.
   at: ~Dependency (servers/rendering/storage/utilities.cpp:56)
WARNING: Leaked instance dependency: Bug - did not call instance_notify_deleted when freeing.
   at: ~Dependency (servers/rendering/storage/utilities.cpp:56)
WARNING: Leaked instance dependency: Bug - did not call instance_notify_deleted when freeing.
   at: ~Dependency (servers/rendering/storage/utilities.cpp:56)
WARNING: Leaked instance dependency: Bug - did not call instance_notify_deleted when freeing.
   at: ~Dependency (servers/rendering/storage/utilities.cpp:56)
WARNING: Leaked instance dependency: Bug - did not call instance_notify_deleted when freeing.
   at: ~Dependency (servers/rendering/storage/utilities.cpp:56)
WARNING: Leaked instance dependency: Bug - did not call instance_notify_deleted when freeing.
   at: ~Dependency (servers/rendering/storage/utilities.cpp:56)
WARNING: Leaked instance dependency: Bug - did not call instance_notify_deleted when freeing.
   at: ~Dependency (servers/rendering/storage/utilities.cpp:56)
WARNING: Leaked instance dependency: Bug - did not call instance_notify_deleted when freeing.
   at: ~Dependency (servers/rendering/storage/utilities.cpp:56)
WARNING: Leaked instance dependency: Bug - did not call instance_notify_deleted when freeing.
   at: ~Dependency (servers/rendering/storage/utilities.cpp:56)
WARNING: Leaked instance dependency: Bug - did not call instance_notify_deleted when freeing.
   at: ~Dependency (servers/rendering/storage/utilities.cpp:56)
WARNING: Leaked instance dependency: Bug - did not call instance_notify_deleted when freeing.
   at: ~Dependency (servers/rendering/storage/utilities.cpp:56)
WARNING: Leaked instance dependency: Bug - did not call instance_notify_deleted when freeing.
   at: ~Dependency (servers/rendering/storage/utilities.cpp:56)
WARNING: Leaked instance dependency: Bug - did not call instance_notify_deleted when freeing.
   at: ~Dependency (servers/rendering/storage/utilities.cpp:56)
WARNING: Leaked instance dependency: Bug - did not call instance_notify_deleted when freeing.
   at: ~Dependency (servers/rendering/storage/utilities.cpp:56)
WARNING: Leaked instance dependency: Bug - did not call instance_notify_deleted when freeing.
   at: ~Dependency (servers/rendering/storage/utilities.cpp:56)
WARNING: Leaked instance dependency: Bug - did not call instance_notify_deleted when freeing.
   at: ~Dependency (servers/rendering/storage/utilities.cpp:56)
WARNING: Leaked instance dependency: Bug - did not call instance_notify_deleted when freeing.
   at: ~Dependency (servers/rendering/storage/utilities.cpp:56)
WARNING: Leaked instance dependency: Bug - did not call instance_notify_deleted when freeing.
   at: ~Dependency (servers/rendering/storage/utilities.cpp:56)
WARNING: Leaked instance dependency: Bug - did not call instance_notify_deleted when freeing.
   at: ~Dependency (servers/rendering/storage/utilities.cpp:56)
WARNING: Leaked instance dependency: Bug - did not call instance_notify_deleted when freeing.
   at: ~Dependency (servers/rendering/storage/utilities.cpp:56)
WARNING: Leaked instance dependency: Bug - did not call instance_notify_deleted when freeing.
   at: ~Dependency (servers/rendering/storage/utilities.cpp:56)
WARNING: Leaked instance dependency: Bug - did not call instance_notify_deleted when freeing.
   at: ~Dependency (servers/rendering/storage/utilities.cpp:56)
WARNING: Leaked instance dependency: Bug - did not call instance_notify_deleted when freeing.
   at: ~Dependency (servers/rendering/storage/utilities.cpp:56)
WARNING: Leaked instance dependency: Bug - did not call instance_notify_deleted when freeing.
   at: ~Dependency (servers/rendering/storage/utilities.cpp:56)
WARNING: Leaked instance dependency: Bug - did not call instance_notify_deleted when freeing.
   at: ~Dependency (servers/rendering/storage/utilities.cpp:56)
WARNING: Leaked instance dependency: Bug - did not call instance_notify_deleted when freeing.
   at: ~Dependency (servers/rendering/storage/utilities.cpp:56)
WARNING: Leaked instance dependency: Bug - did not call instance_notify_deleted when freeing.
   at: ~Dependency (servers/rendering/storage/utilities.cpp:56)
WARNING: Leaked instance dependency: Bug - did not call instance_notify_deleted when freeing.
   at: ~Dependency (servers/rendering/storage/utilities.cpp:56)
WARNING: Leaked instance dependency: Bug - did not call instance_notify_deleted when freeing.
   at: ~Dependency (servers/rendering/storage/utilities.cpp:56)
WARNING: Leaked instance dependency: Bug - did not call instance_notify_deleted when freeing.
   at: ~Dependency (servers/rendering/storage/utilities.cpp:56)
WARNING: Leaked instance dependency: Bug - did not call instance_notify_deleted when freeing.
   at: ~Dependency (servers/rendering/storage/utilities.cpp:56)
WARNING: Leaked instance dependency: Bug - did not call instance_notify_deleted when freeing.
   at: ~Dependency (servers/rendering/storage/utilities.cpp:56)
WARNING: Leaked instance dependency: Bug - did not call instance_notify_deleted when freeing.
   at: ~Dependency (servers/rendering/storage/utilities.cpp:56)
WARNING: Leaked instance dependency: Bug - did not call instance_notify_deleted when freeing.
   at: ~Dependency (servers/rendering/storage/utilities.cpp:56)
WARNING: Leaked instance dependency: Bug - did not call instance_notify_deleted when freeing.
   at: ~Dependency (servers/rendering/storage/utilities.cpp:56)
WARNING: Leaked instance dependency: Bug - did not call instance_notify_deleted when freeing.
   at: ~Dependency (servers/rendering/storage/utilities.cpp:56)
WARNING: Leaked instance dependency: Bug - did not call instance_notify_deleted when freeing.
   at: ~Dependency (servers/rendering/storage/utilities.cpp:56)
WARNING: Leaked instance dependency: Bug - did not call instance_notify_deleted when freeing.
   at: ~Dependency (servers/rendering/storage/utilities.cpp:56)
WARNING: Leaked instance dependency: Bug - did not call instance_notify_deleted when freeing.
   at: ~Dependency (servers/rendering/storage/utilities.cpp:56)
WARNING: Leaked instance dependency: Bug - did not call instance_notify_deleted when freeing.
   at: ~Dependency (servers/rendering/storage/utilities.cpp:56)
WARNING: Leaked instance dependency: Bug - did not call instance_notify_deleted when freeing.
   at: ~Dependency (servers/rendering/storage/utilities.cpp:56)
WARNING: Leaked instance dependency: Bug - did not call instance_notify_deleted when freeing.
   at: ~Dependency (servers/rendering/storage/utilities.cpp:56)
WARNING: Leaked instance dependency: Bug - did not call instance_notify_deleted when freeing.
   at: ~Dependency (servers/rendering/storage/utilities.cpp:56)
WARNING: Leaked instance dependency: Bug - did not call instance_notify_deleted when freeing.
   at: ~Dependency (servers/rendering/storage/utilities.cpp:56)
WARNING: Leaked instance dependency: Bug - did not call instance_notify_deleted when freeing.
   at: ~Dependency (servers/rendering/storage/utilities.cpp:56)
WARNING: Leaked instance dependency: Bug - did not call instance_notify_deleted when freeing.
   at: ~Dependency (servers/rendering/storage/utilities.cpp:56)
WARNING: Leaked instance dependency: Bug - did not call instance_notify_deleted when freeing.
   at: ~Dependency (servers/rendering/storage/utilities.cpp:56)
WARNING: Leaked instance dependency: Bug - did not call instance_notify_deleted when freeing.
   at: ~Dependency (servers/rendering/storage/utilities.cpp:56)
WARNING: Leaked instance dependency: Bug - did not call instance_notify_deleted when freeing.
   at: ~Dependency (servers/rendering/storage/utilities.cpp:56)
WARNING: Leaked instance dependency: Bug - did not call instance_notify_deleted when freeing.
   at: ~Dependency (servers/rendering/storage/utilities.cpp:56)
WARNING: Leaked instance dependency: Bug - did not call instance_notify_deleted when freeing.
   at: ~Dependency (servers/rendering/storage/utilities.cpp:56)
WARNING: Leaked instance dependency: Bug - did not call instance_notify_deleted when freeing.
   at: ~Dependency (servers/rendering/storage/utilities.cpp:56)
WARNING: Leaked instance dependency: Bug - did not call instance_notify_deleted when freeing.
   at: ~Dependency (servers/rendering/storage/utilities.cpp:56)
WARNING: Leaked instance dependency: Bug - did not call instance_notify_deleted when freeing.
   at: ~Dependency (servers/rendering/storage/utilities.cpp:56)
WARNING: Leaked instance dependency: Bug - did not call instance_notify_deleted when freeing.
   at: ~Dependency (servers/rendering/storage/utilities.cpp:56)
WARNING: Leaked instance dependency: Bug - did not call instance_notify_deleted when freeing.
   at: ~Dependency (servers/rendering/storage/utilities.cpp:56)
WARNING: Leaked instance dependency: Bug - did not call instance_notify_deleted when freeing.
   at: ~Dependency (servers/rendering/storage/utilities.cpp:56)
WARNING: Leaked instance dependency: Bug - did not call instance_notify_deleted when freeing.
   at: ~Dependency (servers/rendering/storage/utilities.cpp:56)
WARNING: Leaked instance dependency: Bug - did not call instance_notify_deleted when freeing.
   at: ~Dependency (servers/rendering/storage/utilities.cpp:56)
WARNING: Leaked instance dependency: Bug - did not call instance_notify_deleted when freeing.
   at: ~Dependency (servers/rendering/storage/utilities.cpp:56)
WARNING: Leaked instance dependency: Bug - did not call instance_notify_deleted when freeing.
   at: ~Dependency (servers/rendering/storage/utilities.cpp:56)
WARNING: Leaked instance dependency: Bug - did not call instance_notify_deleted when freeing.
   at: ~Dependency (servers/rendering/storage/utilities.cpp:56)
WARNING: Leaked instance dependency: Bug - did not call instance_notify_deleted when freeing.
   at: ~Dependency (servers/rendering/storage/utilities.cpp:56)
WARNING: Leaked instance dependency: Bug - did not call instance_notify_deleted when freeing.
   at: ~Dependency (servers/rendering/storage/utilities.cpp:56)
WARNING: Leaked instance dependency: Bug - did not call instance_notify_deleted when freeing.
   at: ~Dependency (servers/rendering/storage/utilities.cpp:56)
WARNING: Leaked instance dependency: Bug - did not call instance_notify_deleted when freeing.
   at: ~Dependency (servers/rendering/storage/utilities.cpp:56)
WARNING: Leaked instance dependency: Bug - did not call instance_notify_deleted when freeing.
   at: ~Dependency (servers/rendering/storage/utilities.cpp:56)
WARNING: Leaked instance dependency: Bug - did not call instance_notify_deleted when freeing.
   at: ~Dependency (servers/rendering/storage/utilities.cpp:56)
WARNING: Leaked instance dependency: Bug - did not call instance_notify_deleted when freeing.
   at: ~Dependency (servers/rendering/storage/utilities.cpp:56)
WARNING: Leaked instance dependency: Bug - did not call instance_notify_deleted when freeing.
   at: ~Dependency (servers/rendering/storage/utilities.cpp:56)
WARNING: Leaked instance dependency: Bug - did not call instance_notify_deleted when freeing.
   at: ~Dependency (servers/rendering/storage/utilities.cpp:56)
WARNING: Leaked instance dependency: Bug - did not call instance_notify_deleted when freeing.
   at: ~Dependency (servers/rendering/storage/utilities.cpp:56)
WARNING: Leaked instance dependency: Bug - did not call instance_notify_deleted when freeing.
   at: ~Dependency (servers/rendering/storage/utilities.cpp:56)
WARNING: Leaked instance dependency: Bug - did not call instance_notify_deleted when freeing.
   at: ~Dependency (servers/rendering/storage/utilities.cpp:56)
WARNING: Leaked instance dependency: Bug - did not call instance_notify_deleted when freeing.
   at: ~Dependency (servers/rendering/storage/utilities.cpp:56)
WARNING: Leaked instance dependency: Bug - did not call instance_notify_deleted when freeing.
   at: ~Dependency (servers/rendering/storage/utilities.cpp:56)
WARNING: Leaked instance dependency: Bug - did not call instance_notify_deleted when freeing.
   at: ~Dependency (servers/rendering/storage/utilities.cpp:56)
WARNING: Leaked instance dependency: Bug - did not call instance_notify_deleted when freeing.
   at: ~Dependency (servers/rendering/storage/utilities.cpp:56)
WARNING: Leaked instance dependency: Bug - did not call instance_notify_deleted when freeing.
   at: ~Dependency (servers/rendering/storage/utilities.cpp:56)
WARNING: Leaked instance dependency: Bug - did not call instance_notify_deleted when freeing.
   at: ~Dependency (servers/rendering/storage/utilities.cpp:56)
WARNING: Leaked instance dependency: Bug - did not call instance_notify_deleted when freeing.
   at: ~Dependency (servers/rendering/storage/utilities.cpp:56)
WARNING: Leaked instance dependency: Bug - did not call instance_notify_deleted when freeing.
   at: ~Dependency (servers/rendering/storage/utilities.cpp:56)
WARNING: Leaked instance dependency: Bug - did not call instance_notify_deleted when freeing.
   at: ~Dependency (servers/rendering/storage/utilities.cpp:56)
WARNING: Leaked instance dependency: Bug - did not call instance_notify_deleted when freeing.
   at: ~Dependency (servers/rendering/storage/utilities.cpp:56)
WARNING: Leaked instance dependency: Bug - did not call instance_notify_deleted when freeing.
   at: ~Dependency (servers/rendering/storage/utilities.cpp:56)
WARNING: Leaked instance dependency: Bug - did not call instance_notify_deleted when freeing.
   at: ~Dependency (servers/rendering/storage/utilities.cpp:56)
WARNING: Leaked instance dependency: Bug - did not call instance_notify_deleted when freeing.
   at: ~Dependency (servers/rendering/storage/utilities.cpp:56)
WARNING: Leaked instance dependency: Bug - did not call instance_notify_deleted when freeing.
   at: ~Dependency (servers/rendering/storage/utilities.cpp:56)
WARNING: Leaked instance dependency: Bug - did not call instance_notify_deleted when freeing.
   at: ~Dependency (servers/rendering/storage/utilities.cpp:56)
WARNING: Leaked instance dependency: Bug - did not call instance_notify_deleted when freeing.
   at: ~Dependency (servers/rendering/storage/utilities.cpp:56)
WARNING: Leaked instance dependency: Bug - did not call instance_notify_deleted when freeing.
   at: ~Dependency (servers/rendering/storage/utilities.cpp:56)
WARNING: Leaked instance dependency: Bug - did not call instance_notify_deleted when freeing.
   at: ~Dependency (servers/rendering/storage/utilities.cpp:56)
WARNING: Leaked instance dependency: Bug - did not call instance_notify_deleted when freeing.
   at: ~Dependency (servers/rendering/storage/utilities.cpp:56)
WARNING: Leaked instance dependency: Bug - did not call instance_notify_deleted when freeing.
   at: ~Dependency (servers/rendering/storage/utilities.cpp:56)
WARNING: Leaked instance dependency: Bug - did not call instance_notify_deleted when freeing.
   at: ~Dependency (servers/rendering/storage/utilities.cpp:56)
WARNING: Leaked instance dependency: Bug - did not call instance_notify_deleted when freeing.
   at: ~Dependency (servers/rendering/storage/utilities.cpp:56)
WARNING: Leaked instance dependency: Bug - did not call instance_notify_deleted when freeing.
   at: ~Dependency (servers/rendering/storage/utilities.cpp:56)
WARNING: Leaked instance dependency: Bug - did not call instance_notify_deleted when freeing.
   at: ~Dependency (servers/rendering/storage/utilities.cpp:56)
WARNING: Leaked instance dependency: Bug - did not call instance_notify_deleted when freeing.
   at: ~Dependency (servers/rendering/storage/utilities.cpp:56)
WARNING: Leaked instance dependency: Bug - did not call instance_notify_deleted when freeing.
   at: ~Dependency (servers/rendering/storage/utilities.cpp:56)
WARNING: Leaked instance dependency: Bug - did not call instance_notify_deleted when freeing.
   at: ~Dependency (servers/rendering/storage/utilities.cpp:56)
WARNING: Leaked instance dependency: Bug - did not call instance_notify_deleted when freeing.
   at: ~Dependency (servers/rendering/storage/utilities.cpp:56)
WARNING: Leaked instance dependency: Bug - did not call instance_notify_deleted when freeing.
   at: ~Dependency (servers/rendering/storage/utilities.cpp:56)
WARNING: Leaked instance dependency: Bug - did not call instance_notify_deleted when freeing.
   at: ~Dependency (servers/rendering/storage/utilities.cpp:56)
WARNING: Leaked instance dependency: Bug - did not call instance_notify_deleted when freeing.
   at: ~Dependency (servers/rendering/storage/utilities.cpp:56)
WARNING: Leaked instance dependency: Bug - did not call instance_notify_deleted when freeing.
   at: ~Dependency (servers/rendering/storage/utilities.cpp:56)
WARNING: Leaked instance dependency: Bug - did not call instance_notify_deleted when freeing.
   at: ~Dependency (servers/rendering/storage/utilities.cpp:56)
WARNING: Leaked instance dependency: Bug - did not call instance_notify_deleted when freeing.
   at: ~Dependency (servers/rendering/storage/utilities.cpp:56)
WARNING: Leaked instance dependency: Bug - did not call instance_notify_deleted when freeing.
   at: ~Dependency (servers/rendering/storage/utilities.cpp:56)
WARNING: Leaked instance dependency: Bug - did not call instance_notify_deleted when freeing.
   at: ~Dependency (servers/rendering/storage/utilities.cpp:56)
WARNING: Leaked instance dependency: Bug - did not call instance_notify_deleted when freeing.
   at: ~Dependency (servers/rendering/storage/utilities.cpp:56)
WARNING: Leaked instance dependency: Bug - did not call instance_notify_deleted when freeing.
   at: ~Dependency (servers/rendering/storage/utilities.cpp:56)
WARNING: Leaked instance dependency: Bug - did not call instance_notify_deleted when freeing.
   at: ~Dependency (servers/rendering/storage/utilities.cpp:56)
WARNING: Leaked instance dependency: Bug - did not call instance_notify_deleted when freeing.
   at: ~Dependency (servers/rendering/storage/utilities.cpp:56)
WARNING: Leaked instance dependency: Bug - did not call instance_notify_deleted when freeing.
   at: ~Dependency (servers/rendering/storage/utilities.cpp:56)
WARNING: Leaked instance dependency: Bug - did not call instance_notify_deleted when freeing.
   at: ~Dependency (servers/rendering/storage/utilities.cpp:56)
WARNING: Leaked instance dependency: Bug - did not call instance_notify_deleted when freeing.
   at: ~Dependency (servers/rendering/storage/utilities.cpp:56)
WARNING: Leaked instance dependency: Bug - did not call instance_notify_deleted when freeing.
   at: ~Dependency (servers/rendering/storage/utilities.cpp:56)
WARNING: Leaked instance dependency: Bug - did not call instance_notify_deleted when freeing.
   at: ~Dependency (servers/rendering/storage/utilities.cpp:56)
WARNING: Leaked instance dependency: Bug - did not call instance_notify_deleted when freeing.
   at: ~Dependency (servers/rendering/storage/utilities.cpp:56)
WARNING: Leaked instance dependency: Bug - did not call instance_notify_deleted when freeing.
   at: ~Dependency (servers/rendering/storage/utilities.cpp:56)
WARNING: Leaked instance dependency: Bug - did not call instance_notify_deleted when freeing.
   at: ~Dependency (servers/rendering/storage/utilities.cpp:56)
WARNING: Leaked instance dependency: Bug - did not call instance_notify_deleted when freeing.
   at: ~Dependency (servers/rendering/storage/utilities.cpp:56)
WARNING: Leaked instance dependency: Bug - did not call instance_notify_deleted when freeing.
   at: ~Dependency (servers/rendering/storage/utilities.cpp:56)
WARNING: Leaked instance dependency: Bug - did not call instance_notify_deleted when freeing.
   at: ~Dependency (servers/rendering/storage/utilities.cpp:56)
WARNING: Leaked instance dependency: Bug - did not call instance_notify_deleted when freeing.
   at: ~Dependency (servers/rendering/storage/utilities.cpp:56)
WARNING: Leaked instance dependency: Bug - did not call instance_notify_deleted when freeing.
   at: ~Dependency (servers/rendering/storage/utilities.cpp:56)
WARNING: Leaked instance dependency: Bug - did not call instance_notify_deleted when freeing.
   at: ~Dependency (servers/rendering/storage/utilities.cpp:56)
WARNING: Leaked instance dependency: Bug - did not call instance_notify_deleted when freeing.
   at: ~Dependency (servers/rendering/storage/utilities.cpp:56)
WARNING: Leaked instance dependency: Bug - did not call instance_notify_deleted when freeing.
   at: ~Dependency (servers/rendering/storage/utilities.cpp:56)
WARNING: Leaked instance dependency: Bug - did not call instance_notify_deleted when freeing.
   at: ~Dependency (servers/rendering/storage/utilities.cpp:56)
WARNING: Leaked instance dependency: Bug - did not call instance_notify_deleted when freeing.
   at: ~Dependency (servers/rendering/storage/utilities.cpp:56)
WARNING: Leaked instance dependency: Bug - did not call instance_notify_deleted when freeing.
   at: ~Dependency (servers/rendering/storage/utilities.cpp:56)
WARNING: Leaked instance dependency: Bug - did not call instance_notify_deleted when freeing.
   at: ~Dependency (servers/rendering/storage/utilities.cpp:56)
WARNING: Leaked instance dependency: Bug - did not call instance_notify_deleted when freeing.
   at: ~Dependency (servers/rendering/storage/utilities.cpp:56)
WARNING: Leaked instance dependency: Bug - did not call instance_notify_deleted when freeing.
   at: ~Dependency (servers/rendering/storage/utilities.cpp:56)
WARNING: Leaked instance dependency: Bug - did not call instance_notify_deleted when freeing.
   at: ~Dependency (servers/rendering/storage/utilities.cpp:56)
WARNING: Leaked instance dependency: Bug - did not call instance_notify_deleted when freeing.
   at: ~Dependency (servers/rendering/storage/utilities.cpp:56)
WARNING: Leaked instance dependency: Bug - did not call instance_notify_deleted when freeing.
   at: ~Dependency (servers/rendering/storage/utilities.cpp:56)
WARNING: Leaked instance dependency: Bug - did not call instance_notify_deleted when freeing.
   at: ~Dependency (servers/rendering/storage/utilities.cpp:56)
WARNING: Leaked instance dependency: Bug - did not call instance_notify_deleted when freeing.
   at: ~Dependency (servers/rendering/storage/utilities.cpp:56)
WARNING: Leaked instance dependency: Bug - did not call instance_notify_deleted when freeing.
   at: ~Dependency (servers/rendering/storage/utilities.cpp:56)
WARNING: Leaked instance dependency: Bug - did not call instance_notify_deleted when freeing.
   at: ~Dependency (servers/rendering/storage/utilities.cpp:56)
WARNING: Leaked instance dependency: Bug - did not call instance_notify_deleted when freeing.
   at: ~Dependency (servers/rendering/storage/utilities.cpp:56)
WARNING: Leaked instance dependency: Bug - did not call instance_notify_deleted when freeing.
   at: ~Dependency (servers/rendering/storage/utilities.cpp:56)
WARNING: Leaked instance dependency: Bug - did not call instance_notify_deleted when freeing.
   at: ~Dependency (servers/rendering/storage/utilities.cpp:56)
WARNING: Leaked instance dependency: Bug - did not call instance_notify_deleted when freeing.
   at: ~Dependency (servers/rendering/storage/utilities.cpp:56)
WARNING: Leaked instance dependency: Bug - did not call instance_notify_deleted when freeing.
   at: ~Dependency (servers/rendering/storage/utilities.cpp:56)
WARNING: Leaked instance dependency: Bug - did not call instance_notify_deleted when freeing.
   at: ~Dependency (servers/rendering/storage/utilities.cpp:56)
WARNING: Leaked instance dependency: Bug - did not call instance_notify_deleted when freeing.
   at: ~Dependency (servers/rendering/storage/utilities.cpp:56)
WARNING: Leaked instance dependency: Bug - did not call instance_notify_deleted when freeing.
   at: ~Dependency (servers/rendering/storage/utilities.cpp:56)
WARNING: Leaked instance dependency: Bug - did not call instance_notify_deleted when freeing.
   at: ~Dependency (servers/rendering/storage/utilities.cpp:56)
WARNING: Leaked instance dependency: Bug - did not call instance_notify_deleted when freeing.
   at: ~Dependency (servers/rendering/storage/utilities.cpp:56)
WARNING: Leaked instance dependency: Bug - did not call instance_notify_deleted when freeing.
   at: ~Dependency (servers/rendering/storage/utilities.cpp:56)
WARNING: Leaked instance dependency: Bug - did not call instance_notify_deleted when freeing.
   at: ~Dependency (servers/rendering/storage/utilities.cpp:56)
WARNING: Leaked instance dependency: Bug - did not call instance_notify_deleted when freeing.
   at: ~Dependency (servers/rendering/storage/utilities.cpp:56)
WARNING: Leaked instance dependency: Bug - did not call instance_notify_deleted when freeing.
   at: ~Dependency (servers/rendering/storage/utilities.cpp:56)
WARNING: Leaked instance dependency: Bug - did not call instance_notify_deleted when freeing.
   at: ~Dependency (servers/rendering/storage/utilities.cpp:56)
WARNING: Leaked instance dependency: Bug - did not call instance_notify_deleted when freeing.
   at: ~Dependency (servers/rendering/storage/utilities.cpp:56)
WARNING: Leaked instance dependency: Bug - did not call instance_notify_deleted when freeing.
   at: ~Dependency (servers/rendering/storage/utilities.cpp:56)
WARNING: Leaked instance dependency: Bug - did not call instance_notify_deleted when freeing.
   at: ~Dependency (servers/rendering/storage/utilities.cpp:56)
WARNING: Leaked instance dependency: Bug - did not call instance_notify_deleted when freeing.
   at: ~Dependency (servers/rendering/storage/utilities.cpp:56)
WARNING: Leaked instance dependency: Bug - did not call instance_notify_deleted when freeing.
   at: ~Dependency (servers/rendering/storage/utilities.cpp:56)
WARNING: Leaked instance dependency: Bug - did not call instance_notify_deleted when freeing.
   at: ~Dependency (servers/rendering/storage/utilities.cpp:56)
WARNING: Leaked instance dependency: Bug - did not call instance_notify_deleted when freeing.
   at: ~Dependency (servers/rendering/storage/utilities.cpp:56)
WARNING: Leaked instance dependency: Bug - did not call instance_notify_deleted when freeing.
   at: ~Dependency (servers/rendering/storage/utilities.cpp:56)
WARNING: Leaked instance dependency: Bug - did not call instance_notify_deleted when freeing.
   at: ~Dependency (servers/rendering/storage/utilities.cpp:56)
WARNING: Leaked instance dependency: Bug - did not call instance_notify_deleted when freeing.
   at: ~Dependency (servers/rendering/storage/utilities.cpp:56)
WARNING: Leaked instance dependency: Bug - did not call instance_notify_deleted when freeing.
   at: ~Dependency (servers/rendering/storage/utilities.cpp:56)
WARNING: Leaked instance dependency: Bug - did not call instance_notify_deleted when freeing.
   at: ~Dependency (servers/rendering/storage/utilities.cpp:56)
WARNING: Leaked instance dependency: Bug - did not call instance_notify_deleted when freeing.
   at: ~Dependency (servers/rendering/storage/utilities.cpp:56)
WARNING: Leaked instance dependency: Bug - did not call instance_notify_deleted when freeing.
   at: ~Dependency (servers/rendering/storage/utilities.cpp:56)
WARNING: Leaked instance dependency: Bug - did not call instance_notify_deleted when freeing.
   at: ~Dependency (servers/rendering/storage/utilities.cpp:56)
WARNING: Leaked instance dependency: Bug - did not call instance_notify_deleted when freeing.
   at: ~Dependency (servers/rendering/storage/utilities.cpp:56)
WARNING: Leaked instance dependency: Bug - did not call instance_notify_deleted when freeing.
   at: ~Dependency (servers/rendering/storage/utilities.cpp:56)
WARNING: Leaked instance dependency: Bug - did not call instance_notify_deleted when freeing.
   at: ~Dependency (servers/rendering/storage/utilities.cpp:56)
WARNING: Leaked instance dependency: Bug - did not call instance_notify_deleted when freeing.
   at: ~Dependency (servers/rendering/storage/utilities.cpp:56)
WARNING: Leaked instance dependency: Bug - did not call instance_notify_deleted when freeing.
   at: ~Dependency (servers/rendering/storage/utilities.cpp:56)
WARNING: Leaked instance dependency: Bug - did not call instance_notify_deleted when freeing.
   at: ~Dependency (servers/rendering/storage/utilities.cpp:56)
WARNING: Leaked instance dependency: Bug - did not call instance_notify_deleted when freeing.
   at: ~Dependency (servers/rendering/storage/utilities.cpp:56)
WARNING: Leaked instance dependency: Bug - did not call instance_notify_deleted when freeing.
   at: ~Dependency (servers/rendering/storage/utilities.cpp:56)
WARNING: Leaked instance dependency: Bug - did not call instance_notify_deleted when freeing.
   at: ~Dependency (servers/rendering/storage/utilities.cpp:56)
WARNING: Leaked instance dependency: Bug - did not call instance_notify_deleted when freeing.
   at: ~Dependency (servers/rendering/storage/utilities.cpp:56)
WARNING: Leaked instance dependency: Bug - did not call instance_notify_deleted when freeing.
   at: ~Dependency (servers/rendering/storage/utilities.cpp:56)
WARNING: Leaked instance dependency: Bug - did not call instance_notify_deleted when freeing.
   at: ~Dependency (servers/rendering/storage/utilities.cpp:56)
WARNING: Leaked instance dependency: Bug - did not call instance_notify_deleted when freeing.
   at: ~Dependency (servers/rendering/storage/utilities.cpp:56)
WARNING: Leaked instance dependency: Bug - did not call instance_notify_deleted when freeing.
   at: ~Dependency (servers/rendering/storage/utilities.cpp:56)
WARNING: Leaked instance dependency: Bug - did not call instance_notify_deleted when freeing.
   at: ~Dependency (servers/rendering/storage/utilities.cpp:56)
WARNING: Leaked instance dependency: Bug - did not call instance_notify_deleted when freeing.
   at: ~Dependency (servers/rendering/storage/utilities.cpp:56)
WARNING: Leaked instance dependency: Bug - did not call instance_notify_deleted when freeing.
   at: ~Dependency (servers/rendering/storage/utilities.cpp:56)
WARNING: Leaked instance dependency: Bug - did not call instance_notify_deleted when freeing.
   at: ~Dependency (servers/rendering/storage/utilities.cpp:56)
WARNING: Leaked instance dependency: Bug - did not call instance_notify_deleted when freeing.
   at: ~Dependency (servers/rendering/storage/utilities.cpp:56)
WARNING: Leaked instance dependency: Bug - did not call instance_notify_deleted when freeing.
   at: ~Dependency (servers/rendering/storage/utilities.cpp:56)
WARNING: Leaked instance dependency: Bug - did not call instance_notify_deleted when freeing.
   at: ~Dependency (servers/rendering/storage/utilities.cpp:56)
WARNING: Leaked instance dependency: Bug - did not call instance_notify_deleted when freeing.
   at: ~Dependency (servers/rendering/storage/utilities.cpp:56)
WARNING: Leaked instance dependency: Bug - did not call instance_notify_deleted when freeing.
   at: ~Dependency (servers/rendering/storage/utilities.cpp:56)
WARNING: Leaked instance dependency: Bug - did not call instance_notify_deleted when freeing.
   at: ~Dependency (servers/rendering/storage/utilities.cpp:56)
WARNING: Leaked instance dependency: Bug - did not call instance_notify_deleted when freeing.
   at: ~Dependency (servers/rendering/storage/utilities.cpp:56)
WARNING: Leaked instance dependency: Bug - did not call instance_notify_deleted when freeing.
   at: ~Dependency (servers/rendering/storage/utilities.cpp:56)
WARNING: Leaked instance dependency: Bug - did not call instance_notify_deleted when freeing.
   at: ~Dependency (servers/rendering/storage/utilities.cpp:56)
WARNING: Leaked instance dependency: Bug - did not call instance_notify_deleted when freeing.
   at: ~Dependency (servers/rendering/storage/utilities.cpp:56)
WARNING: Leaked instance dependency: Bug - did not call instance_notify_deleted when freeing.
   at: ~Dependency (servers/rendering/storage/utilities.cpp:56)
WARNING: Leaked instance dependency: Bug - did not call instance_notify_deleted when freeing.
   at: ~Dependency (servers/rendering/storage/utilities.cpp:56)
WARNING: Leaked instance dependency: Bug - did not call instance_notify_deleted when freeing.
   at: ~Dependency (servers/rendering/storage/utilities.cpp:56)
WARNING: Leaked instance dependency: Bug - did not call instance_notify_deleted when freeing.
   at: ~Dependency (servers/rendering/storage/utilities.cpp:56)
WARNING: Leaked instance dependency: Bug - did not call instance_notify_deleted when freeing.
   at: ~Dependency (servers/rendering/storage/utilities.cpp:56)
WARNING: Leaked instance dependency: Bug - did not call instance_notify_deleted when freeing.
   at: ~Dependency (servers/rendering/storage/utilities.cpp:56)
WARNING: Leaked instance dependency: Bug - did not call instance_notify_deleted when freeing.
   at: ~Dependency (servers/rendering/storage/utilities.cpp:56)
WARNING: Leaked instance dependency: Bug - did not call instance_notify_deleted when freeing.
   at: ~Dependency (servers/rendering/storage/utilities.cpp:56)
WARNING: Leaked instance dependency: Bug - did not call instance_notify_deleted when freeing.
   at: ~Dependency (servers/rendering/storage/utilities.cpp:56)
WARNING: Leaked instance dependency: Bug - did not call instance_notify_deleted when freeing.
   at: ~Dependency (servers/rendering/storage/utilities.cpp:56)
WARNING: Leaked instance dependency: Bug - did not call instance_notify_deleted when freeing.
   at: ~Dependency (servers/rendering/storage/utilities.cpp:56)
WARNING: Leaked instance dependency: Bug - did not call instance_notify_deleted when freeing.
   at: ~Dependency (servers/rendering/storage/utilities.cpp:56)
WARNING: Leaked instance dependency: Bug - did not call instance_notify_deleted when freeing.
   at: ~Dependency (servers/rendering/storage/utilities.cpp:56)
WARNING: Leaked instance dependency: Bug - did not call instance_notify_deleted when freeing.
   at: ~Dependency (servers/rendering/storage/utilities.cpp:56)
WARNING: Leaked instance dependency: Bug - did not call instance_notify_deleted when freeing.
   at: ~Dependency (servers/rendering/storage/utilities.cpp:56)
WARNING: Leaked instance dependency: Bug - did not call instance_notify_deleted when freeing.
   at: ~Dependency (servers/rendering/storage/utilities.cpp:56)
WARNING: Leaked instance dependency: Bug - did not call instance_notify_deleted when freeing.
   at: ~Dependency (servers/rendering/storage/utilities.cpp:56)
WARNING: Leaked instance dependency: Bug - did not call instance_notify_deleted when freeing.
   at: ~Dependency (servers/rendering/storage/utilities.cpp:56)
WARNING: Leaked instance dependency: Bug - did not call instance_notify_deleted when freeing.
   at: ~Dependency (servers/rendering/storage/utilities.cpp:56)
WARNING: Leaked instance dependency: Bug - did not call instance_notify_deleted when freeing.
   at: ~Dependency (servers/rendering/storage/utilities.cpp:56)
WARNING: Leaked instance dependency: Bug - did not call instance_notify_deleted when freeing.
   at: ~Dependency (servers/rendering/storage/utilities.cpp:56)
WARNING: Leaked instance dependency: Bug - did not call instance_notify_deleted when freeing.
   at: ~Dependency (servers/rendering/storage/utilities.cpp:56)
WARNING: Leaked instance dependency: Bug - did not call instance_notify_deleted when freeing.
   at: ~Dependency (servers/rendering/storage/utilities.cpp:56)
WARNING: Leaked instance dependency: Bug - did not call instance_notify_deleted when freeing.
   at: ~Dependency (servers/rendering/storage/utilities.cpp:56)
WARNING: Leaked instance dependency: Bug - did not call instance_notify_deleted when freeing.
   at: ~Dependency (servers/rendering/storage/utilities.cpp:56)
WARNING: Leaked instance dependency: Bug - did not call instance_notify_deleted when freeing.
   at: ~Dependency (servers/rendering/storage/utilities.cpp:56)
WARNING: Leaked instance dependency: Bug - did not call instance_notify_deleted when freeing.
   at: ~Dependency (servers/rendering/storage/utilities.cpp:56)
WARNING: Leaked instance dependency: Bug - did not call instance_notify_deleted when freeing.
   at: ~Dependency (servers/rendering/storage/utilities.cpp:56)
WARNING: Leaked instance dependency: Bug - did not call instance_notify_deleted when freeing.
   at: ~Dependency (servers/rendering/storage/utilities.cpp:56)
WARNING: Leaked instance dependency: Bug - did not call instance_notify_deleted when freeing.
   at: ~Dependency (servers/rendering/storage/utilities.cpp:56)
WARNING: Leaked instance dependency: Bug - did not call instance_notify_deleted when freeing.
   at: ~Dependency (servers/rendering/storage/utilities.cpp:56)
WARNING: Leaked instance dependency: Bug - did not call instance_notify_deleted when freeing.
   at: ~Dependency (servers/rendering/storage/utilities.cpp:56)
WARNING: Leaked instance dependency: Bug - did not call instance_notify_deleted when freeing.
   at: ~Dependency (servers/rendering/storage/utilities.cpp:56)
WARNING: Leaked instance dependency: Bug - did not call instance_notify_deleted when freeing.
   at: ~Dependency (servers/rendering/storage/utilities.cpp:56)
WARNING: Leaked instance dependency: Bug - did not call instance_notify_deleted when freeing.
   at: ~Dependency (servers/rendering/storage/utilities.cpp:56)
WARNING: Leaked instance dependency: Bug - did not call instance_notify_deleted when freeing.
   at: ~Dependency (servers/rendering/storage/utilities.cpp:56)
WARNING: Leaked instance dependency: Bug - did not call instance_notify_deleted when freeing.
   at: ~Dependency (servers/rendering/storage/utilities.cpp:56)
WARNING: Leaked instance dependency: Bug - did not call instance_notify_deleted when freeing.
   at: ~Dependency (servers/rendering/storage/utilities.cpp:56)
WARNING: Leaked instance dependency: Bug - did not call instance_notify_deleted when freeing.
   at: ~Dependency (servers/rendering/storage/utilities.cpp:56)
WARNING: Leaked instance dependency: Bug - did not call instance_notify_deleted when freeing.
   at: ~Dependency (servers/rendering/storage/utilities.cpp:56)
WARNING: Leaked instance dependency: Bug - did not call instance_notify_deleted when freeing.
   at: ~Dependency (servers/rendering/storage/utilities.cpp:56)
WARNING: Leaked instance dependency: Bug - did not call instance_notify_deleted when freeing.
   at: ~Dependency (servers/rendering/storage/utilities.cpp:56)
WARNING: 690 RIDs of type "UniformBuffer" were leaked.
   at: _free_rids (servers/rendering/rendering_device.cpp:8686)
WARNING: 2633 RIDs of type "IndexArray" were leaked.
   at: _free_rids (servers/rendering/rendering_device.cpp:8686)
WARNING: 2633 RIDs of type "IndexBuffer" were leaked.
   at: _free_rids (servers/rendering/rendering_device.cpp:8686)
WARNING: 234 RIDs of type "VertexArray" were leaked.
   at: _free_rids (servers/rendering/rendering_device.cpp:8686)
WARNING: 5476 RIDs of type "VertexBuffer" were leaked.
   at: _free_rids (servers/rendering/rendering_device.cpp:8686)
WARNING: 153 RIDs of type "Texture" were leaked.
   at: finalize (servers/rendering/rendering_device.cpp:8900)
WARNING: 7217 ObjectDB instances were leaked at exit (run with `--verbose` for details).
   at: cleanup (core/object/object.cpp:2536)
ERROR: 896 resources still in use at exit (run with --verbose for details).
   at: clear (core/io/resource.cpp:822)
ERROR: 2888 RID allocations of type 'N10RendererRD11MeshStorage4MeshE' were leaked at exit.
ERROR: 702 RID allocations of type 'N10RendererRD15MaterialStorage8MaterialE' were leaked at exit.
ERROR: 22 RID allocations of type 'N10RendererRD15MaterialStorage6ShaderE' were leaked at exit.
ERROR: 83 RID allocations of type 'N10RendererRD14TextureStorage7TextureE' were leaked at exit.
ERROR: 2699 RID allocations of type 'N17RendererSceneCull8InstanceE' were leaked at exit.
ERROR: 20 RID allocations of type 'PN18TextServerAdvanced22ShapedTextDataAdvancedE' were leaked at exit.
ERROR: 1 RID allocations of type 'PN18TextServerAdvanced12FontAdvancedE' were leaked at exit.
