Godot Engine v4.7.2.stable.official.ed1daf0bf - https://godotengine.org
Metal 4.0 - Forward+ - Using Device #0: Apple - Apple M5 (Apple9)

BOOT definition.create ms=1
PROF terrain=1
PROF roads+buildings=3754
PROF water=390
PROF square+fields+landmarks=20
PROF town+harbor+npc=67
PROF bake.collect ms=14346 sources=2019
PROF bake.commit ms=96
PROF bake.detail instances=15940 surfaces=15940 append_ms=14223 material_ms=1
PROF bake.name RoundedPetal x170
PROF bake.name GoldenFlowerCentre x170
PROF bake.name GreenCalyx x170
PROF bake.name PostCap x80
PROF bake.name Trunk x77
PROF bake.name DiagonalBrace x72
PROF bake.name FencePost x71
PROF bake.name HorizontalRail x71
PROF bake.name Peg x71
PROF bake.name Deep_Recess x67
PROF bake.name Glazed_Opening x67
PROF bake.name Window_Jamb x67
PROF bake.name Window_Rail x67
PROF bake.name Window_Mullion x67
PROF bake.name Window_Crossbar x67
PROF bake.name Painted_Glass_Glint x67
PROF bake.name Projecting_Window_Sill x67
PROF bake.name Shutter_Back x44
PROF bake.name Shutter_Stile x44
PROF bake.name Shutter_Rail x44
PROF bake.name Angled_Shutter_Louver x44
PROF bake.name Shutter_Hinge x44
PROF bake.name BudStem x22
PROF bake.name FlowerBud x22
PROF bake.name PlanterLeaf x22
PROF bake.name FlowerStemUpper x22
PROF bake.name FlowerStemLower x22
PROF bake.name VisibleSoil x22
PROF bake.name PlanterEndRim x22
PROF bake.name PlanterRim x22
PROF bake.name PlanterCorner x22
PROF bake.name SubtleWoodGrain x22
PROF bake.name PlanterPeg x22
PROF bake.name PlanterEndSlat x22
PROF bake.name PlanterFoot x22
PROF bake.name PlanterFloor x22
PROF bake.name PlanterLongSlat x22
PROF bake.name Lantern_Roof x16
PROF bake.name Lantern_Hanger x16
PROF bake.name Lantern_Bracket x16
PROF bake=14466
BOOT world_builder.build ms=19080 batches=2019
BOOT scene instantiate ms=148
PROF terrain=1
PROF roads+buildings=3368
PROF water=372
PROF square+fields+landmarks=12
PROF town+harbor+npc=66
PROF bake.collect ms=14526 sources=2019
PROF bake.commit ms=90
PROF bake.detail instances=15940 surfaces=15940 append_ms=14413 material_ms=1
PROF bake.name RoundedPetal x170
PROF bake.name GoldenFlowerCentre x170
PROF bake.name GreenCalyx x170
PROF bake.name PostCap x80
PROF bake.name Trunk x77
PROF bake.name DiagonalBrace x72
PROF bake.name FencePost x71
PROF bake.name HorizontalRail x71
PROF bake.name Peg x71
PROF bake.name Deep_Recess x67
PROF bake.name Glazed_Opening x67
PROF bake.name Window_Jamb x67
PROF bake.name Window_Rail x67
PROF bake.name Window_Mullion x67
PROF bake.name Window_Crossbar x67
PROF bake.name Painted_Glass_Glint x67
PROF bake.name Projecting_Window_Sill x67
PROF bake.name Shutter_Back x44
PROF bake.name Shutter_Stile x44
PROF bake.name Shutter_Rail x44
PROF bake.name Angled_Shutter_Louver x44
PROF bake.name Shutter_Hinge x44
PROF bake.name BudStem x22
PROF bake.name FlowerBud x22
PROF bake.name PlanterLeaf x22
PROF bake.name FlowerStemUpper x22
PROF bake.name FlowerStemLower x22
PROF bake.name VisibleSoil x22
PROF bake.name PlanterEndRim x22
PROF bake.name PlanterRim x22
PROF bake.name PlanterCorner x22
PROF bake.name SubtleWoodGrain x22
PROF bake.name PlanterPeg x22
PROF bake.name PlanterEndSlat x22
PROF bake.name PlanterFoot x22
PROF bake.name PlanterFloor x22
PROF bake.name PlanterLongSlat x22
PROF bake.name Lantern_Roof x16
PROF bake.name Lantern_Hanger x16
PROF bake.name Lantern_Bracket x16
PROF bake=14647
PROF bake.collect ms=54 sources=21
PROF bake.commit ms=0
PROF bake.detail instances=25 surfaces=25 append_ms=53 material_ms=0
PROF bake.name TailTuft x1
PROF bake.name Tail x1
PROF bake.name @MeshInstance3D@26749 x1
PROF bake.name @MeshInstance3D@26748 x1
PROF bake.name @MeshInstance3D@26747 x1
PROF bake.name Eye x1
PROF bake.name Horn x1
PROF bake.name Ear x1
PROF bake.name MuzzleTip x1
PROF bake.name Muzzle x1
PROF bake.name Skull x1
PROF bake.name Neck x1
PROF bake.name @MeshInstance3D@26746 x1
PROF bake.name @MeshInstance3D@26745 x1
PROF bake.name HidePatch x1
PROF bake.name Udder x1
PROF bake.name Body x1
PROF bake.name @MeshInstance3D@26744 x1
PROF bake.name @MeshInstance3D@26743 x1
PROF bake.name @MeshInstance3D@26742 x1
PROF bake.name @MeshInstance3D@26741 x1
PROF bake.name @MeshInstance3D@26740 x1
PROF bake.name @MeshInstance3D@26739 x1
PROF bake.name Hoof x1
PROF bake.name Leg x1
PROF bake.collect ms=25 sources=21
PROF bake.commit ms=0
PROF bake.detail instances=25 surfaces=25 append_ms=24 material_ms=0
PROF bake.name TailTuft x1
PROF bake.name Tail x1
PROF bake.name @MeshInstance3D@26760 x1
PROF bake.name @MeshInstance3D@26759 x1
PROF bake.name @MeshInstance3D@26758 x1
PROF bake.name Eye x1
PROF bake.name Horn x1
PROF bake.name Ear x1
PROF bake.name MuzzleTip x1
PROF bake.name Muzzle x1
PROF bake.name Skull x1
PROF bake.name Neck x1
PROF bake.name @MeshInstance3D@26757 x1
PROF bake.name @MeshInstance3D@26756 x1
PROF bake.name HidePatch x1
PROF bake.name Udder x1
PROF bake.name Body x1
PROF bake.name @MeshInstance3D@26755 x1
PROF bake.name @MeshInstance3D@26754 x1
PROF bake.name @MeshInstance3D@26753 x1
PROF bake.name @MeshInstance3D@26752 x1
PROF bake.name @MeshInstance3D@26751 x1
PROF bake.name @MeshInstance3D@26750 x1
PROF bake.name Hoof x1
PROF bake.name Leg x1
PROF bake.collect ms=15 sources=11
PROF bake.commit ms=0
PROF bake.detail instances=14 surfaces=14 append_ms=14 material_ms=0
PROF bake.name Leg x1
PROF bake.name @MeshInstance3D@26761 x1
PROF bake.name @MeshInstance3D@26762 x1
PROF bake.name @MeshInstance3D@26763 x1
PROF bake.name Fleece x1
PROF bake.name FleeceCrown x1
PROF bake.name Face x1
PROF bake.name Muzzle x1
PROF bake.name Forelock x1
PROF bake.name Ear x1
PROF bake.name Eye x1
PROF bake.name @MeshInstance3D@26764 x1
PROF bake.name @MeshInstance3D@26765 x1
PROF bake.name TailNub x1
PROF bake.collect ms=15 sources=11
PROF bake.commit ms=0
PROF bake.detail instances=14 surfaces=14 append_ms=14 material_ms=0
PROF bake.name Leg x1
PROF bake.name @MeshInstance3D@26766 x1
PROF bake.name @MeshInstance3D@26767 x1
PROF bake.name @MeshInstance3D@26768 x1
PROF bake.name Fleece x1
PROF bake.name FleeceCrown x1
PROF bake.name Face x1
PROF bake.name Muzzle x1
PROF bake.name Forelock x1
PROF bake.name Ear x1
PROF bake.name Eye x1
PROF bake.name @MeshInstance3D@26769 x1
PROF bake.name @MeshInstance3D@26770 x1
PROF bake.name TailNub x1
PROF bake.collect ms=18 sources=9
PROF bake.commit ms=0
PROF bake.detail instances=18 surfaces=18 append_ms=17 material_ms=0
PROF bake.name @MeshInstance3D@26778 x1
PROF bake.name Wing x1
PROF bake.name @MeshInstance3D@26777 x1
PROF bake.name @MeshInstance3D@26776 x1
PROF bake.name TailFeather x1
PROF bake.name @MeshInstance3D@26775 x1
PROF bake.name EyePatch x1
PROF bake.name @MeshInstance3D@26774 x1
PROF bake.name @MeshInstance3D@26773 x1
PROF bake.name Comb x1
PROF bake.name Wattle x1
PROF bake.name Beak x1
PROF bake.name Skull x1
PROF bake.name Body x1
PROF bake.name @MeshInstance3D@26772 x1
PROF bake.name @MeshInstance3D@26771 x1
PROF bake.name Foot x1
PROF bake.name Leg x1
PROF bake.collect ms=17 sources=9
PROF bake.commit ms=0
PROF bake.detail instances=18 surfaces=18 append_ms=16 material_ms=0
PROF bake.name @MeshInstance3D@26786 x1
PROF bake.name Wing x1
PROF bake.name @MeshInstance3D@26785 x1
PROF bake.name @MeshInstance3D@26784 x1
PROF bake.name TailFeather x1
PROF bake.name @MeshInstance3D@26783 x1
PROF bake.name EyePatch x1
PROF bake.name @MeshInstance3D@26782 x1
PROF bake.name @MeshInstance3D@26781 x1
PROF bake.name Comb x1
PROF bake.name Wattle x1
PROF bake.name Beak x1
PROF bake.name Skull x1
PROF bake.name Body x1
PROF bake.name @MeshInstance3D@26780 x1
PROF bake.name @MeshInstance3D@26779 x1
PROF bake.name Foot x1
PROF bake.name Leg x1
PROF bake.collect ms=16 sources=9
PROF bake.commit ms=0
PROF bake.detail instances=18 surfaces=18 append_ms=16 material_ms=0
PROF bake.name @MeshInstance3D@26794 x1
PROF bake.name Wing x1
PROF bake.name @MeshInstance3D@26793 x1
PROF bake.name @MeshInstance3D@26792 x1
PROF bake.name TailFeather x1
PROF bake.name @MeshInstance3D@26791 x1
PROF bake.name EyePatch x1
PROF bake.name @MeshInstance3D@26790 x1
PROF bake.name @MeshInstance3D@26789 x1
PROF bake.name Comb x1
PROF bake.name Wattle x1
PROF bake.name Beak x1
PROF bake.name Skull x1
PROF bake.name Body x1
PROF bake.name @MeshInstance3D@26788 x1
PROF bake.name @MeshInstance3D@26787 x1
PROF bake.name Foot x1
PROF bake.name Leg x1
PROF bake.collect ms=13 sources=6
PROF bake.commit ms=0
PROF bake.detail instances=7 surfaces=7 append_ms=10 material_ms=0
PROF bake.name SolidFacetedRock x1
PROF bake.name RockFoot x1
PROF bake.name OreVein x1
PROF bake.name @MeshInstance3D@27008 x1
PROF bake.name @MeshInstance3D@27009 x1
PROF bake.name @MeshInstance3D@27010 x1
PROF bake.name @MeshInstance3D@27011 x1
PROF bake.collect ms=9 sources=6
PROF bake.commit ms=1
PROF bake.detail instances=6 surfaces=6 append_ms=9 material_ms=0
PROF bake.name Batch_0_0_-9223371986556680723 x1
PROF bake.name Batch_-1_0_-9223369572013282297 x1
PROF bake.name Batch_0_0_-9223369571979727842 x1
PROF bake.name Batch_-1_0_-9223369571979727842 x1
PROF bake.name Batch_0_-1_-9223369571979727842 x1
PROF bake.name Batch_-1_-1_-9223369571979727842 x1
PROF bake.collect ms=6 sources=6
PROF bake.commit ms=0
PROF bake.detail instances=7 surfaces=7 append_ms=5 material_ms=0
PROF bake.name SolidFacetedRock x1
PROF bake.name RockFoot x1
PROF bake.name OreVein x1
PROF bake.name @MeshInstance3D@27015 x1
PROF bake.name @MeshInstance3D@27016 x1
PROF bake.name @MeshInstance3D@27017 x1
PROF bake.name @MeshInstance3D@27018 x1
PROF bake.collect ms=8 sources=6
PROF bake.commit ms=0
PROF bake.detail instances=6 surfaces=6 append_ms=8 material_ms=0
PROF bake.name Batch_0_0_-9223371986556680723 x1
PROF bake.name Batch_-1_0_-9223369572013282297 x1
PROF bake.name Batch_0_0_-9223369571979727842 x1
PROF bake.name Batch_-1_0_-9223369571979727842 x1
PROF bake.name Batch_0_-1_-9223369571979727842 x1
PROF bake.name Batch_-1_-1_-9223369571979727842 x1
PROF bake.collect ms=6 sources=6
PROF bake.commit ms=0
PROF bake.detail instances=7 surfaces=7 append_ms=5 material_ms=0
PROF bake.name SolidFacetedRock x1
PROF bake.name RockFoot x1
PROF bake.name OreVein x1
PROF bake.name @MeshInstance3D@27022 x1
PROF bake.name @MeshInstance3D@27023 x1
PROF bake.name @MeshInstance3D@27024 x1
PROF bake.name @MeshInstance3D@27025 x1
PROF bake.collect ms=9 sources=6
PROF bake.commit ms=0
PROF bake.detail instances=6 surfaces=6 append_ms=8 material_ms=0
PROF bake.name Batch_0_0_-9223371986556680723 x1
PROF bake.name Batch_-1_0_-9223369572013282297 x1
PROF bake.name Batch_0_0_-9223369569916130094 x1
PROF bake.name Batch_-1_0_-9223369569916130094 x1
PROF bake.name Batch_0_-1_-9223369569916130094 x1
PROF bake.name Batch_-1_-1_-9223369569916130094 x1
PROF bake.collect ms=5 sources=6
PROF bake.commit ms=0
PROF bake.detail instances=7 surfaces=7 append_ms=5 material_ms=0
PROF bake.name SolidFacetedRock x1
PROF bake.name RockFoot x1
PROF bake.name OreVein x1
PROF bake.name @MeshInstance3D@27029 x1
PROF bake.name @MeshInstance3D@27030 x1
PROF bake.name @MeshInstance3D@27031 x1
PROF bake.name @MeshInstance3D@27032 x1
PROF bake.collect ms=9 sources=6
PROF bake.commit ms=0
PROF bake.detail instances=6 surfaces=6 append_ms=8 material_ms=0
PROF bake.name Batch_0_0_-9223371986556680723 x1
PROF bake.name Batch_-1_0_-9223369572013282297 x1
PROF bake.name Batch_0_0_-9223369571979727842 x1
PROF bake.name Batch_-1_0_-9223369571979727842 x1
PROF bake.name Batch_0_-1_-9223369571979727842 x1
PROF bake.name Batch_-1_-1_-9223369571979727842 x1
PROF bake.collect ms=6 sources=6
PROF bake.commit ms=0
PROF bake.detail instances=7 surfaces=7 append_ms=5 material_ms=0
PROF bake.name SolidFacetedRock x1
PROF bake.name RockFoot x1
PROF bake.name OreVein x1
PROF bake.name @MeshInstance3D@27036 x1
PROF bake.name @MeshInstance3D@27037 x1
PROF bake.name @MeshInstance3D@27038 x1
PROF bake.name @MeshInstance3D@27039 x1
PROF bake.collect ms=7 sources=6
PROF bake.commit ms=0
PROF bake.detail instances=6 surfaces=6 append_ms=6 material_ms=0
PROF bake.name Batch_0_0_-9223371986556680723 x1
PROF bake.name Batch_-1_0_-9223369572013282297 x1
PROF bake.name Batch_0_0_-9223369569916130094 x1
PROF bake.name Batch_-1_0_-9223369569916130094 x1
PROF bake.name Batch_0_-1_-9223369569916130094 x1
PROF bake.name Batch_-1_-1_-9223369569916130094 x1
PROF bake.collect ms=7 sources=6
PROF bake.commit ms=0
PROF bake.detail instances=7 surfaces=7 append_ms=6 material_ms=0
PROF bake.name SolidFacetedRock x1
PROF bake.name RockFoot x1
PROF bake.name OreVein x1
PROF bake.name @MeshInstance3D@27043 x1
PROF bake.name @MeshInstance3D@27044 x1
PROF bake.name @MeshInstance3D@27045 x1
PROF bake.name @MeshInstance3D@27046 x1
PROF bake.collect ms=7 sources=6
PROF bake.commit ms=0
PROF bake.detail instances=6 surfaces=6 append_ms=6 material_ms=0
PROF bake.name Batch_0_0_-9223371986556680723 x1
PROF bake.name Batch_-1_0_-9223369572013282297 x1
PROF bake.name Batch_0_0_-9223369571979727842 x1
PROF bake.name Batch_-1_0_-9223369571979727842 x1
PROF bake.name Batch_0_-1_-9223369571979727842 x1
PROF bake.name Batch_-1_-1_-9223369571979727842 x1
PROF bake.collect ms=7 sources=6
PROF bake.commit ms=0
PROF bake.detail instances=7 surfaces=7 append_ms=6 material_ms=0
PROF bake.name SolidFacetedRock x1
PROF bake.name RockFoot x1
PROF bake.name OreVein x1
PROF bake.name @MeshInstance3D@27050 x1
PROF bake.name @MeshInstance3D@27051 x1
PROF bake.name @MeshInstance3D@27052 x1
PROF bake.name @MeshInstance3D@27053 x1
PROF bake.collect ms=7 sources=6
PROF bake.commit ms=0
PROF bake.detail instances=6 surfaces=6 append_ms=6 material_ms=0
PROF bake.name Batch_0_0_-9223371986556680723 x1
PROF bake.name Batch_-1_0_-9223369572013282297 x1
PROF bake.name Batch_0_0_-9223369571979727842 x1
PROF bake.name Batch_-1_0_-9223369571979727842 x1
PROF bake.name Batch_0_-1_-9223369571979727842 x1
PROF bake.name Batch_-1_-1_-9223369571979727842 x1
PROF bake.collect ms=6 sources=6
PROF bake.commit ms=0
PROF bake.detail instances=7 surfaces=7 append_ms=5 material_ms=0
PROF bake.name SolidFacetedRock x1
PROF bake.name RockFoot x1
PROF bake.name OreVein x1
PROF bake.name @MeshInstance3D@27057 x1
PROF bake.name @MeshInstance3D@27058 x1
PROF bake.name @MeshInstance3D@27059 x1
PROF bake.name @MeshInstance3D@27060 x1
PROF bake.collect ms=8 sources=6
PROF bake.commit ms=1
PROF bake.detail instances=6 surfaces=6 append_ms=8 material_ms=0
PROF bake.name Batch_0_0_-9223371986556680723 x1
PROF bake.name Batch_-1_0_-9223369572013282297 x1
PROF bake.name Batch_0_0_-9223369571979727842 x1
PROF bake.name Batch_-1_0_-9223369571979727842 x1
PROF bake.name Batch_0_-1_-9223369571979727842 x1
PROF bake.name Batch_-1_-1_-9223369571979727842 x1
PROF bake.collect ms=5 sources=6
PROF bake.commit ms=0
PROF bake.detail instances=7 surfaces=7 append_ms=5 material_ms=0
PROF bake.name SolidFacetedRock x1
PROF bake.name RockFoot x1
PROF bake.name OreVein x1
PROF bake.name @MeshInstance3D@27064 x1
PROF bake.name @MeshInstance3D@27065 x1
PROF bake.name @MeshInstance3D@27066 x1
PROF bake.name @MeshInstance3D@27067 x1
PROF bake.collect ms=8 sources=6
PROF bake.commit ms=0
PROF bake.detail instances=6 surfaces=6 append_ms=8 material_ms=0
PROF bake.name Batch_0_0_-9223371986556680723 x1
PROF bake.name Batch_-1_0_-9223369572013282297 x1
PROF bake.name Batch_0_0_-9223369569916130094 x1
PROF bake.name Batch_-1_0_-9223369569916130094 x1
PROF bake.name Batch_0_-1_-9223369569916130094 x1
PROF bake.name Batch_-1_-1_-9223369569916130094 x1
PROF bake.collect ms=6 sources=6
PROF bake.commit ms=0
PROF bake.detail instances=7 surfaces=7 append_ms=5 material_ms=0
PROF bake.name SolidFacetedRock x1
PROF bake.name RockFoot x1
PROF bake.name OreVein x1
PROF bake.name @MeshInstance3D@27071 x1
PROF bake.name @MeshInstance3D@27072 x1
PROF bake.name @MeshInstance3D@27073 x1
PROF bake.name @MeshInstance3D@27074 x1
PROF bake.collect ms=8 sources=6
PROF bake.commit ms=0
PROF bake.detail instances=6 surfaces=6 append_ms=7 material_ms=0
PROF bake.name Batch_0_0_-9223371986556680723 x1
PROF bake.name Batch_-1_0_-9223369572013282297 x1
PROF bake.name Batch_0_0_-9223369569916130094 x1
PROF bake.name Batch_-1_0_-9223369569916130094 x1
PROF bake.name Batch_0_-1_-9223369569916130094 x1
PROF bake.name Batch_-1_-1_-9223369569916130094 x1
PROF bake.collect ms=6 sources=6
PROF bake.commit ms=0
PROF bake.detail instances=7 surfaces=7 append_ms=5 material_ms=0
PROF bake.name SolidFacetedRock x1
PROF bake.name RockFoot x1
PROF bake.name OreVein x1
PROF bake.name @MeshInstance3D@27078 x1
PROF bake.name @MeshInstance3D@27079 x1
PROF bake.name @MeshInstance3D@27080 x1
PROF bake.name @MeshInstance3D@27081 x1
PROF bake.collect ms=7 sources=6
PROF bake.commit ms=0
PROF bake.detail instances=6 surfaces=6 append_ms=7 material_ms=0
PROF bake.name Batch_0_0_-9223371986556680723 x1
PROF bake.name Batch_-1_0_-9223369572013282297 x1
PROF bake.name Batch_0_0_-9223369569916130094 x1
PROF bake.name Batch_-1_0_-9223369569916130094 x1
PROF bake.name Batch_0_-1_-9223369569916130094 x1
PROF bake.name Batch_-1_-1_-9223369569916130094 x1
PROF bake.collect ms=6 sources=6
PROF bake.commit ms=0
PROF bake.detail instances=7 surfaces=7 append_ms=6 material_ms=0
PROF bake.name SolidFacetedRock x1
PROF bake.name RockFoot x1
PROF bake.name OreVein x1
PROF bake.name @MeshInstance3D@27085 x1
PROF bake.name @MeshInstance3D@27086 x1
PROF bake.name @MeshInstance3D@27087 x1
PROF bake.name @MeshInstance3D@27088 x1
PROF bake.collect ms=7 sources=6
PROF bake.commit ms=0
PROF bake.detail instances=6 surfaces=6 append_ms=6 material_ms=0
PROF bake.name Batch_0_0_-9223371986556680723 x1
PROF bake.name Batch_-1_0_-9223369572013282297 x1
PROF bake.name Batch_0_0_-9223369569916130094 x1
PROF bake.name Batch_-1_0_-9223369569916130094 x1
PROF bake.name Batch_0_-1_-9223369569916130094 x1
PROF bake.name Batch_-1_-1_-9223369569916130094 x1
PROF bake.collect ms=7 sources=6
PROF bake.commit ms=0
PROF bake.detail instances=7 surfaces=7 append_ms=6 material_ms=0
PROF bake.name SolidFacetedRock x1
PROF bake.name RockFoot x1
PROF bake.name OreVein x1
PROF bake.name @MeshInstance3D@27092 x1
PROF bake.name @MeshInstance3D@27093 x1
PROF bake.name @MeshInstance3D@27094 x1
PROF bake.name @MeshInstance3D@27095 x1
PROF bake.collect ms=7 sources=6
PROF bake.commit ms=0
PROF bake.detail instances=6 surfaces=6 append_ms=6 material_ms=0
PROF bake.name Batch_0_0_-9223371986556680723 x1
PROF bake.name Batch_-1_0_-9223369572013282297 x1
PROF bake.name Batch_0_0_-9223369569916130094 x1
PROF bake.name Batch_-1_0_-9223369569916130094 x1
PROF bake.name Batch_0_-1_-9223369569916130094 x1
PROF bake.name Batch_-1_-1_-9223369569916130094 x1
PROF bake.collect ms=6 sources=6
PROF bake.commit ms=1
PROF bake.detail instances=7 surfaces=7 append_ms=6 material_ms=0
PROF bake.name SolidFacetedRock x1
PROF bake.name RockFoot x1
PROF bake.name OreVein x1
PROF bake.name @MeshInstance3D@27099 x1
PROF bake.name @MeshInstance3D@27100 x1
PROF bake.name @MeshInstance3D@27101 x1
PROF bake.name @MeshInstance3D@27102 x1
PROF bake.collect ms=6 sources=6
PROF bake.commit ms=0
PROF bake.detail instances=6 surfaces=6 append_ms=6 material_ms=0
PROF bake.name Batch_0_0_-9223371986556680723 x1
PROF bake.name Batch_-1_0_-9223369572013282297 x1
PROF bake.name Batch_0_0_-9223369571979727842 x1
PROF bake.name Batch_-1_0_-9223369571979727842 x1
PROF bake.name Batch_0_-1_-9223369571979727842 x1
PROF bake.name Batch_-1_-1_-9223369571979727842 x1
PROF bake.collect ms=5 sources=6
PROF bake.commit ms=0
PROF bake.detail instances=7 surfaces=7 append_ms=5 material_ms=0
PROF bake.name SolidFacetedRock x1
PROF bake.name RockFoot x1
PROF bake.name OreVein x1
PROF bake.name @MeshInstance3D@27106 x1
PROF bake.name @MeshInstance3D@27107 x1
PROF bake.name @MeshInstance3D@27108 x1
PROF bake.name @MeshInstance3D@27109 x1
PROF bake.collect ms=9 sources=6
PROF bake.commit ms=0
PROF bake.detail instances=6 surfaces=6 append_ms=8 material_ms=0
PROF bake.name Batch_0_0_-9223371986556680723 x1
PROF bake.name Batch_-1_0_-9223369572013282297 x1
PROF bake.name Batch_0_0_-9223369569916130094 x1
PROF bake.name Batch_-1_0_-9223369569916130094 x1
PROF bake.name Batch_0_-1_-9223369569916130094 x1
PROF bake.name Batch_-1_-1_-9223369569916130094 x1
PROF bake.collect ms=6 sources=6
PROF bake.commit ms=0
PROF bake.detail instances=7 surfaces=7 append_ms=5 material_ms=0
PROF bake.name SolidFacetedRock x1
PROF bake.name RockFoot x1
PROF bake.name OreVein x1
PROF bake.name @MeshInstance3D@27113 x1
PROF bake.name @MeshInstance3D@27114 x1
PROF bake.name @MeshInstance3D@27115 x1
PROF bake.name @MeshInstance3D@27116 x1
PROF bake.collect ms=8 sources=6
PROF bake.commit ms=0
PROF bake.detail instances=6 surfaces=6 append_ms=7 material_ms=0
PROF bake.name Batch_0_0_-9223371986556680723 x1
PROF bake.name Batch_-1_0_-9223369572013282297 x1
PROF bake.name Batch_0_0_-9223369571979727842 x1
PROF bake.name Batch_-1_0_-9223369571979727842 x1
PROF bake.name Batch_0_-1_-9223369571979727842 x1
PROF bake.name Batch_-1_-1_-9223369571979727842 x1
PROF bake.collect ms=6 sources=6
PROF bake.commit ms=0
PROF bake.detail instances=7 surfaces=7 append_ms=5 material_ms=0
PROF bake.name SolidFacetedRock x1
PROF bake.name RockFoot x1
PROF bake.name OreVein x1
PROF bake.name @MeshInstance3D@27120 x1
PROF bake.name @MeshInstance3D@27121 x1
PROF bake.name @MeshInstance3D@27122 x1
PROF bake.name @MeshInstance3D@27123 x1
PROF bake.collect ms=7 sources=6
PROF bake.commit ms=0
PROF bake.detail instances=6 surfaces=6 append_ms=6 material_ms=0
PROF bake.name Batch_0_0_-9223371986556680723 x1
PROF bake.name Batch_-1_0_-9223369572013282297 x1
PROF bake.name Batch_0_0_-9223369571979727842 x1
PROF bake.name Batch_-1_0_-9223369571979727842 x1
PROF bake.name Batch_0_-1_-9223369571979727842 x1
PROF bake.name Batch_-1_-1_-9223369571979727842 x1
PROF bake.collect ms=7 sources=6
PROF bake.commit ms=0
PROF bake.detail instances=7 surfaces=7 append_ms=6 material_ms=0
PROF bake.name SolidFacetedRock x1
PROF bake.name RockFoot x1
PROF bake.name OreVein x1
PROF bake.name @MeshInstance3D@27127 x1
PROF bake.name @MeshInstance3D@27128 x1
PROF bake.name @MeshInstance3D@27129 x1
PROF bake.name @MeshInstance3D@27130 x1
PROF bake.collect ms=7 sources=6
PROF bake.commit ms=0
PROF bake.detail instances=6 surfaces=6 append_ms=6 material_ms=0
PROF bake.name Batch_0_0_-9223371986556680723 x1
PROF bake.name Batch_-1_0_-9223369572013282297 x1
PROF bake.name Batch_0_0_-9223369571979727842 x1
PROF bake.name Batch_-1_0_-9223369571979727842 x1
PROF bake.name Batch_0_-1_-9223369571979727842 x1
PROF bake.name Batch_-1_-1_-9223369571979727842 x1
PROF bake.collect ms=7 sources=6
PROF bake.commit ms=0
PROF bake.detail instances=7 surfaces=7 append_ms=6 material_ms=0
PROF bake.name SolidFacetedRock x1
PROF bake.name RockFoot x1
PROF bake.name OreVein x1
PROF bake.name @MeshInstance3D@27134 x1
PROF bake.name @MeshInstance3D@27135 x1
PROF bake.name @MeshInstance3D@27136 x1
PROF bake.name @MeshInstance3D@27137 x1
PROF bake.collect ms=7 sources=6
PROF bake.commit ms=0
PROF bake.detail instances=6 surfaces=6 append_ms=6 material_ms=0
PROF bake.name Batch_0_0_-9223371986556680723 x1
PROF bake.name Batch_-1_0_-9223369572013282297 x1
PROF bake.name Batch_0_0_-9223369571979727842 x1
PROF bake.name Batch_-1_0_-9223369571979727842 x1
PROF bake.name Batch_0_-1_-9223369571979727842 x1
PROF bake.name Batch_-1_-1_-9223369571979727842 x1
PROF bake.collect ms=7 sources=6
PROF bake.commit ms=0
PROF bake.detail instances=7 surfaces=7 append_ms=7 material_ms=0
PROF bake.name SolidFacetedRock x1
PROF bake.name RockFoot x1
PROF bake.name OreVein x1
PROF bake.name @MeshInstance3D@27141 x1
PROF bake.name @MeshInstance3D@27142 x1
PROF bake.name @MeshInstance3D@27143 x1
PROF bake.name @MeshInstance3D@27144 x1
PROF bake.collect ms=7 sources=6
PROF bake.commit ms=0
PROF bake.detail instances=6 surfaces=6 append_ms=6 material_ms=0
PROF bake.name Batch_0_0_-9223371986556680723 x1
PROF bake.name Batch_-1_0_-9223369572013282297 x1
PROF bake.name Batch_0_0_-9223369571979727842 x1
PROF bake.name Batch_-1_0_-9223369571979727842 x1
PROF bake.name Batch_0_-1_-9223369571979727842 x1
PROF bake.name Batch_-1_-1_-9223369571979727842 x1
PROF bake.collect ms=6 sources=6
PROF bake.commit ms=0
PROF bake.detail instances=7 surfaces=7 append_ms=5 material_ms=0
PROF bake.name SolidFacetedRock x1
PROF bake.name RockFoot x1
PROF bake.name OreVein x1
PROF bake.name @MeshInstance3D@27148 x1
PROF bake.name @MeshInstance3D@27149 x1
PROF bake.name @MeshInstance3D@27150 x1
PROF bake.name @MeshInstance3D@27151 x1
PROF bake.collect ms=8 sources=6
PROF bake.commit ms=0
PROF bake.detail instances=6 surfaces=6 append_ms=8 material_ms=0
PROF bake.name Batch_0_0_-9223371986556680723 x1
PROF bake.name Batch_-1_0_-9223369572013282297 x1
PROF bake.name Batch_0_0_-9223369569916130094 x1
PROF bake.name Batch_-1_0_-9223369569916130094 x1
PROF bake.name Batch_0_-1_-9223369569916130094 x1
PROF bake.name Batch_-1_-1_-9223369569916130094 x1
PROF bake.collect ms=5 sources=6
PROF bake.commit ms=0
PROF bake.detail instances=7 surfaces=7 append_ms=5 material_ms=0
PROF bake.name SolidFacetedRock x1
PROF bake.name RockFoot x1
PROF bake.name OreVein x1
PROF bake.name @MeshInstance3D@27155 x1
PROF bake.name @MeshInstance3D@27156 x1
PROF bake.name @MeshInstance3D@27157 x1
PROF bake.name @MeshInstance3D@27158 x1
PROF bake.collect ms=8 sources=6
PROF bake.commit ms=0
PROF bake.detail instances=6 surfaces=6 append_ms=8 material_ms=0
PROF bake.name Batch_0_0_-9223371986556680723 x1
PROF bake.name Batch_-1_0_-9223369572013282297 x1
PROF bake.name Batch_0_0_-9223369569916130094 x1
PROF bake.name Batch_-1_0_-9223369569916130094 x1
PROF bake.name Batch_0_-1_-9223369569916130094 x1
PROF bake.name Batch_-1_-1_-9223369569916130094 x1
PROF bake.collect ms=5 sources=6
PROF bake.commit ms=0
PROF bake.detail instances=7 surfaces=7 append_ms=5 material_ms=0
PROF bake.name SolidFacetedRock x1
PROF bake.name RockFoot x1
PROF bake.name OreVein x1
PROF bake.name @MeshInstance3D@27162 x1
PROF bake.name @MeshInstance3D@27163 x1
PROF bake.name @MeshInstance3D@27164 x1
PROF bake.name @MeshInstance3D@27165 x1
PROF bake.collect ms=8 sources=6
PROF bake.commit ms=0
PROF bake.detail instances=6 surfaces=6 append_ms=8 material_ms=0
PROF bake.name Batch_0_0_-9223371986556680723 x1
PROF bake.name Batch_-1_0_-9223369572013282297 x1
PROF bake.name Batch_0_0_-9223369549431147729 x1
PROF bake.name Batch_-1_0_-9223369549431147729 x1
PROF bake.name Batch_0_-1_-9223369549431147729 x1
PROF bake.name Batch_-1_-1_-9223369549431147729 x1
PROF bake.collect ms=6 sources=6
PROF bake.commit ms=0
PROF bake.detail instances=7 surfaces=7 append_ms=5 material_ms=0
PROF bake.name SolidFacetedRock x1
PROF bake.name RockFoot x1
PROF bake.name OreVein x1
PROF bake.name @MeshInstance3D@27169 x1
PROF bake.name @MeshInstance3D@27170 x1
PROF bake.name @MeshInstance3D@27171 x1
PROF bake.name @MeshInstance3D@27172 x1
PROF bake.collect ms=7 sources=6
PROF bake.commit ms=0
PROF bake.detail instances=6 surfaces=6 append_ms=6 material_ms=0
PROF bake.name Batch_0_0_-9223371986556680723 x1
PROF bake.name Batch_-1_0_-9223369572013282297 x1
PROF bake.name Batch_0_0_-9223369569916130094 x1
PROF bake.name Batch_-1_0_-9223369569916130094 x1
PROF bake.name Batch_0_-1_-9223369569916130094 x1
PROF bake.name Batch_-1_-1_-9223369569916130094 x1
PROF bake.collect ms=473 sources=16
PROF bake.commit ms=1
PROF bake.detail instances=540 surfaces=540 append_ms=468 material_ms=0
PROF bake.name WheatStalk x9
PROF bake.name Grain x9
PROF bake.name WheatLeaf x9
PROF bake.name @MeshInstance3D@27522 x1
PROF bake.name @MeshInstance3D@27523 x1
PROF bake.name @MeshInstance3D@27524 x1
PROF bake.name @MeshInstance3D@27525 x1
PROF bake.name @MeshInstance3D@27526 x1
PROF bake.name @MeshInstance3D@27528 x1
PROF bake.name @MeshInstance3D@27529 x1
PROF bake.name @MeshInstance3D@27530 x1
PROF bake.name @MeshInstance3D@27531 x1
PROF bake.name @MeshInstance3D@27532 x1
PROF bake.name @MeshInstance3D@27533 x1
PROF bake.name @MeshInstance3D@27534 x1
PROF bake.name @MeshInstance3D@27535 x1
PROF bake.name @MeshInstance3D@27536 x1
PROF bake.name @MeshInstance3D@27537 x1
PROF bake.name @MeshInstance3D@27538 x1
PROF bake.name @MeshInstance3D@27521 x1
PROF bake.name @MeshInstance3D@27520 x1
PROF bake.name @MeshInstance3D@27519 x1
PROF bake.name @MeshInstance3D@27518 x1
PROF bake.name @MeshInstance3D@27517 x1
PROF bake.name @MeshInstance3D@27516 x1
PROF bake.name @MeshInstance3D@27515 x1
PROF bake.name @MeshInstance3D@27514 x1
PROF bake.name @MeshInstance3D@27513 x1
PROF bake.name @MeshInstance3D@27512 x1
PROF bake.name @MeshInstance3D@27511 x1
PROF bake.name @MeshInstance3D@27510 x1
PROF bake.name @MeshInstance3D@27509 x1
PROF bake.name @MeshInstance3D@27508 x1
PROF bake.name @MeshInstance3D@27507 x1
PROF bake.name @MeshInstance3D@27506 x1
PROF bake.name @MeshInstance3D@27570 x1
PROF bake.name @MeshInstance3D@27569 x1
PROF bake.name @MeshInstance3D@27568 x1
PROF bake.name @MeshInstance3D@27567 x1
PROF bake.name @MeshInstance3D@27566 x1
PROF bake.collect ms=386 sources=16
PROF bake.commit ms=1
PROF bake.detail instances=540 surfaces=540 append_ms=382 material_ms=0
PROF bake.name WheatStalk x9
PROF bake.name Grain x9
PROF bake.name WheatLeaf x9
PROF bake.name @MeshInstance3D@28044 x1
PROF bake.name @MeshInstance3D@28045 x1
PROF bake.name @MeshInstance3D@28046 x1
PROF bake.name @MeshInstance3D@28047 x1
PROF bake.name @MeshInstance3D@28048 x1
PROF bake.name @MeshInstance3D@28050 x1
PROF bake.name @MeshInstance3D@28051 x1
PROF bake.name @MeshInstance3D@28052 x1
PROF bake.name @MeshInstance3D@28053 x1
PROF bake.name @MeshInstance3D@28054 x1
PROF bake.name @MeshInstance3D@28055 x1
PROF bake.name @MeshInstance3D@28056 x1
PROF bake.name @MeshInstance3D@28057 x1
PROF bake.name @MeshInstance3D@28058 x1
PROF bake.name @MeshInstance3D@28059 x1
PROF bake.name @MeshInstance3D@28060 x1
PROF bake.name @MeshInstance3D@28043 x1
PROF bake.name @MeshInstance3D@28042 x1
PROF bake.name @MeshInstance3D@28041 x1
PROF bake.name @MeshInstance3D@28040 x1
PROF bake.name @MeshInstance3D@28039 x1
PROF bake.name @MeshInstance3D@28038 x1
PROF bake.name @MeshInstance3D@28037 x1
PROF bake.name @MeshInstance3D@28036 x1
PROF bake.name @MeshInstance3D@28035 x1
PROF bake.name @MeshInstance3D@28034 x1
PROF bake.name @MeshInstance3D@28033 x1
PROF bake.name @MeshInstance3D@28032 x1
PROF bake.name @MeshInstance3D@28031 x1
PROF bake.name @MeshInstance3D@28030 x1
PROF bake.name @MeshInstance3D@28029 x1
PROF bake.name @MeshInstance3D@28028 x1
PROF bake.name @MeshInstance3D@28092 x1
PROF bake.name @MeshInstance3D@28091 x1
PROF bake.name @MeshInstance3D@28090 x1
PROF bake.name @MeshInstance3D@28089 x1
PROF bake.name @MeshInstance3D@28088 x1
PROF bake.collect ms=405 sources=16
PROF bake.commit ms=1
PROF bake.detail instances=540 surfaces=540 append_ms=401 material_ms=0
PROF bake.name WheatStalk x9
PROF bake.name Grain x9
PROF bake.name WheatLeaf x9
PROF bake.name @MeshInstance3D@28573 x1
PROF bake.name @MeshInstance3D@28574 x1
PROF bake.name @MeshInstance3D@28575 x1
PROF bake.name @MeshInstance3D@28576 x1
PROF bake.name @MeshInstance3D@28577 x1
PROF bake.name @MeshInstance3D@28579 x1
PROF bake.name @MeshInstance3D@28580 x1
PROF bake.name @MeshInstance3D@28581 x1
PROF bake.name @MeshInstance3D@28582 x1
PROF bake.name @MeshInstance3D@28583 x1
PROF bake.name @MeshInstance3D@28584 x1
PROF bake.name @MeshInstance3D@28585 x1
PROF bake.name @MeshInstance3D@28586 x1
PROF bake.name @MeshInstance3D@28587 x1
PROF bake.name @MeshInstance3D@28588 x1
PROF bake.name @MeshInstance3D@28589 x1
PROF bake.name @MeshInstance3D@28572 x1
PROF bake.name @MeshInstance3D@28571 x1
PROF bake.name @MeshInstance3D@28570 x1
PROF bake.name @MeshInstance3D@28569 x1
PROF bake.name @MeshInstance3D@28568 x1
PROF bake.name @MeshInstance3D@28567 x1
PROF bake.name @MeshInstance3D@28566 x1
PROF bake.name @MeshInstance3D@28565 x1
PROF bake.name @MeshInstance3D@28564 x1
PROF bake.name @MeshInstance3D@28563 x1
PROF bake.name @MeshInstance3D@28562 x1
PROF bake.name @MeshInstance3D@28561 x1
PROF bake.name @MeshInstance3D@28560 x1
PROF bake.name @MeshInstance3D@28559 x1
PROF bake.name @MeshInstance3D@28558 x1
PROF bake.name @MeshInstance3D@28557 x1
PROF bake.name @MeshInstance3D@28621 x1
PROF bake.name @MeshInstance3D@28620 x1
PROF bake.name @MeshInstance3D@28619 x1
PROF bake.name @MeshInstance3D@28618 x1
PROF bake.name @MeshInstance3D@28617 x1
PROF bake.collect ms=396 sources=16
PROF bake.commit ms=0
PROF bake.detail instances=540 surfaces=540 append_ms=392 material_ms=0
PROF bake.name WheatStalk x9
PROF bake.name Grain x9
PROF bake.name WheatLeaf x9
PROF bake.name @MeshInstance3D@29095 x1
PROF bake.name @MeshInstance3D@29096 x1
PROF bake.name @MeshInstance3D@29097 x1
PROF bake.name @MeshInstance3D@29098 x1
PROF bake.name @MeshInstance3D@29099 x1
PROF bake.name @MeshInstance3D@29101 x1
PROF bake.name @MeshInstance3D@29102 x1
PROF bake.name @MeshInstance3D@29103 x1
PROF bake.name @MeshInstance3D@29104 x1
PROF bake.name @MeshInstance3D@29105 x1
PROF bake.name @MeshInstance3D@29106 x1
PROF bake.name @MeshInstance3D@29107 x1
PROF bake.name @MeshInstance3D@29108 x1
PROF bake.name @MeshInstance3D@29109 x1
PROF bake.name @MeshInstance3D@29110 x1
PROF bake.name @MeshInstance3D@29111 x1
PROF bake.name @MeshInstance3D@29094 x1
PROF bake.name @MeshInstance3D@29093 x1
PROF bake.name @MeshInstance3D@29092 x1
PROF bake.name @MeshInstance3D@29091 x1
PROF bake.name @MeshInstance3D@29090 x1
PROF bake.name @MeshInstance3D@29089 x1
PROF bake.name @MeshInstance3D@29088 x1
PROF bake.name @MeshInstance3D@29087 x1
PROF bake.name @MeshInstance3D@29086 x1
PROF bake.name @MeshInstance3D@29085 x1
PROF bake.name @MeshInstance3D@29084 x1
PROF bake.name @MeshInstance3D@29083 x1
PROF bake.name @MeshInstance3D@29082 x1
PROF bake.name @MeshInstance3D@29081 x1
PROF bake.name @MeshInstance3D@29080 x1
PROF bake.name @MeshInstance3D@29079 x1
PROF bake.name @MeshInstance3D@29143 x1
PROF bake.name @MeshInstance3D@29142 x1
PROF bake.name @MeshInstance3D@29141 x1
PROF bake.name @MeshInstance3D@29140 x1
PROF bake.name @MeshInstance3D@29139 x1
PROF bake.collect ms=419 sources=16
PROF bake.commit ms=1
PROF bake.detail instances=540 surfaces=540 append_ms=415 material_ms=0
PROF bake.name WheatStalk x9
PROF bake.name Grain x9
PROF bake.name WheatLeaf x9
PROF bake.name @MeshInstance3D@29624 x1
PROF bake.name @MeshInstance3D@29625 x1
PROF bake.name @MeshInstance3D@29626 x1
PROF bake.name @MeshInstance3D@29627 x1
PROF bake.name @MeshInstance3D@29628 x1
PROF bake.name @MeshInstance3D@29630 x1
PROF bake.name @MeshInstance3D@29631 x1
PROF bake.name @MeshInstance3D@29632 x1
PROF bake.name @MeshInstance3D@29633 x1
PROF bake.name @MeshInstance3D@29634 x1
PROF bake.name @MeshInstance3D@29635 x1
PROF bake.name @MeshInstance3D@29636 x1
PROF bake.name @MeshInstance3D@29637 x1
PROF bake.name @MeshInstance3D@29638 x1
PROF bake.name @MeshInstance3D@29639 x1
PROF bake.name @MeshInstance3D@29640 x1
PROF bake.name @MeshInstance3D@29623 x1
PROF bake.name @MeshInstance3D@29622 x1
PROF bake.name @MeshInstance3D@29621 x1
PROF bake.name @MeshInstance3D@29620 x1
PROF bake.name @MeshInstance3D@29619 x1
PROF bake.name @MeshInstance3D@29618 x1
PROF bake.name @MeshInstance3D@29617 x1
PROF bake.name @MeshInstance3D@29616 x1
PROF bake.name @MeshInstance3D@29615 x1
PROF bake.name @MeshInstance3D@29614 x1
PROF bake.name @MeshInstance3D@29613 x1
PROF bake.name @MeshInstance3D@29612 x1
PROF bake.name @MeshInstance3D@29611 x1
PROF bake.name @MeshInstance3D@29610 x1
PROF bake.name @MeshInstance3D@29609 x1
PROF bake.name @MeshInstance3D@29608 x1
PROF bake.name @MeshInstance3D@29672 x1
PROF bake.name @MeshInstance3D@29671 x1
PROF bake.name @MeshInstance3D@29670 x1
PROF bake.name @MeshInstance3D@29669 x1
PROF bake.name @MeshInstance3D@29668 x1
PROF bake.collect ms=415 sources=16
PROF bake.commit ms=1
PROF bake.detail instances=540 surfaces=540 append_ms=411 material_ms=0
PROF bake.name WheatStalk x9
PROF bake.name Grain x9
PROF bake.name WheatLeaf x9
PROF bake.name @MeshInstance3D@30146 x1
PROF bake.name @MeshInstance3D@30147 x1
PROF bake.name @MeshInstance3D@30148 x1
PROF bake.name @MeshInstance3D@30149 x1
PROF bake.name @MeshInstance3D@30150 x1
PROF bake.name @MeshInstance3D@30152 x1
PROF bake.name @MeshInstance3D@30153 x1
PROF bake.name @MeshInstance3D@30154 x1
PROF bake.name @MeshInstance3D@30155 x1
PROF bake.name @MeshInstance3D@30156 x1
PROF bake.name @MeshInstance3D@30157 x1
PROF bake.name @MeshInstance3D@30158 x1
PROF bake.name @MeshInstance3D@30159 x1
PROF bake.name @MeshInstance3D@30160 x1
PROF bake.name @MeshInstance3D@30161 x1
PROF bake.name @MeshInstance3D@30162 x1
PROF bake.name @MeshInstance3D@30145 x1
PROF bake.name @MeshInstance3D@30144 x1
PROF bake.name @MeshInstance3D@30143 x1
PROF bake.name @MeshInstance3D@30142 x1
PROF bake.name @MeshInstance3D@30141 x1
PROF bake.name @MeshInstance3D@30140 x1
PROF bake.name @MeshInstance3D@30139 x1
PROF bake.name @MeshInstance3D@30138 x1
PROF bake.name @MeshInstance3D@30137 x1
PROF bake.name @MeshInstance3D@30136 x1
PROF bake.name @MeshInstance3D@30135 x1
PROF bake.name @MeshInstance3D@30134 x1
PROF bake.name @MeshInstance3D@30133 x1
PROF bake.name @MeshInstance3D@30132 x1
PROF bake.name @MeshInstance3D@30131 x1
PROF bake.name @MeshInstance3D@30130 x1
PROF bake.name @MeshInstance3D@30194 x1
PROF bake.name @MeshInstance3D@30193 x1
PROF bake.name @MeshInstance3D@30192 x1
PROF bake.name @MeshInstance3D@30191 x1
PROF bake.name @MeshInstance3D@30190 x1
PROF bake.collect ms=387 sources=16
PROF bake.commit ms=0
PROF bake.detail instances=540 surfaces=540 append_ms=383 material_ms=0
PROF bake.name WheatStalk x9
PROF bake.name Grain x9
PROF bake.name WheatLeaf x9
PROF bake.name @MeshInstance3D@30675 x1
PROF bake.name @MeshInstance3D@30676 x1
PROF bake.name @MeshInstance3D@30677 x1
PROF bake.name @MeshInstance3D@30678 x1
PROF bake.name @MeshInstance3D@30679 x1
PROF bake.name @MeshInstance3D@30681 x1
PROF bake.name @MeshInstance3D@30682 x1
PROF bake.name @MeshInstance3D@30683 x1
PROF bake.name @MeshInstance3D@30684 x1
PROF bake.name @MeshInstance3D@30685 x1
PROF bake.name @MeshInstance3D@30686 x1
PROF bake.name @MeshInstance3D@30687 x1
PROF bake.name @MeshInstance3D@30688 x1
PROF bake.name @MeshInstance3D@30689 x1
PROF bake.name @MeshInstance3D@30690 x1
PROF bake.name @MeshInstance3D@30691 x1
PROF bake.name @MeshInstance3D@30674 x1
PROF bake.name @MeshInstance3D@30673 x1
PROF bake.name @MeshInstance3D@30672 x1
PROF bake.name @MeshInstance3D@30671 x1
PROF bake.name @MeshInstance3D@30670 x1
PROF bake.name @MeshInstance3D@30669 x1
PROF bake.name @MeshInstance3D@30668 x1
PROF bake.name @MeshInstance3D@30667 x1
PROF bake.name @MeshInstance3D@30666 x1
PROF bake.name @MeshInstance3D@30665 x1
PROF bake.name @MeshInstance3D@30664 x1
PROF bake.name @MeshInstance3D@30663 x1
PROF bake.name @MeshInstance3D@30662 x1
PROF bake.name @MeshInstance3D@30661 x1
PROF bake.name @MeshInstance3D@30660 x1
PROF bake.name @MeshInstance3D@30659 x1
PROF bake.name @MeshInstance3D@30723 x1
PROF bake.name @MeshInstance3D@30722 x1
PROF bake.name @MeshInstance3D@30721 x1
PROF bake.name @MeshInstance3D@30720 x1
PROF bake.name @MeshInstance3D@30719 x1
PROF bake.collect ms=386 sources=16
PROF bake.commit ms=1
PROF bake.detail instances=540 surfaces=540 append_ms=383 material_ms=0
PROF bake.name WheatStalk x9
PROF bake.name Grain x9
PROF bake.name WheatLeaf x9
PROF bake.name @MeshInstance3D@31197 x1
PROF bake.name @MeshInstance3D@31198 x1
PROF bake.name @MeshInstance3D@31199 x1
PROF bake.name @MeshInstance3D@31200 x1
PROF bake.name @MeshInstance3D@31201 x1
PROF bake.name @MeshInstance3D@31203 x1
PROF bake.name @MeshInstance3D@31204 x1
PROF bake.name @MeshInstance3D@31205 x1
PROF bake.name @MeshInstance3D@31206 x1
PROF bake.name @MeshInstance3D@31207 x1
PROF bake.name @MeshInstance3D@31208 x1
PROF bake.name @MeshInstance3D@31209 x1
PROF bake.name @MeshInstance3D@31210 x1
PROF bake.name @MeshInstance3D@31211 x1
PROF bake.name @MeshInstance3D@31212 x1
PROF bake.name @MeshInstance3D@31213 x1
PROF bake.name @MeshInstance3D@31196 x1
PROF bake.name @MeshInstance3D@31195 x1
PROF bake.name @MeshInstance3D@31194 x1
PROF bake.name @MeshInstance3D@31193 x1
PROF bake.name @MeshInstance3D@31192 x1
PROF bake.name @MeshInstance3D@31191 x1
PROF bake.name @MeshInstance3D@31190 x1
PROF bake.name @MeshInstance3D@31189 x1
PROF bake.name @MeshInstance3D@31188 x1
PROF bake.name @MeshInstance3D@31187 x1
PROF bake.name @MeshInstance3D@31186 x1
PROF bake.name @MeshInstance3D@31185 x1
PROF bake.name @MeshInstance3D@31184 x1
PROF bake.name @MeshInstance3D@31183 x1
PROF bake.name @MeshInstance3D@31182 x1
PROF bake.name @MeshInstance3D@31181 x1
PROF bake.name @MeshInstance3D@31245 x1
PROF bake.name @MeshInstance3D@31244 x1
PROF bake.name @MeshInstance3D@31243 x1
PROF bake.name @MeshInstance3D@31242 x1
PROF bake.name @MeshInstance3D@31241 x1
PROF bake.collect ms=391 sources=16
PROF bake.commit ms=1
PROF bake.detail instances=540 surfaces=540 append_ms=387 material_ms=0
PROF bake.name WheatStalk x9
PROF bake.name Grain x9
PROF bake.name WheatLeaf x9
PROF bake.name @MeshInstance3D@31726 x1
PROF bake.name @MeshInstance3D@31727 x1
PROF bake.name @MeshInstance3D@31728 x1
PROF bake.name @MeshInstance3D@31729 x1
PROF bake.name @MeshInstance3D@31730 x1
PROF bake.name @MeshInstance3D@31732 x1
PROF bake.name @MeshInstance3D@31733 x1
PROF bake.name @MeshInstance3D@31734 x1
PROF bake.name @MeshInstance3D@31735 x1
PROF bake.name @MeshInstance3D@31736 x1
PROF bake.name @MeshInstance3D@31737 x1
PROF bake.name @MeshInstance3D@31738 x1
PROF bake.name @MeshInstance3D@31739 x1
PROF bake.name @MeshInstance3D@31740 x1
PROF bake.name @MeshInstance3D@31741 x1
PROF bake.name @MeshInstance3D@31742 x1
PROF bake.name @MeshInstance3D@31725 x1
PROF bake.name @MeshInstance3D@31724 x1
PROF bake.name @MeshInstance3D@31723 x1
PROF bake.name @MeshInstance3D@31722 x1
PROF bake.name @MeshInstance3D@31721 x1
PROF bake.name @MeshInstance3D@31720 x1
PROF bake.name @MeshInstance3D@31719 x1
PROF bake.name @MeshInstance3D@31718 x1
PROF bake.name @MeshInstance3D@31717 x1
PROF bake.name @MeshInstance3D@31716 x1
PROF bake.name @MeshInstance3D@31715 x1
PROF bake.name @MeshInstance3D@31714 x1
PROF bake.name @MeshInstance3D@31713 x1
PROF bake.name @MeshInstance3D@31712 x1
PROF bake.name @MeshInstance3D@31711 x1
PROF bake.name @MeshInstance3D@31710 x1
PROF bake.name @MeshInstance3D@31774 x1
PROF bake.name @MeshInstance3D@31773 x1
PROF bake.name @MeshInstance3D@31772 x1
PROF bake.name @MeshInstance3D@31771 x1
PROF bake.name @MeshInstance3D@31770 x1
PROF bake.collect ms=384 sources=16
PROF bake.commit ms=1
PROF bake.detail instances=540 surfaces=540 append_ms=381 material_ms=0
PROF bake.name WheatStalk x9
PROF bake.name Grain x9
PROF bake.name WheatLeaf x9
PROF bake.name @MeshInstance3D@32248 x1
PROF bake.name @MeshInstance3D@32249 x1
PROF bake.name @MeshInstance3D@32250 x1
PROF bake.name @MeshInstance3D@32251 x1
PROF bake.name @MeshInstance3D@32252 x1
PROF bake.name @MeshInstance3D@32254 x1
PROF bake.name @MeshInstance3D@32255 x1
PROF bake.name @MeshInstance3D@32256 x1
PROF bake.name @MeshInstance3D@32257 x1
PROF bake.name @MeshInstance3D@32258 x1
PROF bake.name @MeshInstance3D@32259 x1
PROF bake.name @MeshInstance3D@32260 x1
PROF bake.name @MeshInstance3D@32261 x1
PROF bake.name @MeshInstance3D@32262 x1
PROF bake.name @MeshInstance3D@32263 x1
PROF bake.name @MeshInstance3D@32264 x1
PROF bake.name @MeshInstance3D@32247 x1
PROF bake.name @MeshInstance3D@32246 x1
PROF bake.name @MeshInstance3D@32245 x1
PROF bake.name @MeshInstance3D@32244 x1
PROF bake.name @MeshInstance3D@32243 x1
PROF bake.name @MeshInstance3D@32242 x1
PROF bake.name @MeshInstance3D@32241 x1
PROF bake.name @MeshInstance3D@32240 x1
PROF bake.name @MeshInstance3D@32239 x1
PROF bake.name @MeshInstance3D@32238 x1
PROF bake.name @MeshInstance3D@32237 x1
PROF bake.name @MeshInstance3D@32236 x1
PROF bake.name @MeshInstance3D@32235 x1
PROF bake.name @MeshInstance3D@32234 x1
PROF bake.name @MeshInstance3D@32233 x1
PROF bake.name @MeshInstance3D@32232 x1
PROF bake.name @MeshInstance3D@32296 x1
PROF bake.name @MeshInstance3D@32295 x1
PROF bake.name @MeshInstance3D@32294 x1
PROF bake.name @MeshInstance3D@32293 x1
PROF bake.name @MeshInstance3D@32292 x1
PROF bake.collect ms=461 sources=16
PROF bake.commit ms=1
PROF bake.detail instances=540 surfaces=540 append_ms=457 material_ms=0
PROF bake.name WheatStalk x9
PROF bake.name Grain x9
PROF bake.name WheatLeaf x9
PROF bake.name @MeshInstance3D@32777 x1
PROF bake.name @MeshInstance3D@32778 x1
PROF bake.name @MeshInstance3D@32779 x1
PROF bake.name @MeshInstance3D@32780 x1
PROF bake.name @MeshInstance3D@32781 x1
PROF bake.name @MeshInstance3D@32783 x1
PROF bake.name @MeshInstance3D@32784 x1
PROF bake.name @MeshInstance3D@32785 x1
PROF bake.name @MeshInstance3D@32786 x1
PROF bake.name @MeshInstance3D@32787 x1
PROF bake.name @MeshInstance3D@32788 x1
PROF bake.name @MeshInstance3D@32789 x1
PROF bake.name @MeshInstance3D@32790 x1
PROF bake.name @MeshInstance3D@32791 x1
PROF bake.name @MeshInstance3D@32792 x1
PROF bake.name @MeshInstance3D@32793 x1
PROF bake.name @MeshInstance3D@32776 x1
PROF bake.name @MeshInstance3D@32775 x1
PROF bake.name @MeshInstance3D@32774 x1
PROF bake.name @MeshInstance3D@32773 x1
PROF bake.name @MeshInstance3D@32772 x1
PROF bake.name @MeshInstance3D@32771 x1
PROF bake.name @MeshInstance3D@32770 x1
PROF bake.name @MeshInstance3D@32769 x1
PROF bake.name @MeshInstance3D@32768 x1
PROF bake.name @MeshInstance3D@32767 x1
PROF bake.name @MeshInstance3D@32766 x1
PROF bake.name @MeshInstance3D@32765 x1
PROF bake.name @MeshInstance3D@32764 x1
PROF bake.name @MeshInstance3D@32763 x1
PROF bake.name @MeshInstance3D@32762 x1
PROF bake.name @MeshInstance3D@32761 x1
PROF bake.name @MeshInstance3D@32825 x1
PROF bake.name @MeshInstance3D@32824 x1
PROF bake.name @MeshInstance3D@32823 x1
PROF bake.name @MeshInstance3D@32822 x1
PROF bake.name @MeshInstance3D@32821 x1
PROF bake.collect ms=472 sources=16
PROF bake.commit ms=1
PROF bake.detail instances=540 surfaces=540 append_ms=468 material_ms=0
PROF bake.name WheatStalk x9
PROF bake.name Grain x9
PROF bake.name WheatLeaf x9
PROF bake.name @MeshInstance3D@33299 x1
PROF bake.name @MeshInstance3D@33300 x1
PROF bake.name @MeshInstance3D@33301 x1
PROF bake.name @MeshInstance3D@33302 x1
PROF bake.name @MeshInstance3D@33303 x1
PROF bake.name @MeshInstance3D@33305 x1
PROF bake.name @MeshInstance3D@33306 x1
PROF bake.name @MeshInstance3D@33307 x1
PROF bake.name @MeshInstance3D@33308 x1
PROF bake.name @MeshInstance3D@33309 x1
PROF bake.name @MeshInstance3D@33310 x1
PROF bake.name @MeshInstance3D@33311 x1
PROF bake.name @MeshInstance3D@33312 x1
PROF bake.name @MeshInstance3D@33313 x1
PROF bake.name @MeshInstance3D@33314 x1
PROF bake.name @MeshInstance3D@33315 x1
PROF bake.name @MeshInstance3D@33298 x1
PROF bake.name @MeshInstance3D@33297 x1
PROF bake.name @MeshInstance3D@33296 x1
PROF bake.name @MeshInstance3D@33295 x1
PROF bake.name @MeshInstance3D@33294 x1
PROF bake.name @MeshInstance3D@33293 x1
PROF bake.name @MeshInstance3D@33292 x1
PROF bake.name @MeshInstance3D@33291 x1
PROF bake.name @MeshInstance3D@33290 x1
PROF bake.name @MeshInstance3D@33289 x1
PROF bake.name @MeshInstance3D@33288 x1
PROF bake.name @MeshInstance3D@33287 x1
PROF bake.name @MeshInstance3D@33286 x1
PROF bake.name @MeshInstance3D@33285 x1
PROF bake.name @MeshInstance3D@33284 x1
PROF bake.name @MeshInstance3D@33283 x1
PROF bake.name @MeshInstance3D@33347 x1
PROF bake.name @MeshInstance3D@33346 x1
PROF bake.name @MeshInstance3D@33345 x1
PROF bake.name @MeshInstance3D@33344 x1
PROF bake.name @MeshInstance3D@33343 x1
PROF bake.collect ms=422 sources=16
PROF bake.commit ms=1
PROF bake.detail instances=540 surfaces=540 append_ms=418 material_ms=0
PROF bake.name WheatStalk x9
PROF bake.name Grain x9
PROF bake.name WheatLeaf x9
PROF bake.name @MeshInstance3D@33828 x1
PROF bake.name @MeshInstance3D@33829 x1
PROF bake.name @MeshInstance3D@33830 x1
PROF bake.name @MeshInstance3D@33831 x1
PROF bake.name @MeshInstance3D@33832 x1
PROF bake.name @MeshInstance3D@33834 x1
PROF bake.name @MeshInstance3D@33835 x1
PROF bake.name @MeshInstance3D@33836 x1
PROF bake.name @MeshInstance3D@33837 x1
PROF bake.name @MeshInstance3D@33838 x1
PROF bake.name @MeshInstance3D@33839 x1
PROF bake.name @MeshInstance3D@33840 x1
PROF bake.name @MeshInstance3D@33841 x1
PROF bake.name @MeshInstance3D@33842 x1
PROF bake.name @MeshInstance3D@33843 x1
PROF bake.name @MeshInstance3D@33844 x1
PROF bake.name @MeshInstance3D@33827 x1
PROF bake.name @MeshInstance3D@33826 x1
PROF bake.name @MeshInstance3D@33825 x1
PROF bake.name @MeshInstance3D@33824 x1
PROF bake.name @MeshInstance3D@33823 x1
PROF bake.name @MeshInstance3D@33822 x1
PROF bake.name @MeshInstance3D@33821 x1
PROF bake.name @MeshInstance3D@33820 x1
PROF bake.name @MeshInstance3D@33819 x1
PROF bake.name @MeshInstance3D@33818 x1
PROF bake.name @MeshInstance3D@33817 x1
PROF bake.name @MeshInstance3D@33816 x1
PROF bake.name @MeshInstance3D@33815 x1
PROF bake.name @MeshInstance3D@33814 x1
PROF bake.name @MeshInstance3D@33813 x1
PROF bake.name @MeshInstance3D@33812 x1
PROF bake.name @MeshInstance3D@33876 x1
PROF bake.name @MeshInstance3D@33875 x1
PROF bake.name @MeshInstance3D@33874 x1
PROF bake.name @MeshInstance3D@33873 x1
PROF bake.name @MeshInstance3D@33872 x1
PROF bake.collect ms=387 sources=16
PROF bake.commit ms=1
PROF bake.detail instances=540 surfaces=540 append_ms=384 material_ms=0
PROF bake.name WheatStalk x9
PROF bake.name Grain x9
PROF bake.name WheatLeaf x9
PROF bake.name @MeshInstance3D@34350 x1
PROF bake.name @MeshInstance3D@34351 x1
PROF bake.name @MeshInstance3D@34352 x1
PROF bake.name @MeshInstance3D@34353 x1
PROF bake.name @MeshInstance3D@34354 x1
PROF bake.name @MeshInstance3D@34356 x1
PROF bake.name @MeshInstance3D@34357 x1
PROF bake.name @MeshInstance3D@34358 x1
PROF bake.name @MeshInstance3D@34359 x1
PROF bake.name @MeshInstance3D@34360 x1
PROF bake.name @MeshInstance3D@34361 x1
PROF bake.name @MeshInstance3D@34362 x1
PROF bake.name @MeshInstance3D@34363 x1
PROF bake.name @MeshInstance3D@34364 x1
PROF bake.name @MeshInstance3D@34365 x1
PROF bake.name @MeshInstance3D@34366 x1
PROF bake.name @MeshInstance3D@34349 x1
PROF bake.name @MeshInstance3D@34348 x1
PROF bake.name @MeshInstance3D@34347 x1
PROF bake.name @MeshInstance3D@34346 x1
PROF bake.name @MeshInstance3D@34345 x1
PROF bake.name @MeshInstance3D@34344 x1
PROF bake.name @MeshInstance3D@34343 x1
PROF bake.name @MeshInstance3D@34342 x1
PROF bake.name @MeshInstance3D@34341 x1
PROF bake.name @MeshInstance3D@34340 x1
PROF bake.name @MeshInstance3D@34339 x1
PROF bake.name @MeshInstance3D@34338 x1
PROF bake.name @MeshInstance3D@34337 x1
PROF bake.name @MeshInstance3D@34336 x1
PROF bake.name @MeshInstance3D@34335 x1
PROF bake.name @MeshInstance3D@34334 x1
PROF bake.name @MeshInstance3D@34398 x1
PROF bake.name @MeshInstance3D@34397 x1
PROF bake.name @MeshInstance3D@34396 x1
PROF bake.name @MeshInstance3D@34395 x1
PROF bake.name @MeshInstance3D@34394 x1
PROF bake.collect ms=396 sources=16
PROF bake.commit ms=1
PROF bake.detail instances=540 surfaces=540 append_ms=392 material_ms=0
PROF bake.name WheatStalk x9
PROF bake.name Grain x9
PROF bake.name WheatLeaf x9
PROF bake.name @MeshInstance3D@34879 x1
PROF bake.name @MeshInstance3D@34880 x1
PROF bake.name @MeshInstance3D@34881 x1
PROF bake.name @MeshInstance3D@34882 x1
PROF bake.name @MeshInstance3D@34883 x1
PROF bake.name @MeshInstance3D@34885 x1
PROF bake.name @MeshInstance3D@34886 x1
PROF bake.name @MeshInstance3D@34887 x1
PROF bake.name @MeshInstance3D@34888 x1
PROF bake.name @MeshInstance3D@34889 x1
PROF bake.name @MeshInstance3D@34890 x1
PROF bake.name @MeshInstance3D@34891 x1
PROF bake.name @MeshInstance3D@34892 x1
PROF bake.name @MeshInstance3D@34893 x1
PROF bake.name @MeshInstance3D@34894 x1
PROF bake.name @MeshInstance3D@34895 x1
PROF bake.name @MeshInstance3D@34878 x1
PROF bake.name @MeshInstance3D@34877 x1
PROF bake.name @MeshInstance3D@34876 x1
PROF bake.name @MeshInstance3D@34875 x1
PROF bake.name @MeshInstance3D@34874 x1
PROF bake.name @MeshInstance3D@34873 x1
PROF bake.name @MeshInstance3D@34872 x1
PROF bake.name @MeshInstance3D@34871 x1
PROF bake.name @MeshInstance3D@34870 x1
PROF bake.name @MeshInstance3D@34869 x1
PROF bake.name @MeshInstance3D@34868 x1
PROF bake.name @MeshInstance3D@34867 x1
PROF bake.name @MeshInstance3D@34866 x1
PROF bake.name @MeshInstance3D@34865 x1
PROF bake.name @MeshInstance3D@34864 x1
PROF bake.name @MeshInstance3D@34863 x1
PROF bake.name @MeshInstance3D@34927 x1
PROF bake.name @MeshInstance3D@34926 x1
PROF bake.name @MeshInstance3D@34925 x1
PROF bake.name @MeshInstance3D@34924 x1
PROF bake.name @MeshInstance3D@34923 x1
PROF bake.collect ms=419 sources=16
PROF bake.commit ms=0
PROF bake.detail instances=540 surfaces=540 append_ms=415 material_ms=0
PROF bake.name WheatStalk x9
PROF bake.name Grain x9
PROF bake.name WheatLeaf x9
PROF bake.name @MeshInstance3D@35401 x1
PROF bake.name @MeshInstance3D@35402 x1
PROF bake.name @MeshInstance3D@35403 x1
PROF bake.name @MeshInstance3D@35404 x1
PROF bake.name @MeshInstance3D@35405 x1
PROF bake.name @MeshInstance3D@35407 x1
PROF bake.name @MeshInstance3D@35408 x1
PROF bake.name @MeshInstance3D@35409 x1
PROF bake.name @MeshInstance3D@35410 x1
PROF bake.name @MeshInstance3D@35411 x1
PROF bake.name @MeshInstance3D@35412 x1
PROF bake.name @MeshInstance3D@35413 x1
PROF bake.name @MeshInstance3D@35414 x1
PROF bake.name @MeshInstance3D@35415 x1
PROF bake.name @MeshInstance3D@35416 x1
PROF bake.name @MeshInstance3D@35417 x1
PROF bake.name @MeshInstance3D@35400 x1
PROF bake.name @MeshInstance3D@35399 x1
PROF bake.name @MeshInstance3D@35398 x1
PROF bake.name @MeshInstance3D@35397 x1
PROF bake.name @MeshInstance3D@35396 x1
PROF bake.name @MeshInstance3D@35395 x1
PROF bake.name @MeshInstance3D@35394 x1
PROF bake.name @MeshInstance3D@35393 x1
PROF bake.name @MeshInstance3D@35392 x1
PROF bake.name @MeshInstance3D@35391 x1
PROF bake.name @MeshInstance3D@35390 x1
PROF bake.name @MeshInstance3D@35389 x1
PROF bake.name @MeshInstance3D@35388 x1
PROF bake.name @MeshInstance3D@35387 x1
PROF bake.name @MeshInstance3D@35386 x1
PROF bake.name @MeshInstance3D@35385 x1
PROF bake.name @MeshInstance3D@35449 x1
PROF bake.name @MeshInstance3D@35448 x1
PROF bake.name @MeshInstance3D@35447 x1
PROF bake.name @MeshInstance3D@35446 x1
PROF bake.name @MeshInstance3D@35445 x1
PROF bake.collect ms=386 sources=16
PROF bake.commit ms=1
PROF bake.detail instances=540 surfaces=540 append_ms=383 material_ms=0
PROF bake.name WheatStalk x9
PROF bake.name Grain x9
PROF bake.name WheatLeaf x9
PROF bake.name @MeshInstance3D@35930 x1
PROF bake.name @MeshInstance3D@35931 x1
PROF bake.name @MeshInstance3D@35932 x1
PROF bake.name @MeshInstance3D@35933 x1
PROF bake.name @MeshInstance3D@35934 x1
PROF bake.name @MeshInstance3D@35936 x1
PROF bake.name @MeshInstance3D@35937 x1
PROF bake.name @MeshInstance3D@35938 x1
PROF bake.name @MeshInstance3D@35939 x1
PROF bake.name @MeshInstance3D@35940 x1
PROF bake.name @MeshInstance3D@35941 x1
PROF bake.name @MeshInstance3D@35942 x1
PROF bake.name @MeshInstance3D@35943 x1
PROF bake.name @MeshInstance3D@35944 x1
PROF bake.name @MeshInstance3D@35945 x1
PROF bake.name @MeshInstance3D@35946 x1
PROF bake.name @MeshInstance3D@35929 x1
PROF bake.name @MeshInstance3D@35928 x1
PROF bake.name @MeshInstance3D@35927 x1
PROF bake.name @MeshInstance3D@35926 x1
PROF bake.name @MeshInstance3D@35925 x1
PROF bake.name @MeshInstance3D@35924 x1
PROF bake.name @MeshInstance3D@35923 x1
PROF bake.name @MeshInstance3D@35922 x1
PROF bake.name @MeshInstance3D@35921 x1
PROF bake.name @MeshInstance3D@35920 x1
PROF bake.name @MeshInstance3D@35919 x1
PROF bake.name @MeshInstance3D@35918 x1
PROF bake.name @MeshInstance3D@35917 x1
PROF bake.name @MeshInstance3D@35916 x1
PROF bake.name @MeshInstance3D@35915 x1
PROF bake.name @MeshInstance3D@35914 x1
PROF bake.name @MeshInstance3D@35978 x1
PROF bake.name @MeshInstance3D@35977 x1
PROF bake.name @MeshInstance3D@35976 x1
PROF bake.name @MeshInstance3D@35975 x1
PROF bake.name @MeshInstance3D@35974 x1
PROF bake.collect ms=405 sources=16
PROF bake.commit ms=1
PROF bake.detail instances=540 surfaces=540 append_ms=401 material_ms=0
PROF bake.name WheatStalk x9
PROF bake.name Grain x9
PROF bake.name WheatLeaf x9
PROF bake.name @MeshInstance3D@36452 x1
PROF bake.name @MeshInstance3D@36453 x1
PROF bake.name @MeshInstance3D@36454 x1
PROF bake.name @MeshInstance3D@36455 x1
PROF bake.name @MeshInstance3D@36456 x1
PROF bake.name @MeshInstance3D@36458 x1
PROF bake.name @MeshInstance3D@36459 x1
PROF bake.name @MeshInstance3D@36460 x1
PROF bake.name @MeshInstance3D@36461 x1
PROF bake.name @MeshInstance3D@36462 x1
PROF bake.name @MeshInstance3D@36463 x1
PROF bake.name @MeshInstance3D@36464 x1
PROF bake.name @MeshInstance3D@36465 x1
PROF bake.name @MeshInstance3D@36466 x1
PROF bake.name @MeshInstance3D@36467 x1
PROF bake.name @MeshInstance3D@36468 x1
PROF bake.name @MeshInstance3D@36451 x1
PROF bake.name @MeshInstance3D@36450 x1
PROF bake.name @MeshInstance3D@36449 x1
PROF bake.name @MeshInstance3D@36448 x1
PROF bake.name @MeshInstance3D@36447 x1
PROF bake.name @MeshInstance3D@36446 x1
PROF bake.name @MeshInstance3D@36445 x1
PROF bake.name @MeshInstance3D@36444 x1
PROF bake.name @MeshInstance3D@36443 x1
PROF bake.name @MeshInstance3D@36442 x1
PROF bake.name @MeshInstance3D@36441 x1
PROF bake.name @MeshInstance3D@36440 x1
PROF bake.name @MeshInstance3D@36439 x1
PROF bake.name @MeshInstance3D@36438 x1
PROF bake.name @MeshInstance3D@36437 x1
PROF bake.name @MeshInstance3D@36436 x1
PROF bake.name @MeshInstance3D@36500 x1
PROF bake.name @MeshInstance3D@36499 x1
PROF bake.name @MeshInstance3D@36498 x1
PROF bake.name @MeshInstance3D@36497 x1
PROF bake.name @MeshInstance3D@36496 x1
PROF bake.collect ms=389 sources=16
PROF bake.commit ms=1
PROF bake.detail instances=540 surfaces=540 append_ms=385 material_ms=0
PROF bake.name WheatStalk x9
PROF bake.name Grain x9
PROF bake.name WheatLeaf x9
PROF bake.name @MeshInstance3D@36981 x1
PROF bake.name @MeshInstance3D@36982 x1
PROF bake.name @MeshInstance3D@36983 x1
PROF bake.name @MeshInstance3D@36984 x1
PROF bake.name @MeshInstance3D@36985 x1
PROF bake.name @MeshInstance3D@36987 x1
PROF bake.name @MeshInstance3D@36988 x1
PROF bake.name @MeshInstance3D@36989 x1
PROF bake.name @MeshInstance3D@36990 x1
PROF bake.name @MeshInstance3D@36991 x1
PROF bake.name @MeshInstance3D@36992 x1
PROF bake.name @MeshInstance3D@36993 x1
PROF bake.name @MeshInstance3D@36994 x1
PROF bake.name @MeshInstance3D@36995 x1
PROF bake.name @MeshInstance3D@36996 x1
PROF bake.name @MeshInstance3D@36997 x1
PROF bake.name @MeshInstance3D@36980 x1
PROF bake.name @MeshInstance3D@36979 x1
PROF bake.name @MeshInstance3D@36978 x1
PROF bake.name @MeshInstance3D@36977 x1
PROF bake.name @MeshInstance3D@36976 x1
PROF bake.name @MeshInstance3D@36975 x1
PROF bake.name @MeshInstance3D@36974 x1
PROF bake.name @MeshInstance3D@36973 x1
PROF bake.name @MeshInstance3D@36972 x1
PROF bake.name @MeshInstance3D@36971 x1
PROF bake.name @MeshInstance3D@36970 x1
PROF bake.name @MeshInstance3D@36969 x1
PROF bake.name @MeshInstance3D@36968 x1
PROF bake.name @MeshInstance3D@36967 x1
PROF bake.name @MeshInstance3D@36966 x1
PROF bake.name @MeshInstance3D@36965 x1
PROF bake.name @MeshInstance3D@37029 x1
PROF bake.name @MeshInstance3D@37028 x1
PROF bake.name @MeshInstance3D@37027 x1
PROF bake.name @MeshInstance3D@37026 x1
PROF bake.name @MeshInstance3D@37025 x1
PROF bake.collect ms=396 sources=16
PROF bake.commit ms=1
PROF bake.detail instances=540 surfaces=540 append_ms=392 material_ms=0
PROF bake.name WheatStalk x9
PROF bake.name Grain x9
PROF bake.name WheatLeaf x9
PROF bake.name @MeshInstance3D@37503 x1
PROF bake.name @MeshInstance3D@37504 x1
PROF bake.name @MeshInstance3D@37505 x1
PROF bake.name @MeshInstance3D@37506 x1
PROF bake.name @MeshInstance3D@37507 x1
PROF bake.name @MeshInstance3D@37509 x1
PROF bake.name @MeshInstance3D@37510 x1
PROF bake.name @MeshInstance3D@37511 x1
PROF bake.name @MeshInstance3D@37512 x1
PROF bake.name @MeshInstance3D@37513 x1
PROF bake.name @MeshInstance3D@37514 x1
PROF bake.name @MeshInstance3D@37515 x1
PROF bake.name @MeshInstance3D@37516 x1
PROF bake.name @MeshInstance3D@37517 x1
PROF bake.name @MeshInstance3D@37518 x1
PROF bake.name @MeshInstance3D@37519 x1
PROF bake.name @MeshInstance3D@37502 x1
PROF bake.name @MeshInstance3D@37501 x1
PROF bake.name @MeshInstance3D@37500 x1
PROF bake.name @MeshInstance3D@37499 x1
PROF bake.name @MeshInstance3D@37498 x1
PROF bake.name @MeshInstance3D@37497 x1
PROF bake.name @MeshInstance3D@37496 x1
PROF bake.name @MeshInstance3D@37495 x1
PROF bake.name @MeshInstance3D@37494 x1
PROF bake.name @MeshInstance3D@37493 x1
PROF bake.name @MeshInstance3D@37492 x1
PROF bake.name @MeshInstance3D@37491 x1
PROF bake.name @MeshInstance3D@37490 x1
PROF bake.name @MeshInstance3D@37489 x1
PROF bake.name @MeshInstance3D@37488 x1
PROF bake.name @MeshInstance3D@37487 x1
PROF bake.name @MeshInstance3D@37551 x1
PROF bake.name @MeshInstance3D@37550 x1
PROF bake.name @MeshInstance3D@37549 x1
PROF bake.name @MeshInstance3D@37548 x1
PROF bake.name @MeshInstance3D@37547 x1
PROF bake.collect ms=446 sources=16
PROF bake.commit ms=1
PROF bake.detail instances=540 surfaces=540 append_ms=442 material_ms=0
PROF bake.name WheatStalk x9
PROF bake.name Grain x9
PROF bake.name WheatLeaf x9
PROF bake.name @MeshInstance3D@38032 x1
PROF bake.name @MeshInstance3D@38033 x1
PROF bake.name @MeshInstance3D@38034 x1
PROF bake.name @MeshInstance3D@38035 x1
PROF bake.name @MeshInstance3D@38036 x1
PROF bake.name @MeshInstance3D@38038 x1
PROF bake.name @MeshInstance3D@38039 x1
PROF bake.name @MeshInstance3D@38040 x1
PROF bake.name @MeshInstance3D@38041 x1
PROF bake.name @MeshInstance3D@38042 x1
PROF bake.name @MeshInstance3D@38043 x1
PROF bake.name @MeshInstance3D@38044 x1
PROF bake.name @MeshInstance3D@38045 x1
PROF bake.name @MeshInstance3D@38046 x1
PROF bake.name @MeshInstance3D@38047 x1
PROF bake.name @MeshInstance3D@38048 x1
PROF bake.name @MeshInstance3D@38031 x1
PROF bake.name @MeshInstance3D@38030 x1
PROF bake.name @MeshInstance3D@38029 x1
PROF bake.name @MeshInstance3D@38028 x1
PROF bake.name @MeshInstance3D@38027 x1
PROF bake.name @MeshInstance3D@38026 x1
PROF bake.name @MeshInstance3D@38025 x1
PROF bake.name @MeshInstance3D@38024 x1
PROF bake.name @MeshInstance3D@38023 x1
PROF bake.name @MeshInstance3D@38022 x1
PROF bake.name @MeshInstance3D@38021 x1
PROF bake.name @MeshInstance3D@38020 x1
PROF bake.name @MeshInstance3D@38019 x1
PROF bake.name @MeshInstance3D@38018 x1
PROF bake.name @MeshInstance3D@38017 x1
PROF bake.name @MeshInstance3D@38016 x1
PROF bake.name @MeshInstance3D@38080 x1
PROF bake.name @MeshInstance3D@38079 x1
PROF bake.name @MeshInstance3D@38078 x1
PROF bake.name @MeshInstance3D@38077 x1
PROF bake.name @MeshInstance3D@38076 x1
PROF bake.collect ms=387 sources=16
PROF bake.commit ms=0
PROF bake.detail instances=540 surfaces=540 append_ms=384 material_ms=0
PROF bake.name WheatStalk x9
PROF bake.name Grain x9
PROF bake.name WheatLeaf x9
PROF bake.name @MeshInstance3D@38554 x1
PROF bake.name @MeshInstance3D@38555 x1
PROF bake.name @MeshInstance3D@38556 x1
PROF bake.name @MeshInstance3D@38557 x1
PROF bake.name @MeshInstance3D@38558 x1
PROF bake.name @MeshInstance3D@38560 x1
PROF bake.name @MeshInstance3D@38561 x1
PROF bake.name @MeshInstance3D@38562 x1
PROF bake.name @MeshInstance3D@38563 x1
PROF bake.name @MeshInstance3D@38564 x1
PROF bake.name @MeshInstance3D@38565 x1
PROF bake.name @MeshInstance3D@38566 x1
PROF bake.name @MeshInstance3D@38567 x1
PROF bake.name @MeshInstance3D@38568 x1
PROF bake.name @MeshInstance3D@38569 x1
PROF bake.name @MeshInstance3D@38570 x1
PROF bake.name @MeshInstance3D@38553 x1
PROF bake.name @MeshInstance3D@38552 x1
PROF bake.name @MeshInstance3D@38551 x1
PROF bake.name @MeshInstance3D@38550 x1
PROF bake.name @MeshInstance3D@38549 x1
PROF bake.name @MeshInstance3D@38548 x1
PROF bake.name @MeshInstance3D@38547 x1
PROF bake.name @MeshInstance3D@38546 x1
PROF bake.name @MeshInstance3D@38545 x1
PROF bake.name @MeshInstance3D@38544 x1
PROF bake.name @MeshInstance3D@38543 x1
PROF bake.name @MeshInstance3D@38542 x1
PROF bake.name @MeshInstance3D@38541 x1
PROF bake.name @MeshInstance3D@38540 x1
PROF bake.name @MeshInstance3D@38539 x1
PROF bake.name @MeshInstance3D@38538 x1
PROF bake.name @MeshInstance3D@38602 x1
PROF bake.name @MeshInstance3D@38601 x1
PROF bake.name @MeshInstance3D@38600 x1
PROF bake.name @MeshInstance3D@38599 x1
PROF bake.name @MeshInstance3D@38598 x1
PROF bake.collect ms=462 sources=16
PROF bake.commit ms=1
PROF bake.detail instances=540 surfaces=540 append_ms=458 material_ms=0
PROF bake.name WheatStalk x9
PROF bake.name Grain x9
PROF bake.name WheatLeaf x9
PROF bake.name @MeshInstance3D@39083 x1
PROF bake.name @MeshInstance3D@39084 x1
PROF bake.name @MeshInstance3D@39085 x1
PROF bake.name @MeshInstance3D@39086 x1
PROF bake.name @MeshInstance3D@39087 x1
PROF bake.name @MeshInstance3D@39089 x1
PROF bake.name @MeshInstance3D@39090 x1
PROF bake.name @MeshInstance3D@39091 x1
PROF bake.name @MeshInstance3D@39092 x1
PROF bake.name @MeshInstance3D@39093 x1
PROF bake.name @MeshInstance3D@39094 x1
PROF bake.name @MeshInstance3D@39095 x1
PROF bake.name @MeshInstance3D@39096 x1
PROF bake.name @MeshInstance3D@39097 x1
PROF bake.name @MeshInstance3D@39098 x1
PROF bake.name @MeshInstance3D@39099 x1
PROF bake.name @MeshInstance3D@39082 x1
PROF bake.name @MeshInstance3D@39081 x1
PROF bake.name @MeshInstance3D@39080 x1
PROF bake.name @MeshInstance3D@39079 x1
PROF bake.name @MeshInstance3D@39078 x1
PROF bake.name @MeshInstance3D@39077 x1
PROF bake.name @MeshInstance3D@39076 x1
PROF bake.name @MeshInstance3D@39075 x1
PROF bake.name @MeshInstance3D@39074 x1
PROF bake.name @MeshInstance3D@39073 x1
PROF bake.name @MeshInstance3D@39072 x1
PROF bake.name @MeshInstance3D@39071 x1
PROF bake.name @MeshInstance3D@39070 x1
PROF bake.name @MeshInstance3D@39069 x1
PROF bake.name @MeshInstance3D@39068 x1
PROF bake.name @MeshInstance3D@39067 x1
PROF bake.name @MeshInstance3D@39131 x1
PROF bake.name @MeshInstance3D@39130 x1
PROF bake.name @MeshInstance3D@39129 x1
PROF bake.name @MeshInstance3D@39128 x1
PROF bake.name @MeshInstance3D@39127 x1
PROF bake.collect ms=387 sources=16
PROF bake.commit ms=1
PROF bake.detail instances=540 surfaces=540 append_ms=383 material_ms=0
PROF bake.name WheatStalk x9
PROF bake.name Grain x9
PROF bake.name WheatLeaf x9
PROF bake.name @MeshInstance3D@39605 x1
PROF bake.name @MeshInstance3D@39606 x1
PROF bake.name @MeshInstance3D@39607 x1
PROF bake.name @MeshInstance3D@39608 x1
PROF bake.name @MeshInstance3D@39609 x1
PROF bake.name @MeshInstance3D@39611 x1
PROF bake.name @MeshInstance3D@39612 x1
PROF bake.name @MeshInstance3D@39613 x1
PROF bake.name @MeshInstance3D@39614 x1
PROF bake.name @MeshInstance3D@39615 x1
PROF bake.name @MeshInstance3D@39616 x1
PROF bake.name @MeshInstance3D@39617 x1
PROF bake.name @MeshInstance3D@39618 x1
PROF bake.name @MeshInstance3D@39619 x1
PROF bake.name @MeshInstance3D@39620 x1
PROF bake.name @MeshInstance3D@39621 x1
PROF bake.name @MeshInstance3D@39604 x1
PROF bake.name @MeshInstance3D@39603 x1
PROF bake.name @MeshInstance3D@39602 x1
PROF bake.name @MeshInstance3D@39601 x1
PROF bake.name @MeshInstance3D@39600 x1
PROF bake.name @MeshInstance3D@39599 x1
PROF bake.name @MeshInstance3D@39598 x1
PROF bake.name @MeshInstance3D@39597 x1
PROF bake.name @MeshInstance3D@39596 x1
PROF bake.name @MeshInstance3D@39595 x1
PROF bake.name @MeshInstance3D@39594 x1
PROF bake.name @MeshInstance3D@39593 x1
PROF bake.name @MeshInstance3D@39592 x1
PROF bake.name @MeshInstance3D@39591 x1
PROF bake.name @MeshInstance3D@39590 x1
PROF bake.name @MeshInstance3D@39589 x1
PROF bake.name @MeshInstance3D@39653 x1
PROF bake.name @MeshInstance3D@39652 x1
PROF bake.name @MeshInstance3D@39651 x1
PROF bake.name @MeshInstance3D@39650 x1
PROF bake.name @MeshInstance3D@39649 x1
PROF bake.collect ms=399 sources=16
PROF bake.commit ms=1
PROF bake.detail instances=540 surfaces=540 append_ms=395 material_ms=0
PROF bake.name WheatStalk x9
PROF bake.name Grain x9
PROF bake.name WheatLeaf x9
PROF bake.name @MeshInstance3D@40134 x1
PROF bake.name @MeshInstance3D@40135 x1
PROF bake.name @MeshInstance3D@40136 x1
PROF bake.name @MeshInstance3D@40137 x1
PROF bake.name @MeshInstance3D@40138 x1
PROF bake.name @MeshInstance3D@40140 x1
PROF bake.name @MeshInstance3D@40141 x1
PROF bake.name @MeshInstance3D@40142 x1
PROF bake.name @MeshInstance3D@40143 x1
PROF bake.name @MeshInstance3D@40144 x1
PROF bake.name @MeshInstance3D@40145 x1
PROF bake.name @MeshInstance3D@40146 x1
PROF bake.name @MeshInstance3D@40147 x1
PROF bake.name @MeshInstance3D@40148 x1
PROF bake.name @MeshInstance3D@40149 x1
PROF bake.name @MeshInstance3D@40150 x1
PROF bake.name @MeshInstance3D@40133 x1
PROF bake.name @MeshInstance3D@40132 x1
PROF bake.name @MeshInstance3D@40131 x1
PROF bake.name @MeshInstance3D@40130 x1
PROF bake.name @MeshInstance3D@40129 x1
PROF bake.name @MeshInstance3D@40128 x1
PROF bake.name @MeshInstance3D@40127 x1
PROF bake.name @MeshInstance3D@40126 x1
PROF bake.name @MeshInstance3D@40125 x1
PROF bake.name @MeshInstance3D@40124 x1
PROF bake.name @MeshInstance3D@40123 x1
PROF bake.name @MeshInstance3D@40122 x1
PROF bake.name @MeshInstance3D@40121 x1
PROF bake.name @MeshInstance3D@40120 x1
PROF bake.name @MeshInstance3D@40119 x1
PROF bake.name @MeshInstance3D@40118 x1
PROF bake.name @MeshInstance3D@40182 x1
PROF bake.name @MeshInstance3D@40181 x1
PROF bake.name @MeshInstance3D@40180 x1
PROF bake.name @MeshInstance3D@40179 x1
PROF bake.name @MeshInstance3D@40178 x1
PROF bake.collect ms=386 sources=16
PROF bake.commit ms=1
PROF bake.detail instances=540 surfaces=540 append_ms=382 material_ms=0
PROF bake.name WheatStalk x9
PROF bake.name Grain x9
PROF bake.name WheatLeaf x9
PROF bake.name @MeshInstance3D@40656 x1
PROF bake.name @MeshInstance3D@40657 x1
PROF bake.name @MeshInstance3D@40658 x1
PROF bake.name @MeshInstance3D@40659 x1
PROF bake.name @MeshInstance3D@40660 x1
PROF bake.name @MeshInstance3D@40662 x1
PROF bake.name @MeshInstance3D@40663 x1
PROF bake.name @MeshInstance3D@40664 x1
PROF bake.name @MeshInstance3D@40665 x1
PROF bake.name @MeshInstance3D@40666 x1
PROF bake.name @MeshInstance3D@40667 x1
PROF bake.name @MeshInstance3D@40668 x1
PROF bake.name @MeshInstance3D@40669 x1
PROF bake.name @MeshInstance3D@40670 x1
PROF bake.name @MeshInstance3D@40671 x1
PROF bake.name @MeshInstance3D@40672 x1
PROF bake.name @MeshInstance3D@40655 x1
PROF bake.name @MeshInstance3D@40654 x1
PROF bake.name @MeshInstance3D@40653 x1
PROF bake.name @MeshInstance3D@40652 x1
PROF bake.name @MeshInstance3D@40651 x1
PROF bake.name @MeshInstance3D@40650 x1
PROF bake.name @MeshInstance3D@40649 x1
PROF bake.name @MeshInstance3D@40648 x1
PROF bake.name @MeshInstance3D@40647 x1
PROF bake.name @MeshInstance3D@40646 x1
PROF bake.name @MeshInstance3D@40645 x1
PROF bake.name @MeshInstance3D@40644 x1
PROF bake.name @MeshInstance3D@40643 x1
PROF bake.name @MeshInstance3D@40642 x1
PROF bake.name @MeshInstance3D@40641 x1
PROF bake.name @MeshInstance3D@40640 x1
PROF bake.name @MeshInstance3D@40704 x1
PROF bake.name @MeshInstance3D@40703 x1
PROF bake.name @MeshInstance3D@40702 x1
PROF bake.name @MeshInstance3D@40701 x1
PROF bake.name @MeshInstance3D@40700 x1
PROF bake.collect ms=388 sources=16
PROF bake.commit ms=1
PROF bake.detail instances=540 surfaces=540 append_ms=385 material_ms=0
PROF bake.name WheatStalk x9
PROF bake.name Grain x9
PROF bake.name WheatLeaf x9
PROF bake.name @MeshInstance3D@41185 x1
PROF bake.name @MeshInstance3D@41186 x1
PROF bake.name @MeshInstance3D@41187 x1
PROF bake.name @MeshInstance3D@41188 x1
PROF bake.name @MeshInstance3D@41189 x1
PROF bake.name @MeshInstance3D@41191 x1
PROF bake.name @MeshInstance3D@41192 x1
PROF bake.name @MeshInstance3D@41193 x1
PROF bake.name @MeshInstance3D@41194 x1
PROF bake.name @MeshInstance3D@41195 x1
PROF bake.name @MeshInstance3D@41196 x1
PROF bake.name @MeshInstance3D@41197 x1
PROF bake.name @MeshInstance3D@41198 x1
PROF bake.name @MeshInstance3D@41199 x1
PROF bake.name @MeshInstance3D@41200 x1
PROF bake.name @MeshInstance3D@41201 x1
PROF bake.name @MeshInstance3D@41184 x1
PROF bake.name @MeshInstance3D@41183 x1
PROF bake.name @MeshInstance3D@41182 x1
PROF bake.name @MeshInstance3D@41181 x1
PROF bake.name @MeshInstance3D@41180 x1
PROF bake.name @MeshInstance3D@41179 x1
PROF bake.name @MeshInstance3D@41178 x1
PROF bake.name @MeshInstance3D@41177 x1
PROF bake.name @MeshInstance3D@41176 x1
PROF bake.name @MeshInstance3D@41175 x1
PROF bake.name @MeshInstance3D@41174 x1
PROF bake.name @MeshInstance3D@41173 x1
PROF bake.name @MeshInstance3D@41172 x1
PROF bake.name @MeshInstance3D@41171 x1
PROF bake.name @MeshInstance3D@41170 x1
PROF bake.name @MeshInstance3D@41169 x1
PROF bake.name @MeshInstance3D@41233 x1
PROF bake.name @MeshInstance3D@41232 x1
PROF bake.name @MeshInstance3D@41231 x1
PROF bake.name @MeshInstance3D@41230 x1
PROF bake.name @MeshInstance3D@41229 x1
PROF bake.collect ms=397 sources=16
PROF bake.commit ms=1
PROF bake.detail instances=540 surfaces=540 append_ms=393 material_ms=0
PROF bake.name WheatStalk x9
PROF bake.name Grain x9
PROF bake.name WheatLeaf x9
PROF bake.name @MeshInstance3D@41707 x1
PROF bake.name @MeshInstance3D@41708 x1
PROF bake.name @MeshInstance3D@41709 x1
PROF bake.name @MeshInstance3D@41710 x1
PROF bake.name @MeshInstance3D@41711 x1
PROF bake.name @MeshInstance3D@41713 x1
PROF bake.name @MeshInstance3D@41714 x1
PROF bake.name @MeshInstance3D@41715 x1
PROF bake.name @MeshInstance3D@41716 x1
PROF bake.name @MeshInstance3D@41717 x1
PROF bake.name @MeshInstance3D@41718 x1
PROF bake.name @MeshInstance3D@41719 x1
PROF bake.name @MeshInstance3D@41720 x1
PROF bake.name @MeshInstance3D@41721 x1
PROF bake.name @MeshInstance3D@41722 x1
PROF bake.name @MeshInstance3D@41723 x1
PROF bake.name @MeshInstance3D@41706 x1
PROF bake.name @MeshInstance3D@41705 x1
PROF bake.name @MeshInstance3D@41704 x1
PROF bake.name @MeshInstance3D@41703 x1
PROF bake.name @MeshInstance3D@41702 x1
PROF bake.name @MeshInstance3D@41701 x1
PROF bake.name @MeshInstance3D@41700 x1
PROF bake.name @MeshInstance3D@41699 x1
PROF bake.name @MeshInstance3D@41698 x1
PROF bake.name @MeshInstance3D@41697 x1
PROF bake.name @MeshInstance3D@41696 x1
PROF bake.name @MeshInstance3D@41695 x1
PROF bake.name @MeshInstance3D@41694 x1
PROF bake.name @MeshInstance3D@41693 x1
PROF bake.name @MeshInstance3D@41692 x1
PROF bake.name @MeshInstance3D@41691 x1
PROF bake.name @MeshInstance3D@41755 x1
PROF bake.name @MeshInstance3D@41754 x1
PROF bake.name @MeshInstance3D@41753 x1
PROF bake.name @MeshInstance3D@41752 x1
PROF bake.name @MeshInstance3D@41751 x1
PROF bake.collect ms=389 sources=16
PROF bake.commit ms=1
PROF bake.detail instances=540 surfaces=540 append_ms=385 material_ms=0
PROF bake.name WheatStalk x9
PROF bake.name Grain x9
PROF bake.name WheatLeaf x9
PROF bake.name @MeshInstance3D@42236 x1
PROF bake.name @MeshInstance3D@42237 x1
PROF bake.name @MeshInstance3D@42238 x1
PROF bake.name @MeshInstance3D@42239 x1
PROF bake.name @MeshInstance3D@42240 x1
PROF bake.name @MeshInstance3D@42242 x1
PROF bake.name @MeshInstance3D@42243 x1
PROF bake.name @MeshInstance3D@42244 x1
PROF bake.name @MeshInstance3D@42245 x1
PROF bake.name @MeshInstance3D@42246 x1
PROF bake.name @MeshInstance3D@42247 x1
PROF bake.name @MeshInstance3D@42248 x1
PROF bake.name @MeshInstance3D@42249 x1
PROF bake.name @MeshInstance3D@42250 x1
PROF bake.name @MeshInstance3D@42251 x1
PROF bake.name @MeshInstance3D@42252 x1
PROF bake.name @MeshInstance3D@42235 x1
PROF bake.name @MeshInstance3D@42234 x1
PROF bake.name @MeshInstance3D@42233 x1
PROF bake.name @MeshInstance3D@42232 x1
PROF bake.name @MeshInstance3D@42231 x1
PROF bake.name @MeshInstance3D@42230 x1
PROF bake.name @MeshInstance3D@42229 x1
PROF bake.name @MeshInstance3D@42228 x1
PROF bake.name @MeshInstance3D@42227 x1
PROF bake.name @MeshInstance3D@42226 x1
PROF bake.name @MeshInstance3D@42225 x1
PROF bake.name @MeshInstance3D@42224 x1
PROF bake.name @MeshInstance3D@42223 x1
PROF bake.name @MeshInstance3D@42222 x1
PROF bake.name @MeshInstance3D@42221 x1
PROF bake.name @MeshInstance3D@42220 x1
PROF bake.name @MeshInstance3D@42284 x1
PROF bake.name @MeshInstance3D@42283 x1
PROF bake.name @MeshInstance3D@42282 x1
PROF bake.name @MeshInstance3D@42281 x1
PROF bake.name @MeshInstance3D@42280 x1
PROF bake.collect ms=402 sources=16
PROF bake.commit ms=1
PROF bake.detail instances=540 surfaces=540 append_ms=398 material_ms=0
PROF bake.name WheatStalk x9
PROF bake.name Grain x9
PROF bake.name WheatLeaf x9
PROF bake.name @MeshInstance3D@42758 x1
PROF bake.name @MeshInstance3D@42759 x1
PROF bake.name @MeshInstance3D@42760 x1
PROF bake.name @MeshInstance3D@42761 x1
PROF bake.name @MeshInstance3D@42762 x1
PROF bake.name @MeshInstance3D@42764 x1
PROF bake.name @MeshInstance3D@42765 x1
PROF bake.name @MeshInstance3D@42766 x1
PROF bake.name @MeshInstance3D@42767 x1
PROF bake.name @MeshInstance3D@42768 x1
PROF bake.name @MeshInstance3D@42769 x1
PROF bake.name @MeshInstance3D@42770 x1
PROF bake.name @MeshInstance3D@42771 x1
PROF bake.name @MeshInstance3D@42772 x1
PROF bake.name @MeshInstance3D@42773 x1
PROF bake.name @MeshInstance3D@42774 x1
PROF bake.name @MeshInstance3D@42757 x1
PROF bake.name @MeshInstance3D@42756 x1
PROF bake.name @MeshInstance3D@42755 x1
PROF bake.name @MeshInstance3D@42754 x1
PROF bake.name @MeshInstance3D@42753 x1
PROF bake.name @MeshInstance3D@42752 x1
PROF bake.name @MeshInstance3D@42751 x1
PROF bake.name @MeshInstance3D@42750 x1
PROF bake.name @MeshInstance3D@42749 x1
PROF bake.name @MeshInstance3D@42748 x1
PROF bake.name @MeshInstance3D@42747 x1
PROF bake.name @MeshInstance3D@42746 x1
PROF bake.name @MeshInstance3D@42745 x1
PROF bake.name @MeshInstance3D@42744 x1
PROF bake.name @MeshInstance3D@42743 x1
PROF bake.name @MeshInstance3D@42742 x1
PROF bake.name @MeshInstance3D@42806 x1
PROF bake.name @MeshInstance3D@42805 x1
PROF bake.name @MeshInstance3D@42804 x1
PROF bake.name @MeshInstance3D@42803 x1
PROF bake.name @MeshInstance3D@42802 x1
PROF bake.collect ms=440 sources=16
PROF bake.commit ms=1
PROF bake.detail instances=540 surfaces=540 append_ms=436 material_ms=0
PROF bake.name WheatStalk x9
PROF bake.name Grain x9
PROF bake.name WheatLeaf x9
PROF bake.name @MeshInstance3D@43287 x1
PROF bake.name @MeshInstance3D@43288 x1
PROF bake.name @MeshInstance3D@43289 x1
PROF bake.name @MeshInstance3D@43290 x1
PROF bake.name @MeshInstance3D@43291 x1
PROF bake.name @MeshInstance3D@43293 x1
PROF bake.name @MeshInstance3D@43294 x1
PROF bake.name @MeshInstance3D@43295 x1
PROF bake.name @MeshInstance3D@43296 x1
PROF bake.name @MeshInstance3D@43297 x1
PROF bake.name @MeshInstance3D@43298 x1
PROF bake.name @MeshInstance3D@43299 x1
PROF bake.name @MeshInstance3D@43300 x1
PROF bake.name @MeshInstance3D@43301 x1
PROF bake.name @MeshInstance3D@43302 x1
PROF bake.name @MeshInstance3D@43303 x1
PROF bake.name @MeshInstance3D@43286 x1
PROF bake.name @MeshInstance3D@43285 x1
PROF bake.name @MeshInstance3D@43284 x1
PROF bake.name @MeshInstance3D@43283 x1
PROF bake.name @MeshInstance3D@43282 x1
PROF bake.name @MeshInstance3D@43281 x1
PROF bake.name @MeshInstance3D@43280 x1
PROF bake.name @MeshInstance3D@43279 x1
PROF bake.name @MeshInstance3D@43278 x1
PROF bake.name @MeshInstance3D@43277 x1
PROF bake.name @MeshInstance3D@43276 x1
PROF bake.name @MeshInstance3D@43275 x1
PROF bake.name @MeshInstance3D@43274 x1
PROF bake.name @MeshInstance3D@43273 x1
PROF bake.name @MeshInstance3D@43272 x1
PROF bake.name @MeshInstance3D@43271 x1
PROF bake.name @MeshInstance3D@43335 x1
PROF bake.name @MeshInstance3D@43334 x1
PROF bake.name @MeshInstance3D@43333 x1
PROF bake.name @MeshInstance3D@43332 x1
PROF bake.name @MeshInstance3D@43331 x1
PROF bake.collect ms=391 sources=16
PROF bake.commit ms=1
PROF bake.detail instances=540 surfaces=540 append_ms=387 material_ms=0
PROF bake.name WheatStalk x9
PROF bake.name Grain x9
PROF bake.name WheatLeaf x9
PROF bake.name @MeshInstance3D@43809 x1
PROF bake.name @MeshInstance3D@43810 x1
PROF bake.name @MeshInstance3D@43811 x1
PROF bake.name @MeshInstance3D@43812 x1
PROF bake.name @MeshInstance3D@43813 x1
PROF bake.name @MeshInstance3D@43815 x1
PROF bake.name @MeshInstance3D@43816 x1
PROF bake.name @MeshInstance3D@43817 x1
PROF bake.name @MeshInstance3D@43818 x1
PROF bake.name @MeshInstance3D@43819 x1
PROF bake.name @MeshInstance3D@43820 x1
PROF bake.name @MeshInstance3D@43821 x1
PROF bake.name @MeshInstance3D@43822 x1
PROF bake.name @MeshInstance3D@43823 x1
PROF bake.name @MeshInstance3D@43824 x1
PROF bake.name @MeshInstance3D@43825 x1
PROF bake.name @MeshInstance3D@43808 x1
PROF bake.name @MeshInstance3D@43807 x1
PROF bake.name @MeshInstance3D@43806 x1
PROF bake.name @MeshInstance3D@43805 x1
PROF bake.name @MeshInstance3D@43804 x1
PROF bake.name @MeshInstance3D@43803 x1
PROF bake.name @MeshInstance3D@43802 x1
PROF bake.name @MeshInstance3D@43801 x1
PROF bake.name @MeshInstance3D@43800 x1
PROF bake.name @MeshInstance3D@43799 x1
PROF bake.name @MeshInstance3D@43798 x1
PROF bake.name @MeshInstance3D@43797 x1
PROF bake.name @MeshInstance3D@43796 x1
PROF bake.name @MeshInstance3D@43795 x1
PROF bake.name @MeshInstance3D@43794 x1
PROF bake.name @MeshInstance3D@43793 x1
PROF bake.name @MeshInstance3D@43857 x1
PROF bake.name @MeshInstance3D@43856 x1
PROF bake.name @MeshInstance3D@43855 x1
PROF bake.name @MeshInstance3D@43854 x1
PROF bake.name @MeshInstance3D@43853 x1
PROF bake.collect ms=49 sources=28
PROF bake.commit ms=0
PROF bake.detail instances=64 surfaces=64 append_ms=48 material_ms=0
PROF bake.name PumpkinLobe x4
PROF bake.name Stem x4
PROF bake.name PumpkinLeaf x4
PROF bake.name PumpkinVine x4
PROF bake.name @MeshInstance3D@44022 x1
PROF bake.name @MeshInstance3D@44023 x1
PROF bake.name @MeshInstance3D@44024 x1
PROF bake.name @MeshInstance3D@44025 x1
PROF bake.name @MeshInstance3D@44026 x1
PROF bake.name @MeshInstance3D@44027 x1
PROF bake.name @MeshInstance3D@44028 x1
PROF bake.name @MeshInstance3D@44029 x1
PROF bake.name @MeshInstance3D@44030 x1
PROF bake.name @MeshInstance3D@44031 x1
PROF bake.name @MeshInstance3D@44032 x1
PROF bake.name @MeshInstance3D@44033 x1
PROF bake.name @MeshInstance3D@44035 x1
PROF bake.name @MeshInstance3D@44036 x1
PROF bake.name @MeshInstance3D@44037 x1
PROF bake.name @MeshInstance3D@44038 x1
PROF bake.name @MeshInstance3D@44039 x1
PROF bake.name @MeshInstance3D@44040 x1
PROF bake.name @MeshInstance3D@44041 x1
PROF bake.name @MeshInstance3D@44042 x1
PROF bake.name @MeshInstance3D@44043 x1
PROF bake.name @MeshInstance3D@44044 x1
PROF bake.name @MeshInstance3D@44045 x1
PROF bake.name @MeshInstance3D@44046 x1
PROF bake.name @MeshInstance3D@43997 x1
PROF bake.name @MeshInstance3D@43998 x1
PROF bake.name @MeshInstance3D@43999 x1
PROF bake.name @MeshInstance3D@44000 x1
PROF bake.name @MeshInstance3D@44001 x1
PROF bake.name @MeshInstance3D@44002 x1
PROF bake.name @MeshInstance3D@44003 x1
PROF bake.name @MeshInstance3D@44004 x1
PROF bake.name @MeshInstance3D@44005 x1
PROF bake.name @MeshInstance3D@44006 x1
PROF bake.name @MeshInstance3D@44007 x1
PROF bake.name @MeshInstance3D@44008 x1
PROF bake.collect ms=49 sources=28
PROF bake.commit ms=1
PROF bake.detail instances=64 surfaces=64 append_ms=48 material_ms=0
PROF bake.name PumpkinLobe x4
PROF bake.name Stem x4
PROF bake.name PumpkinLeaf x4
PROF bake.name PumpkinVine x4
PROF bake.name @MeshInstance3D@44074 x1
PROF bake.name @MeshInstance3D@44075 x1
PROF bake.name @MeshInstance3D@44076 x1
PROF bake.name @MeshInstance3D@44077 x1
PROF bake.name @MeshInstance3D@44078 x1
PROF bake.name @MeshInstance3D@44079 x1
PROF bake.name @MeshInstance3D@44080 x1
PROF bake.name @MeshInstance3D@44081 x1
PROF bake.name @MeshInstance3D@44082 x1
PROF bake.name @MeshInstance3D@44083 x1
PROF bake.name @MeshInstance3D@44084 x1
PROF bake.name @MeshInstance3D@44085 x1
PROF bake.name @MeshInstance3D@44087 x1
PROF bake.name @MeshInstance3D@44088 x1
PROF bake.name @MeshInstance3D@44089 x1
PROF bake.name @MeshInstance3D@44090 x1
PROF bake.name @MeshInstance3D@44091 x1
PROF bake.name @MeshInstance3D@44092 x1
PROF bake.name @MeshInstance3D@44093 x1
PROF bake.name @MeshInstance3D@44094 x1
PROF bake.name @MeshInstance3D@44095 x1
PROF bake.name @MeshInstance3D@44096 x1
PROF bake.name @MeshInstance3D@44097 x1
PROF bake.name @MeshInstance3D@44098 x1
PROF bake.name @MeshInstance3D@44049 x1
PROF bake.name @MeshInstance3D@44050 x1
PROF bake.name @MeshInstance3D@44051 x1
PROF bake.name @MeshInstance3D@44052 x1
PROF bake.name @MeshInstance3D@44053 x1
PROF bake.name @MeshInstance3D@44054 x1
PROF bake.name @MeshInstance3D@44055 x1
PROF bake.name @MeshInstance3D@44056 x1
PROF bake.name @MeshInstance3D@44057 x1
PROF bake.name @MeshInstance3D@44058 x1
PROF bake.name @MeshInstance3D@44059 x1
PROF bake.name @MeshInstance3D@44060 x1
PROF bake.collect ms=51 sources=28
PROF bake.commit ms=1
PROF bake.detail instances=64 surfaces=64 append_ms=50 material_ms=0
PROF bake.name PumpkinLobe x4
PROF bake.name Stem x4
PROF bake.name PumpkinLeaf x4
PROF bake.name PumpkinVine x4
PROF bake.name @MeshInstance3D@44133 x1
PROF bake.name @MeshInstance3D@44134 x1
PROF bake.name @MeshInstance3D@44135 x1
PROF bake.name @MeshInstance3D@44136 x1
PROF bake.name @MeshInstance3D@44137 x1
PROF bake.name @MeshInstance3D@44138 x1
PROF bake.name @MeshInstance3D@44139 x1
PROF bake.name @MeshInstance3D@44140 x1
PROF bake.name @MeshInstance3D@44141 x1
PROF bake.name @MeshInstance3D@44142 x1
PROF bake.name @MeshInstance3D@44143 x1
PROF bake.name @MeshInstance3D@44144 x1
PROF bake.name @MeshInstance3D@44146 x1
PROF bake.name @MeshInstance3D@44147 x1
PROF bake.name @MeshInstance3D@44148 x1
PROF bake.name @MeshInstance3D@44149 x1
PROF bake.name @MeshInstance3D@44150 x1
PROF bake.name @MeshInstance3D@44151 x1
PROF bake.name @MeshInstance3D@44152 x1
PROF bake.name @MeshInstance3D@44153 x1
PROF bake.name @MeshInstance3D@44154 x1
PROF bake.name @MeshInstance3D@44155 x1
PROF bake.name @MeshInstance3D@44156 x1
PROF bake.name @MeshInstance3D@44157 x1
PROF bake.name @MeshInstance3D@44108 x1
PROF bake.name @MeshInstance3D@44109 x1
PROF bake.name @MeshInstance3D@44110 x1
PROF bake.name @MeshInstance3D@44111 x1
PROF bake.name @MeshInstance3D@44112 x1
PROF bake.name @MeshInstance3D@44113 x1
PROF bake.name @MeshInstance3D@44114 x1
PROF bake.name @MeshInstance3D@44115 x1
PROF bake.name @MeshInstance3D@44116 x1
PROF bake.name @MeshInstance3D@44117 x1
PROF bake.name @MeshInstance3D@44118 x1
PROF bake.name @MeshInstance3D@44119 x1
PROF bake.collect ms=49 sources=28
PROF bake.commit ms=0
PROF bake.detail instances=64 surfaces=64 append_ms=48 material_ms=0
PROF bake.name PumpkinLobe x4
PROF bake.name Stem x4
PROF bake.name PumpkinLeaf x4
PROF bake.name PumpkinVine x4
PROF bake.name @MeshInstance3D@44185 x1
PROF bake.name @MeshInstance3D@44186 x1
PROF bake.name @MeshInstance3D@44187 x1
PROF bake.name @MeshInstance3D@44188 x1
PROF bake.name @MeshInstance3D@44189 x1
PROF bake.name @MeshInstance3D@44190 x1
PROF bake.name @MeshInstance3D@44191 x1
PROF bake.name @MeshInstance3D@44192 x1
PROF bake.name @MeshInstance3D@44193 x1
PROF bake.name @MeshInstance3D@44194 x1
PROF bake.name @MeshInstance3D@44195 x1
PROF bake.name @MeshInstance3D@44196 x1
PROF bake.name @MeshInstance3D@44198 x1
PROF bake.name @MeshInstance3D@44199 x1
PROF bake.name @MeshInstance3D@44200 x1
PROF bake.name @MeshInstance3D@44201 x1
PROF bake.name @MeshInstance3D@44202 x1
PROF bake.name @MeshInstance3D@44203 x1
PROF bake.name @MeshInstance3D@44204 x1
PROF bake.name @MeshInstance3D@44205 x1
PROF bake.name @MeshInstance3D@44206 x1
PROF bake.name @MeshInstance3D@44207 x1
PROF bake.name @MeshInstance3D@44208 x1
PROF bake.name @MeshInstance3D@44209 x1
PROF bake.name @MeshInstance3D@44160 x1
PROF bake.name @MeshInstance3D@44161 x1
PROF bake.name @MeshInstance3D@44162 x1
PROF bake.name @MeshInstance3D@44163 x1
PROF bake.name @MeshInstance3D@44164 x1
PROF bake.name @MeshInstance3D@44165 x1
PROF bake.name @MeshInstance3D@44166 x1
PROF bake.name @MeshInstance3D@44167 x1
PROF bake.name @MeshInstance3D@44168 x1
PROF bake.name @MeshInstance3D@44169 x1
PROF bake.name @MeshInstance3D@44170 x1
PROF bake.name @MeshInstance3D@44171 x1
PROF bake.collect ms=49 sources=28
PROF bake.commit ms=1
PROF bake.detail instances=64 surfaces=64 append_ms=48 material_ms=0
PROF bake.name PumpkinLobe x4
PROF bake.name Stem x4
PROF bake.name PumpkinLeaf x4
PROF bake.name PumpkinVine x4
PROF bake.name @MeshInstance3D@44244 x1
PROF bake.name @MeshInstance3D@44245 x1
PROF bake.name @MeshInstance3D@44246 x1
PROF bake.name @MeshInstance3D@44247 x1
PROF bake.name @MeshInstance3D@44248 x1
PROF bake.name @MeshInstance3D@44249 x1
PROF bake.name @MeshInstance3D@44250 x1
PROF bake.name @MeshInstance3D@44251 x1
PROF bake.name @MeshInstance3D@44252 x1
PROF bake.name @MeshInstance3D@44253 x1
PROF bake.name @MeshInstance3D@44254 x1
PROF bake.name @MeshInstance3D@44255 x1
PROF bake.name @MeshInstance3D@44257 x1
PROF bake.name @MeshInstance3D@44258 x1
PROF bake.name @MeshInstance3D@44259 x1
PROF bake.name @MeshInstance3D@44260 x1
PROF bake.name @MeshInstance3D@44261 x1
PROF bake.name @MeshInstance3D@44262 x1
PROF bake.name @MeshInstance3D@44263 x1
PROF bake.name @MeshInstance3D@44264 x1
PROF bake.name @MeshInstance3D@44265 x1
PROF bake.name @MeshInstance3D@44266 x1
PROF bake.name @MeshInstance3D@44267 x1
PROF bake.name @MeshInstance3D@44268 x1
PROF bake.name @MeshInstance3D@44219 x1
PROF bake.name @MeshInstance3D@44220 x1
PROF bake.name @MeshInstance3D@44221 x1
PROF bake.name @MeshInstance3D@44222 x1
PROF bake.name @MeshInstance3D@44223 x1
PROF bake.name @MeshInstance3D@44224 x1
PROF bake.name @MeshInstance3D@44225 x1
PROF bake.name @MeshInstance3D@44226 x1
PROF bake.name @MeshInstance3D@44227 x1
PROF bake.name @MeshInstance3D@44228 x1
PROF bake.name @MeshInstance3D@44229 x1
PROF bake.name @MeshInstance3D@44230 x1
PROF bake.collect ms=48 sources=28
PROF bake.commit ms=1
PROF bake.detail instances=64 surfaces=64 append_ms=47 material_ms=0
PROF bake.name PumpkinLobe x4
PROF bake.name Stem x4
PROF bake.name PumpkinLeaf x4
PROF bake.name PumpkinVine x4
PROF bake.name @MeshInstance3D@44296 x1
PROF bake.name @MeshInstance3D@44297 x1
PROF bake.name @MeshInstance3D@44298 x1
PROF bake.name @MeshInstance3D@44299 x1
PROF bake.name @MeshInstance3D@44300 x1
PROF bake.name @MeshInstance3D@44301 x1
PROF bake.name @MeshInstance3D@44302 x1
PROF bake.name @MeshInstance3D@44303 x1
PROF bake.name @MeshInstance3D@44304 x1
PROF bake.name @MeshInstance3D@44305 x1
PROF bake.name @MeshInstance3D@44306 x1
PROF bake.name @MeshInstance3D@44307 x1
PROF bake.name @MeshInstance3D@44309 x1
PROF bake.name @MeshInstance3D@44310 x1
PROF bake.name @MeshInstance3D@44311 x1
PROF bake.name @MeshInstance3D@44312 x1
PROF bake.name @MeshInstance3D@44313 x1
PROF bake.name @MeshInstance3D@44314 x1
PROF bake.name @MeshInstance3D@44315 x1
PROF bake.name @MeshInstance3D@44316 x1
PROF bake.name @MeshInstance3D@44317 x1
PROF bake.name @MeshInstance3D@44318 x1
PROF bake.name @MeshInstance3D@44319 x1
PROF bake.name @MeshInstance3D@44320 x1
PROF bake.name @MeshInstance3D@44271 x1
PROF bake.name @MeshInstance3D@44272 x1
PROF bake.name @MeshInstance3D@44273 x1
PROF bake.name @MeshInstance3D@44274 x1
PROF bake.name @MeshInstance3D@44275 x1
PROF bake.name @MeshInstance3D@44276 x1
PROF bake.name @MeshInstance3D@44277 x1
PROF bake.name @MeshInstance3D@44278 x1
PROF bake.name @MeshInstance3D@44279 x1
PROF bake.name @MeshInstance3D@44280 x1
PROF bake.name @MeshInstance3D@44281 x1
PROF bake.name @MeshInstance3D@44282 x1
PROF bake.collect ms=49 sources=28
PROF bake.commit ms=0
PROF bake.detail instances=64 surfaces=64 append_ms=48 material_ms=0
PROF bake.name PumpkinLobe x4
PROF bake.name Stem x4
PROF bake.name PumpkinLeaf x4
PROF bake.name PumpkinVine x4
PROF bake.name @MeshInstance3D@44355 x1
PROF bake.name @MeshInstance3D@44356 x1
PROF bake.name @MeshInstance3D@44357 x1
PROF bake.name @MeshInstance3D@44358 x1
PROF bake.name @MeshInstance3D@44359 x1
PROF bake.name @MeshInstance3D@44360 x1
PROF bake.name @MeshInstance3D@44361 x1
PROF bake.name @MeshInstance3D@44362 x1
PROF bake.name @MeshInstance3D@44363 x1
PROF bake.name @MeshInstance3D@44364 x1
PROF bake.name @MeshInstance3D@44365 x1
PROF bake.name @MeshInstance3D@44366 x1
PROF bake.name @MeshInstance3D@44368 x1
PROF bake.name @MeshInstance3D@44369 x1
PROF bake.name @MeshInstance3D@44370 x1
PROF bake.name @MeshInstance3D@44371 x1
PROF bake.name @MeshInstance3D@44372 x1
PROF bake.name @MeshInstance3D@44373 x1
PROF bake.name @MeshInstance3D@44374 x1
PROF bake.name @MeshInstance3D@44375 x1
PROF bake.name @MeshInstance3D@44376 x1
PROF bake.name @MeshInstance3D@44377 x1
PROF bake.name @MeshInstance3D@44378 x1
PROF bake.name @MeshInstance3D@44379 x1
PROF bake.name @MeshInstance3D@44330 x1
PROF bake.name @MeshInstance3D@44331 x1
PROF bake.name @MeshInstance3D@44332 x1
PROF bake.name @MeshInstance3D@44333 x1
PROF bake.name @MeshInstance3D@44334 x1
PROF bake.name @MeshInstance3D@44335 x1
PROF bake.name @MeshInstance3D@44336 x1
PROF bake.name @MeshInstance3D@44337 x1
PROF bake.name @MeshInstance3D@44338 x1
PROF bake.name @MeshInstance3D@44339 x1
PROF bake.name @MeshInstance3D@44340 x1
PROF bake.name @MeshInstance3D@44341 x1
PROF bake.collect ms=49 sources=28
PROF bake.commit ms=0
PROF bake.detail instances=64 surfaces=64 append_ms=48 material_ms=0
PROF bake.name PumpkinLobe x4
PROF bake.name Stem x4
PROF bake.name PumpkinLeaf x4
PROF bake.name PumpkinVine x4
PROF bake.name @MeshInstance3D@44407 x1
PROF bake.name @MeshInstance3D@44408 x1
PROF bake.name @MeshInstance3D@44409 x1
PROF bake.name @MeshInstance3D@44410 x1
PROF bake.name @MeshInstance3D@44411 x1
PROF bake.name @MeshInstance3D@44412 x1
PROF bake.name @MeshInstance3D@44413 x1
PROF bake.name @MeshInstance3D@44414 x1
PROF bake.name @MeshInstance3D@44415 x1
PROF bake.name @MeshInstance3D@44416 x1
PROF bake.name @MeshInstance3D@44417 x1
PROF bake.name @MeshInstance3D@44418 x1
PROF bake.name @MeshInstance3D@44420 x1
PROF bake.name @MeshInstance3D@44421 x1
PROF bake.name @MeshInstance3D@44422 x1
PROF bake.name @MeshInstance3D@44423 x1
PROF bake.name @MeshInstance3D@44424 x1
PROF bake.name @MeshInstance3D@44425 x1
PROF bake.name @MeshInstance3D@44426 x1
PROF bake.name @MeshInstance3D@44427 x1
PROF bake.name @MeshInstance3D@44428 x1
PROF bake.name @MeshInstance3D@44429 x1
PROF bake.name @MeshInstance3D@44430 x1
PROF bake.name @MeshInstance3D@44431 x1
PROF bake.name @MeshInstance3D@44382 x1
PROF bake.name @MeshInstance3D@44383 x1
PROF bake.name @MeshInstance3D@44384 x1
PROF bake.name @MeshInstance3D@44385 x1
PROF bake.name @MeshInstance3D@44386 x1
PROF bake.name @MeshInstance3D@44387 x1
PROF bake.name @MeshInstance3D@44388 x1
PROF bake.name @MeshInstance3D@44389 x1
PROF bake.name @MeshInstance3D@44390 x1
PROF bake.name @MeshInstance3D@44391 x1
PROF bake.name @MeshInstance3D@44392 x1
PROF bake.name @MeshInstance3D@44393 x1
PROF bake.collect ms=48 sources=28
PROF bake.commit ms=1
PROF bake.detail instances=64 surfaces=64 append_ms=48 material_ms=0
PROF bake.name PumpkinLobe x4
PROF bake.name Stem x4
PROF bake.name PumpkinLeaf x4
PROF bake.name PumpkinVine x4
PROF bake.name @MeshInstance3D@44466 x1
PROF bake.name @MeshInstance3D@44467 x1
PROF bake.name @MeshInstance3D@44468 x1
PROF bake.name @MeshInstance3D@44469 x1
PROF bake.name @MeshInstance3D@44470 x1
PROF bake.name @MeshInstance3D@44471 x1
PROF bake.name @MeshInstance3D@44472 x1
PROF bake.name @MeshInstance3D@44473 x1
PROF bake.name @MeshInstance3D@44474 x1
PROF bake.name @MeshInstance3D@44475 x1
PROF bake.name @MeshInstance3D@44476 x1
PROF bake.name @MeshInstance3D@44477 x1
PROF bake.name @MeshInstance3D@44479 x1
PROF bake.name @MeshInstance3D@44480 x1
PROF bake.name @MeshInstance3D@44481 x1
PROF bake.name @MeshInstance3D@44482 x1
PROF bake.name @MeshInstance3D@44483 x1
PROF bake.name @MeshInstance3D@44484 x1
PROF bake.name @MeshInstance3D@44485 x1
PROF bake.name @MeshInstance3D@44486 x1
PROF bake.name @MeshInstance3D@44487 x1
PROF bake.name @MeshInstance3D@44488 x1
PROF bake.name @MeshInstance3D@44489 x1
PROF bake.name @MeshInstance3D@44490 x1
PROF bake.name @MeshInstance3D@44441 x1
PROF bake.name @MeshInstance3D@44442 x1
PROF bake.name @MeshInstance3D@44443 x1
PROF bake.name @MeshInstance3D@44444 x1
PROF bake.name @MeshInstance3D@44445 x1
PROF bake.name @MeshInstance3D@44446 x1
PROF bake.name @MeshInstance3D@44447 x1
PROF bake.name @MeshInstance3D@44448 x1
PROF bake.name @MeshInstance3D@44449 x1
PROF bake.name @MeshInstance3D@44450 x1
PROF bake.name @MeshInstance3D@44451 x1
PROF bake.name @MeshInstance3D@44452 x1
PROF bake.collect ms=48 sources=28
PROF bake.commit ms=1
PROF bake.detail instances=64 surfaces=64 append_ms=48 material_ms=0
PROF bake.name PumpkinLobe x4
PROF bake.name Stem x4
PROF bake.name PumpkinLeaf x4
PROF bake.name PumpkinVine x4
PROF bake.name @MeshInstance3D@44518 x1
PROF bake.name @MeshInstance3D@44519 x1
PROF bake.name @MeshInstance3D@44520 x1
PROF bake.name @MeshInstance3D@44521 x1
PROF bake.name @MeshInstance3D@44522 x1
PROF bake.name @MeshInstance3D@44523 x1
PROF bake.name @MeshInstance3D@44524 x1
PROF bake.name @MeshInstance3D@44525 x1
PROF bake.name @MeshInstance3D@44526 x1
PROF bake.name @MeshInstance3D@44527 x1
PROF bake.name @MeshInstance3D@44528 x1
PROF bake.name @MeshInstance3D@44529 x1
PROF bake.name @MeshInstance3D@44531 x1
PROF bake.name @MeshInstance3D@44532 x1
PROF bake.name @MeshInstance3D@44533 x1
PROF bake.name @MeshInstance3D@44534 x1
PROF bake.name @MeshInstance3D@44535 x1
PROF bake.name @MeshInstance3D@44536 x1
PROF bake.name @MeshInstance3D@44537 x1
PROF bake.name @MeshInstance3D@44538 x1
PROF bake.name @MeshInstance3D@44539 x1
PROF bake.name @MeshInstance3D@44540 x1
PROF bake.name @MeshInstance3D@44541 x1
PROF bake.name @MeshInstance3D@44542 x1
PROF bake.name @MeshInstance3D@44493 x1
PROF bake.name @MeshInstance3D@44494 x1
PROF bake.name @MeshInstance3D@44495 x1
PROF bake.name @MeshInstance3D@44496 x1
PROF bake.name @MeshInstance3D@44497 x1
PROF bake.name @MeshInstance3D@44498 x1
PROF bake.name @MeshInstance3D@44499 x1
PROF bake.name @MeshInstance3D@44500 x1
PROF bake.name @MeshInstance3D@44501 x1
PROF bake.name @MeshInstance3D@44502 x1
PROF bake.name @MeshInstance3D@44503 x1
PROF bake.name @MeshInstance3D@44504 x1
PROF bake.collect ms=48 sources=28
PROF bake.commit ms=1
PROF bake.detail instances=64 surfaces=64 append_ms=47 material_ms=0
PROF bake.name PumpkinLobe x4
PROF bake.name Stem x4
PROF bake.name PumpkinLeaf x4
PROF bake.name PumpkinVine x4
PROF bake.name @MeshInstance3D@44570 x1
PROF bake.name @MeshInstance3D@44571 x1
PROF bake.name @MeshInstance3D@44572 x1
PROF bake.name @MeshInstance3D@44573 x1
PROF bake.name @MeshInstance3D@44574 x1
PROF bake.name @MeshInstance3D@44575 x1
PROF bake.name @MeshInstance3D@44576 x1
PROF bake.name @MeshInstance3D@44577 x1
PROF bake.name @MeshInstance3D@44578 x1
PROF bake.name @MeshInstance3D@44579 x1
PROF bake.name @MeshInstance3D@44580 x1
PROF bake.name @MeshInstance3D@44581 x1
PROF bake.name @MeshInstance3D@44583 x1
PROF bake.name @MeshInstance3D@44584 x1
PROF bake.name @MeshInstance3D@44585 x1
PROF bake.name @MeshInstance3D@44586 x1
PROF bake.name @MeshInstance3D@44587 x1
PROF bake.name @MeshInstance3D@44588 x1
PROF bake.name @MeshInstance3D@44589 x1
PROF bake.name @MeshInstance3D@44590 x1
PROF bake.name @MeshInstance3D@44591 x1
PROF bake.name @MeshInstance3D@44592 x1
PROF bake.name @MeshInstance3D@44593 x1
PROF bake.name @MeshInstance3D@44594 x1
PROF bake.name @MeshInstance3D@44545 x1
PROF bake.name @MeshInstance3D@44546 x1
PROF bake.name @MeshInstance3D@44547 x1
PROF bake.name @MeshInstance3D@44548 x1
PROF bake.name @MeshInstance3D@44549 x1
PROF bake.name @MeshInstance3D@44550 x1
PROF bake.name @MeshInstance3D@44551 x1
PROF bake.name @MeshInstance3D@44552 x1
PROF bake.name @MeshInstance3D@44553 x1
PROF bake.name @MeshInstance3D@44554 x1
PROF bake.name @MeshInstance3D@44555 x1
PROF bake.name @MeshInstance3D@44556 x1
PROF bake.collect ms=49 sources=28
PROF bake.commit ms=0
PROF bake.detail instances=64 surfaces=64 append_ms=48 material_ms=0
PROF bake.name PumpkinLobe x4
PROF bake.name Stem x4
PROF bake.name PumpkinLeaf x4
PROF bake.name PumpkinVine x4
PROF bake.name @MeshInstance3D@44629 x1
PROF bake.name @MeshInstance3D@44630 x1
PROF bake.name @MeshInstance3D@44631 x1
PROF bake.name @MeshInstance3D@44632 x1
PROF bake.name @MeshInstance3D@44633 x1
PROF bake.name @MeshInstance3D@44634 x1
PROF bake.name @MeshInstance3D@44635 x1
PROF bake.name @MeshInstance3D@44636 x1
PROF bake.name @MeshInstance3D@44637 x1
PROF bake.name @MeshInstance3D@44638 x1
PROF bake.name @MeshInstance3D@44639 x1
PROF bake.name @MeshInstance3D@44640 x1
PROF bake.name @MeshInstance3D@44642 x1
PROF bake.name @MeshInstance3D@44643 x1
PROF bake.name @MeshInstance3D@44644 x1
PROF bake.name @MeshInstance3D@44645 x1
PROF bake.name @MeshInstance3D@44646 x1
PROF bake.name @MeshInstance3D@44647 x1
PROF bake.name @MeshInstance3D@44648 x1
PROF bake.name @MeshInstance3D@44649 x1
PROF bake.name @MeshInstance3D@44650 x1
PROF bake.name @MeshInstance3D@44651 x1
PROF bake.name @MeshInstance3D@44652 x1
PROF bake.name @MeshInstance3D@44653 x1
PROF bake.name @MeshInstance3D@44604 x1
PROF bake.name @MeshInstance3D@44605 x1
PROF bake.name @MeshInstance3D@44606 x1
PROF bake.name @MeshInstance3D@44607 x1
PROF bake.name @MeshInstance3D@44608 x1
PROF bake.name @MeshInstance3D@44609 x1
PROF bake.name @MeshInstance3D@44610 x1
PROF bake.name @MeshInstance3D@44611 x1
PROF bake.name @MeshInstance3D@44612 x1
PROF bake.name @MeshInstance3D@44613 x1
PROF bake.name @MeshInstance3D@44614 x1
PROF bake.name @MeshInstance3D@44615 x1
PROF bake.collect ms=49 sources=28
PROF bake.commit ms=1
PROF bake.detail instances=64 surfaces=64 append_ms=48 material_ms=0
PROF bake.name PumpkinLobe x4
PROF bake.name Stem x4
PROF bake.name PumpkinLeaf x4
PROF bake.name PumpkinVine x4
PROF bake.name @MeshInstance3D@44681 x1
PROF bake.name @MeshInstance3D@44682 x1
PROF bake.name @MeshInstance3D@44683 x1
PROF bake.name @MeshInstance3D@44684 x1
PROF bake.name @MeshInstance3D@44685 x1
PROF bake.name @MeshInstance3D@44686 x1
PROF bake.name @MeshInstance3D@44687 x1
PROF bake.name @MeshInstance3D@44688 x1
PROF bake.name @MeshInstance3D@44689 x1
PROF bake.name @MeshInstance3D@44690 x1
PROF bake.name @MeshInstance3D@44691 x1
PROF bake.name @MeshInstance3D@44692 x1
PROF bake.name @MeshInstance3D@44694 x1
PROF bake.name @MeshInstance3D@44695 x1
PROF bake.name @MeshInstance3D@44696 x1
PROF bake.name @MeshInstance3D@44697 x1
PROF bake.name @MeshInstance3D@44698 x1
PROF bake.name @MeshInstance3D@44699 x1
PROF bake.name @MeshInstance3D@44700 x1
PROF bake.name @MeshInstance3D@44701 x1
PROF bake.name @MeshInstance3D@44702 x1
PROF bake.name @MeshInstance3D@44703 x1
PROF bake.name @MeshInstance3D@44704 x1
PROF bake.name @MeshInstance3D@44705 x1
PROF bake.name @MeshInstance3D@44656 x1
PROF bake.name @MeshInstance3D@44657 x1
PROF bake.name @MeshInstance3D@44658 x1
PROF bake.name @MeshInstance3D@44659 x1
PROF bake.name @MeshInstance3D@44660 x1
PROF bake.name @MeshInstance3D@44661 x1
PROF bake.name @MeshInstance3D@44662 x1
PROF bake.name @MeshInstance3D@44663 x1
PROF bake.name @MeshInstance3D@44664 x1
PROF bake.name @MeshInstance3D@44665 x1
PROF bake.name @MeshInstance3D@44666 x1
PROF bake.name @MeshInstance3D@44667 x1
PROF bake.collect ms=49 sources=28
PROF bake.commit ms=0
PROF bake.detail instances=64 surfaces=64 append_ms=48 material_ms=0
PROF bake.name PumpkinLobe x4
PROF bake.name Stem x4
PROF bake.name PumpkinLeaf x4
PROF bake.name PumpkinVine x4
PROF bake.name @MeshInstance3D@44733 x1
PROF bake.name @MeshInstance3D@44734 x1
PROF bake.name @MeshInstance3D@44735 x1
PROF bake.name @MeshInstance3D@44736 x1
PROF bake.name @MeshInstance3D@44737 x1
PROF bake.name @MeshInstance3D@44738 x1
PROF bake.name @MeshInstance3D@44739 x1
PROF bake.name @MeshInstance3D@44740 x1
PROF bake.name @MeshInstance3D@44741 x1
PROF bake.name @MeshInstance3D@44742 x1
PROF bake.name @MeshInstance3D@44743 x1
PROF bake.name @MeshInstance3D@44744 x1
PROF bake.name @MeshInstance3D@44746 x1
PROF bake.name @MeshInstance3D@44747 x1
PROF bake.name @MeshInstance3D@44748 x1
PROF bake.name @MeshInstance3D@44749 x1
PROF bake.name @MeshInstance3D@44750 x1
PROF bake.name @MeshInstance3D@44751 x1
PROF bake.name @MeshInstance3D@44752 x1
PROF bake.name @MeshInstance3D@44753 x1
PROF bake.name @MeshInstance3D@44754 x1
PROF bake.name @MeshInstance3D@44755 x1
PROF bake.name @MeshInstance3D@44756 x1
PROF bake.name @MeshInstance3D@44757 x1
PROF bake.name @MeshInstance3D@44708 x1
PROF bake.name @MeshInstance3D@44709 x1
PROF bake.name @MeshInstance3D@44710 x1
PROF bake.name @MeshInstance3D@44711 x1
PROF bake.name @MeshInstance3D@44712 x1
PROF bake.name @MeshInstance3D@44713 x1
PROF bake.name @MeshInstance3D@44714 x1
PROF bake.name @MeshInstance3D@44715 x1
PROF bake.name @MeshInstance3D@44716 x1
PROF bake.name @MeshInstance3D@44717 x1
PROF bake.name @MeshInstance3D@44718 x1
PROF bake.name @MeshInstance3D@44719 x1
PROF bake.collect ms=48 sources=28
PROF bake.commit ms=0
PROF bake.detail instances=64 surfaces=64 append_ms=48 material_ms=0
PROF bake.name PumpkinLobe x4
PROF bake.name Stem x4
PROF bake.name PumpkinLeaf x4
PROF bake.name PumpkinVine x4
PROF bake.name @MeshInstance3D@44792 x1
PROF bake.name @MeshInstance3D@44793 x1
PROF bake.name @MeshInstance3D@44794 x1
PROF bake.name @MeshInstance3D@44795 x1
PROF bake.name @MeshInstance3D@44796 x1
PROF bake.name @MeshInstance3D@44797 x1
PROF bake.name @MeshInstance3D@44798 x1
PROF bake.name @MeshInstance3D@44799 x1
PROF bake.name @MeshInstance3D@44800 x1
PROF bake.name @MeshInstance3D@44801 x1
PROF bake.name @MeshInstance3D@44802 x1
PROF bake.name @MeshInstance3D@44803 x1
PROF bake.name @MeshInstance3D@44805 x1
PROF bake.name @MeshInstance3D@44806 x1
PROF bake.name @MeshInstance3D@44807 x1
PROF bake.name @MeshInstance3D@44808 x1
PROF bake.name @MeshInstance3D@44809 x1
PROF bake.name @MeshInstance3D@44810 x1
PROF bake.name @MeshInstance3D@44811 x1
PROF bake.name @MeshInstance3D@44812 x1
PROF bake.name @MeshInstance3D@44813 x1
PROF bake.name @MeshInstance3D@44814 x1
PROF bake.name @MeshInstance3D@44815 x1
PROF bake.name @MeshInstance3D@44816 x1
PROF bake.name @MeshInstance3D@44767 x1
PROF bake.name @MeshInstance3D@44768 x1
PROF bake.name @MeshInstance3D@44769 x1
PROF bake.name @MeshInstance3D@44770 x1
PROF bake.name @MeshInstance3D@44771 x1
PROF bake.name @MeshInstance3D@44772 x1
PROF bake.name @MeshInstance3D@44773 x1
PROF bake.name @MeshInstance3D@44774 x1
PROF bake.name @MeshInstance3D@44775 x1
PROF bake.name @MeshInstance3D@44776 x1
PROF bake.name @MeshInstance3D@44777 x1
PROF bake.name @MeshInstance3D@44778 x1
PROF bake.collect ms=49 sources=28
PROF bake.commit ms=0
PROF bake.detail instances=64 surfaces=64 append_ms=48 material_ms=0
PROF bake.name PumpkinLobe x4
PROF bake.name Stem x4
PROF bake.name PumpkinLeaf x4
PROF bake.name PumpkinVine x4
PROF bake.name @MeshInstance3D@44844 x1
PROF bake.name @MeshInstance3D@44845 x1
PROF bake.name @MeshInstance3D@44846 x1
PROF bake.name @MeshInstance3D@44847 x1
PROF bake.name @MeshInstance3D@44848 x1
PROF bake.name @MeshInstance3D@44849 x1
PROF bake.name @MeshInstance3D@44850 x1
PROF bake.name @MeshInstance3D@44851 x1
PROF bake.name @MeshInstance3D@44852 x1
PROF bake.name @MeshInstance3D@44853 x1
PROF bake.name @MeshInstance3D@44854 x1
PROF bake.name @MeshInstance3D@44855 x1
PROF bake.name @MeshInstance3D@44857 x1
PROF bake.name @MeshInstance3D@44858 x1
PROF bake.name @MeshInstance3D@44859 x1
PROF bake.name @MeshInstance3D@44860 x1
PROF bake.name @MeshInstance3D@44861 x1
PROF bake.name @MeshInstance3D@44862 x1
PROF bake.name @MeshInstance3D@44863 x1
PROF bake.name @MeshInstance3D@44864 x1
PROF bake.name @MeshInstance3D@44865 x1
PROF bake.name @MeshInstance3D@44866 x1
PROF bake.name @MeshInstance3D@44867 x1
PROF bake.name @MeshInstance3D@44868 x1
PROF bake.name @MeshInstance3D@44819 x1
PROF bake.name @MeshInstance3D@44820 x1
PROF bake.name @MeshInstance3D@44821 x1
PROF bake.name @MeshInstance3D@44822 x1
PROF bake.name @MeshInstance3D@44823 x1
PROF bake.name @MeshInstance3D@44824 x1
PROF bake.name @MeshInstance3D@44825 x1
PROF bake.name @MeshInstance3D@44826 x1
PROF bake.name @MeshInstance3D@44827 x1
PROF bake.name @MeshInstance3D@44828 x1
PROF bake.name @MeshInstance3D@44829 x1
PROF bake.name @MeshInstance3D@44830 x1
PROF bake.collect ms=49 sources=28
PROF bake.commit ms=0
PROF bake.detail instances=64 surfaces=64 append_ms=47 material_ms=0
PROF bake.name PumpkinLobe x4
PROF bake.name Stem x4
PROF bake.name PumpkinLeaf x4
PROF bake.name PumpkinVine x4
PROF bake.name @MeshInstance3D@44896 x1
PROF bake.name @MeshInstance3D@44897 x1
PROF bake.name @MeshInstance3D@44898 x1
PROF bake.name @MeshInstance3D@44899 x1
PROF bake.name @MeshInstance3D@44900 x1
PROF bake.name @MeshInstance3D@44901 x1
PROF bake.name @MeshInstance3D@44902 x1
PROF bake.name @MeshInstance3D@44903 x1
PROF bake.name @MeshInstance3D@44904 x1
PROF bake.name @MeshInstance3D@44905 x1
PROF bake.name @MeshInstance3D@44906 x1
PROF bake.name @MeshInstance3D@44907 x1
PROF bake.name @MeshInstance3D@44909 x1
PROF bake.name @MeshInstance3D@44910 x1
PROF bake.name @MeshInstance3D@44911 x1
PROF bake.name @MeshInstance3D@44912 x1
PROF bake.name @MeshInstance3D@44913 x1
PROF bake.name @MeshInstance3D@44914 x1
PROF bake.name @MeshInstance3D@44915 x1
PROF bake.name @MeshInstance3D@44916 x1
PROF bake.name @MeshInstance3D@44917 x1
PROF bake.name @MeshInstance3D@44918 x1
PROF bake.name @MeshInstance3D@44919 x1
PROF bake.name @MeshInstance3D@44920 x1
PROF bake.name @MeshInstance3D@44871 x1
PROF bake.name @MeshInstance3D@44872 x1
PROF bake.name @MeshInstance3D@44873 x1
PROF bake.name @MeshInstance3D@44874 x1
PROF bake.name @MeshInstance3D@44875 x1
PROF bake.name @MeshInstance3D@44876 x1
PROF bake.name @MeshInstance3D@44877 x1
PROF bake.name @MeshInstance3D@44878 x1
PROF bake.name @MeshInstance3D@44879 x1
PROF bake.name @MeshInstance3D@44880 x1
PROF bake.name @MeshInstance3D@44881 x1
PROF bake.name @MeshInstance3D@44882 x1
PROF bake.collect ms=49 sources=28
PROF bake.commit ms=0
PROF bake.detail instances=64 surfaces=64 append_ms=47 material_ms=0
PROF bake.name PumpkinLobe x4
PROF bake.name Stem x4
PROF bake.name PumpkinLeaf x4
PROF bake.name PumpkinVine x4
PROF bake.name @MeshInstance3D@44955 x1
PROF bake.name @MeshInstance3D@44956 x1
PROF bake.name @MeshInstance3D@44957 x1
PROF bake.name @MeshInstance3D@44958 x1
PROF bake.name @MeshInstance3D@44959 x1
PROF bake.name @MeshInstance3D@44960 x1
PROF bake.name @MeshInstance3D@44961 x1
PROF bake.name @MeshInstance3D@44962 x1
PROF bake.name @MeshInstance3D@44963 x1
PROF bake.name @MeshInstance3D@44964 x1
PROF bake.name @MeshInstance3D@44965 x1
PROF bake.name @MeshInstance3D@44966 x1
PROF bake.name @MeshInstance3D@44968 x1
PROF bake.name @MeshInstance3D@44969 x1
PROF bake.name @MeshInstance3D@44970 x1
PROF bake.name @MeshInstance3D@44971 x1
PROF bake.name @MeshInstance3D@44972 x1
PROF bake.name @MeshInstance3D@44973 x1
PROF bake.name @MeshInstance3D@44974 x1
PROF bake.name @MeshInstance3D@44975 x1
PROF bake.name @MeshInstance3D@44976 x1
PROF bake.name @MeshInstance3D@44977 x1
PROF bake.name @MeshInstance3D@44978 x1
PROF bake.name @MeshInstance3D@44979 x1
PROF bake.name @MeshInstance3D@44930 x1
PROF bake.name @MeshInstance3D@44931 x1
PROF bake.name @MeshInstance3D@44932 x1
PROF bake.name @MeshInstance3D@44933 x1
PROF bake.name @MeshInstance3D@44934 x1
PROF bake.name @MeshInstance3D@44935 x1
PROF bake.name @MeshInstance3D@44936 x1
PROF bake.name @MeshInstance3D@44937 x1
PROF bake.name @MeshInstance3D@44938 x1
PROF bake.name @MeshInstance3D@44939 x1
PROF bake.name @MeshInstance3D@44940 x1
PROF bake.name @MeshInstance3D@44941 x1
PROF bake.collect ms=49 sources=28
PROF bake.commit ms=0
PROF bake.detail instances=64 surfaces=64 append_ms=48 material_ms=0
PROF bake.name PumpkinLobe x4
PROF bake.name Stem x4
PROF bake.name PumpkinLeaf x4
PROF bake.name PumpkinVine x4
PROF bake.name @MeshInstance3D@45007 x1
PROF bake.name @MeshInstance3D@45008 x1
PROF bake.name @MeshInstance3D@45009 x1
PROF bake.name @MeshInstance3D@45010 x1
PROF bake.name @MeshInstance3D@45011 x1
PROF bake.name @MeshInstance3D@45012 x1
PROF bake.name @MeshInstance3D@45013 x1
PROF bake.name @MeshInstance3D@45014 x1
PROF bake.name @MeshInstance3D@45015 x1
PROF bake.name @MeshInstance3D@45016 x1
PROF bake.name @MeshInstance3D@45017 x1
PROF bake.name @MeshInstance3D@45018 x1
PROF bake.name @MeshInstance3D@45020 x1
PROF bake.name @MeshInstance3D@45021 x1
PROF bake.name @MeshInstance3D@45022 x1
PROF bake.name @MeshInstance3D@45023 x1
PROF bake.name @MeshInstance3D@45024 x1
PROF bake.name @MeshInstance3D@45025 x1
PROF bake.name @MeshInstance3D@45026 x1
PROF bake.name @MeshInstance3D@45027 x1
PROF bake.name @MeshInstance3D@45028 x1
PROF bake.name @MeshInstance3D@45029 x1
PROF bake.name @MeshInstance3D@45030 x1
PROF bake.name @MeshInstance3D@45031 x1
PROF bake.name @MeshInstance3D@44982 x1
PROF bake.name @MeshInstance3D@44983 x1
PROF bake.name @MeshInstance3D@44984 x1
PROF bake.name @MeshInstance3D@44985 x1
PROF bake.name @MeshInstance3D@44986 x1
PROF bake.name @MeshInstance3D@44987 x1
PROF bake.name @MeshInstance3D@44988 x1
PROF bake.name @MeshInstance3D@44989 x1
PROF bake.name @MeshInstance3D@44990 x1
PROF bake.name @MeshInstance3D@44991 x1
PROF bake.name @MeshInstance3D@44992 x1
PROF bake.name @MeshInstance3D@44993 x1
PROF bake.collect ms=49 sources=28
PROF bake.commit ms=0
PROF bake.detail instances=64 surfaces=64 append_ms=48 material_ms=0
PROF bake.name PumpkinLobe x4
PROF bake.name Stem x4
PROF bake.name PumpkinLeaf x4
PROF bake.name PumpkinVine x4
PROF bake.name @MeshInstance3D@45059 x1
PROF bake.name @MeshInstance3D@45060 x1
PROF bake.name @MeshInstance3D@45061 x1
PROF bake.name @MeshInstance3D@45062 x1
PROF bake.name @MeshInstance3D@45063 x1
PROF bake.name @MeshInstance3D@45064 x1
PROF bake.name @MeshInstance3D@45065 x1
PROF bake.name @MeshInstance3D@45066 x1
PROF bake.name @MeshInstance3D@45067 x1
PROF bake.name @MeshInstance3D@45068 x1
PROF bake.name @MeshInstance3D@45069 x1
PROF bake.name @MeshInstance3D@45070 x1
PROF bake.name @MeshInstance3D@45072 x1
PROF bake.name @MeshInstance3D@45073 x1
PROF bake.name @MeshInstance3D@45074 x1
PROF bake.name @MeshInstance3D@45075 x1
PROF bake.name @MeshInstance3D@45076 x1
PROF bake.name @MeshInstance3D@45077 x1
PROF bake.name @MeshInstance3D@45078 x1
PROF bake.name @MeshInstance3D@45079 x1
PROF bake.name @MeshInstance3D@45080 x1
PROF bake.name @MeshInstance3D@45081 x1
PROF bake.name @MeshInstance3D@45082 x1
PROF bake.name @MeshInstance3D@45083 x1
PROF bake.name @MeshInstance3D@45034 x1
PROF bake.name @MeshInstance3D@45035 x1
PROF bake.name @MeshInstance3D@45036 x1
PROF bake.name @MeshInstance3D@45037 x1
PROF bake.name @MeshInstance3D@45038 x1
PROF bake.name @MeshInstance3D@45039 x1
PROF bake.name @MeshInstance3D@45040 x1
PROF bake.name @MeshInstance3D@45041 x1
PROF bake.name @MeshInstance3D@45042 x1
PROF bake.name @MeshInstance3D@45043 x1
PROF bake.name @MeshInstance3D@45044 x1
PROF bake.name @MeshInstance3D@45045 x1
PROF bake.collect ms=48 sources=28
PROF bake.commit ms=1
PROF bake.detail instances=64 surfaces=64 append_ms=48 material_ms=0
PROF bake.name PumpkinLobe x4
PROF bake.name Stem x4
PROF bake.name PumpkinLeaf x4
PROF bake.name PumpkinVine x4
PROF bake.name @MeshInstance3D@45118 x1
PROF bake.name @MeshInstance3D@45119 x1
PROF bake.name @MeshInstance3D@45120 x1
PROF bake.name @MeshInstance3D@45121 x1
PROF bake.name @MeshInstance3D@45122 x1
PROF bake.name @MeshInstance3D@45123 x1
PROF bake.name @MeshInstance3D@45124 x1
PROF bake.name @MeshInstance3D@45125 x1
PROF bake.name @MeshInstance3D@45126 x1
PROF bake.name @MeshInstance3D@45127 x1
PROF bake.name @MeshInstance3D@45128 x1
PROF bake.name @MeshInstance3D@45129 x1
PROF bake.name @MeshInstance3D@45131 x1
PROF bake.name @MeshInstance3D@45132 x1
PROF bake.name @MeshInstance3D@45133 x1
PROF bake.name @MeshInstance3D@45134 x1
PROF bake.name @MeshInstance3D@45135 x1
PROF bake.name @MeshInstance3D@45136 x1
PROF bake.name @MeshInstance3D@45137 x1
PROF bake.name @MeshInstance3D@45138 x1
PROF bake.name @MeshInstance3D@45139 x1
PROF bake.name @MeshInstance3D@45140 x1
PROF bake.name @MeshInstance3D@45141 x1
PROF bake.name @MeshInstance3D@45142 x1
PROF bake.name @MeshInstance3D@45093 x1
PROF bake.name @MeshInstance3D@45094 x1
PROF bake.name @MeshInstance3D@45095 x1
PROF bake.name @MeshInstance3D@45096 x1
PROF bake.name @MeshInstance3D@45097 x1
PROF bake.name @MeshInstance3D@45098 x1
PROF bake.name @MeshInstance3D@45099 x1
PROF bake.name @MeshInstance3D@45100 x1
PROF bake.name @MeshInstance3D@45101 x1
PROF bake.name @MeshInstance3D@45102 x1
PROF bake.name @MeshInstance3D@45103 x1
PROF bake.name @MeshInstance3D@45104 x1
PROF bake.collect ms=48 sources=28
PROF bake.commit ms=0
PROF bake.detail instances=64 surfaces=64 append_ms=47 material_ms=0
PROF bake.name PumpkinLobe x4
PROF bake.name Stem x4
PROF bake.name PumpkinLeaf x4
PROF bake.name PumpkinVine x4
PROF bake.name @MeshInstance3D@45170 x1
PROF bake.name @MeshInstance3D@45171 x1
PROF bake.name @MeshInstance3D@45172 x1
PROF bake.name @MeshInstance3D@45173 x1
PROF bake.name @MeshInstance3D@45174 x1
PROF bake.name @MeshInstance3D@45175 x1
PROF bake.name @MeshInstance3D@45176 x1
PROF bake.name @MeshInstance3D@45177 x1
PROF bake.name @MeshInstance3D@45178 x1
PROF bake.name @MeshInstance3D@45179 x1
PROF bake.name @MeshInstance3D@45180 x1
PROF bake.name @MeshInstance3D@45181 x1
PROF bake.name @MeshInstance3D@45183 x1
PROF bake.name @MeshInstance3D@45184 x1
PROF bake.name @MeshInstance3D@45185 x1
PROF bake.name @MeshInstance3D@45186 x1
PROF bake.name @MeshInstance3D@45187 x1
PROF bake.name @MeshInstance3D@45188 x1
PROF bake.name @MeshInstance3D@45189 x1
PROF bake.name @MeshInstance3D@45190 x1
PROF bake.name @MeshInstance3D@45191 x1
PROF bake.name @MeshInstance3D@45192 x1
PROF bake.name @MeshInstance3D@45193 x1
PROF bake.name @MeshInstance3D@45194 x1
PROF bake.name @MeshInstance3D@45145 x1
PROF bake.name @MeshInstance3D@45146 x1
PROF bake.name @MeshInstance3D@45147 x1
PROF bake.name @MeshInstance3D@45148 x1
PROF bake.name @MeshInstance3D@45149 x1
PROF bake.name @MeshInstance3D@45150 x1
PROF bake.name @MeshInstance3D@45151 x1
PROF bake.name @MeshInstance3D@45152 x1
PROF bake.name @MeshInstance3D@45153 x1
PROF bake.name @MeshInstance3D@45154 x1
PROF bake.name @MeshInstance3D@45155 x1
PROF bake.name @MeshInstance3D@45156 x1
PROF bake.collect ms=48 sources=28
PROF bake.commit ms=0
PROF bake.detail instances=64 surfaces=64 append_ms=47 material_ms=0
PROF bake.name PumpkinLobe x4
PROF bake.name Stem x4
PROF bake.name PumpkinLeaf x4
PROF bake.name PumpkinVine x4
PROF bake.name @MeshInstance3D@45229 x1
PROF bake.name @MeshInstance3D@45230 x1
PROF bake.name @MeshInstance3D@45231 x1
PROF bake.name @MeshInstance3D@45232 x1
PROF bake.name @MeshInstance3D@45233 x1
PROF bake.name @MeshInstance3D@45234 x1
PROF bake.name @MeshInstance3D@45235 x1
PROF bake.name @MeshInstance3D@45236 x1
PROF bake.name @MeshInstance3D@45237 x1
PROF bake.name @MeshInstance3D@45238 x1
PROF bake.name @MeshInstance3D@45239 x1
PROF bake.name @MeshInstance3D@45240 x1
PROF bake.name @MeshInstance3D@45242 x1
PROF bake.name @MeshInstance3D@45243 x1
PROF bake.name @MeshInstance3D@45244 x1
PROF bake.name @MeshInstance3D@45245 x1
PROF bake.name @MeshInstance3D@45246 x1
PROF bake.name @MeshInstance3D@45247 x1
PROF bake.name @MeshInstance3D@45248 x1
PROF bake.name @MeshInstance3D@45249 x1
PROF bake.name @MeshInstance3D@45250 x1
PROF bake.name @MeshInstance3D@45251 x1
PROF bake.name @MeshInstance3D@45252 x1
PROF bake.name @MeshInstance3D@45253 x1
PROF bake.name @MeshInstance3D@45204 x1
PROF bake.name @MeshInstance3D@45205 x1
PROF bake.name @MeshInstance3D@45206 x1
PROF bake.name @MeshInstance3D@45207 x1
PROF bake.name @MeshInstance3D@45208 x1
PROF bake.name @MeshInstance3D@45209 x1
PROF bake.name @MeshInstance3D@45210 x1
PROF bake.name @MeshInstance3D@45211 x1
PROF bake.name @MeshInstance3D@45212 x1
PROF bake.name @MeshInstance3D@45213 x1
PROF bake.name @MeshInstance3D@45214 x1
PROF bake.name @MeshInstance3D@45215 x1
PROF bake.collect ms=49 sources=28
PROF bake.commit ms=0
PROF bake.detail instances=64 surfaces=64 append_ms=48 material_ms=0
PROF bake.name PumpkinLobe x4
PROF bake.name Stem x4
PROF bake.name PumpkinLeaf x4
PROF bake.name PumpkinVine x4
PROF bake.name @MeshInstance3D@45281 x1
PROF bake.name @MeshInstance3D@45282 x1
PROF bake.name @MeshInstance3D@45283 x1
PROF bake.name @MeshInstance3D@45284 x1
PROF bake.name @MeshInstance3D@45285 x1
PROF bake.name @MeshInstance3D@45286 x1
PROF bake.name @MeshInstance3D@45287 x1
PROF bake.name @MeshInstance3D@45288 x1
PROF bake.name @MeshInstance3D@45289 x1
PROF bake.name @MeshInstance3D@45290 x1
PROF bake.name @MeshInstance3D@45291 x1
PROF bake.name @MeshInstance3D@45292 x1
PROF bake.name @MeshInstance3D@45294 x1
PROF bake.name @MeshInstance3D@45295 x1
PROF bake.name @MeshInstance3D@45296 x1
PROF bake.name @MeshInstance3D@45297 x1
PROF bake.name @MeshInstance3D@45298 x1
PROF bake.name @MeshInstance3D@45299 x1
PROF bake.name @MeshInstance3D@45300 x1
PROF bake.name @MeshInstance3D@45301 x1
PROF bake.name @MeshInstance3D@45302 x1
PROF bake.name @MeshInstance3D@45303 x1
PROF bake.name @MeshInstance3D@45304 x1
PROF bake.name @MeshInstance3D@45305 x1
PROF bake.name @MeshInstance3D@45256 x1
PROF bake.name @MeshInstance3D@45257 x1
PROF bake.name @MeshInstance3D@45258 x1
PROF bake.name @MeshInstance3D@45259 x1
PROF bake.name @MeshInstance3D@45260 x1
PROF bake.name @MeshInstance3D@45261 x1
PROF bake.name @MeshInstance3D@45262 x1
PROF bake.name @MeshInstance3D@45263 x1
PROF bake.name @MeshInstance3D@45264 x1
PROF bake.name @MeshInstance3D@45265 x1
PROF bake.name @MeshInstance3D@45266 x1
PROF bake.name @MeshInstance3D@45267 x1
PROF bake.collect ms=49 sources=28
PROF bake.commit ms=0
PROF bake.detail instances=64 surfaces=64 append_ms=48 material_ms=0
PROF bake.name PumpkinLobe x4
PROF bake.name Stem x4
PROF bake.name PumpkinLeaf x4
PROF bake.name PumpkinVine x4
PROF bake.name @MeshInstance3D@45340 x1
PROF bake.name @MeshInstance3D@45341 x1
PROF bake.name @MeshInstance3D@45342 x1
PROF bake.name @MeshInstance3D@45343 x1
PROF bake.name @MeshInstance3D@45344 x1
PROF bake.name @MeshInstance3D@45345 x1
PROF bake.name @MeshInstance3D@45346 x1
PROF bake.name @MeshInstance3D@45347 x1
PROF bake.name @MeshInstance3D@45348 x1
PROF bake.name @MeshInstance3D@45349 x1
PROF bake.name @MeshInstance3D@45350 x1
PROF bake.name @MeshInstance3D@45351 x1
PROF bake.name @MeshInstance3D@45353 x1
PROF bake.name @MeshInstance3D@45354 x1
PROF bake.name @MeshInstance3D@45355 x1
PROF bake.name @MeshInstance3D@45356 x1
PROF bake.name @MeshInstance3D@45357 x1
PROF bake.name @MeshInstance3D@45358 x1
PROF bake.name @MeshInstance3D@45359 x1
PROF bake.name @MeshInstance3D@45360 x1
PROF bake.name @MeshInstance3D@45361 x1
PROF bake.name @MeshInstance3D@45362 x1
PROF bake.name @MeshInstance3D@45363 x1
PROF bake.name @MeshInstance3D@45364 x1
PROF bake.name @MeshInstance3D@45315 x1
PROF bake.name @MeshInstance3D@45316 x1
PROF bake.name @MeshInstance3D@45317 x1
PROF bake.name @MeshInstance3D@45318 x1
PROF bake.name @MeshInstance3D@45319 x1
PROF bake.name @MeshInstance3D@45320 x1
PROF bake.name @MeshInstance3D@45321 x1
PROF bake.name @MeshInstance3D@45322 x1
PROF bake.name @MeshInstance3D@45323 x1
PROF bake.name @MeshInstance3D@45324 x1
PROF bake.name @MeshInstance3D@45325 x1
PROF bake.name @MeshInstance3D@45326 x1
PROF bake.collect ms=49 sources=28
PROF bake.commit ms=1
PROF bake.detail instances=64 surfaces=64 append_ms=48 material_ms=0
PROF bake.name PumpkinLobe x4
PROF bake.name Stem x4
PROF bake.name PumpkinLeaf x4
PROF bake.name PumpkinVine x4
PROF bake.name @MeshInstance3D@45392 x1
PROF bake.name @MeshInstance3D@45393 x1
PROF bake.name @MeshInstance3D@45394 x1
PROF bake.name @MeshInstance3D@45395 x1
PROF bake.name @MeshInstance3D@45396 x1
PROF bake.name @MeshInstance3D@45397 x1
PROF bake.name @MeshInstance3D@45398 x1
PROF bake.name @MeshInstance3D@45399 x1
PROF bake.name @MeshInstance3D@45400 x1
PROF bake.name @MeshInstance3D@45401 x1
PROF bake.name @MeshInstance3D@45402 x1
PROF bake.name @MeshInstance3D@45403 x1
PROF bake.name @MeshInstance3D@45405 x1
PROF bake.name @MeshInstance3D@45406 x1
PROF bake.name @MeshInstance3D@45407 x1
PROF bake.name @MeshInstance3D@45408 x1
PROF bake.name @MeshInstance3D@45409 x1
PROF bake.name @MeshInstance3D@45410 x1
PROF bake.name @MeshInstance3D@45411 x1
PROF bake.name @MeshInstance3D@45412 x1
PROF bake.name @MeshInstance3D@45413 x1
PROF bake.name @MeshInstance3D@45414 x1
PROF bake.name @MeshInstance3D@45415 x1
PROF bake.name @MeshInstance3D@45416 x1
PROF bake.name @MeshInstance3D@45367 x1
PROF bake.name @MeshInstance3D@45368 x1
PROF bake.name @MeshInstance3D@45369 x1
PROF bake.name @MeshInstance3D@45370 x1
PROF bake.name @MeshInstance3D@45371 x1
PROF bake.name @MeshInstance3D@45372 x1
PROF bake.name @MeshInstance3D@45373 x1
PROF bake.name @MeshInstance3D@45374 x1
PROF bake.name @MeshInstance3D@45375 x1
PROF bake.name @MeshInstance3D@45376 x1
PROF bake.name @MeshInstance3D@45377 x1
PROF bake.name @MeshInstance3D@45378 x1
PROF bake.collect ms=49 sources=28
PROF bake.commit ms=0
PROF bake.detail instances=64 surfaces=64 append_ms=48 material_ms=0
PROF bake.name PumpkinLobe x4
PROF bake.name Stem x4
PROF bake.name PumpkinLeaf x4
PROF bake.name PumpkinVine x4
PROF bake.name @MeshInstance3D@45451 x1
PROF bake.name @MeshInstance3D@45452 x1
PROF bake.name @MeshInstance3D@45453 x1
PROF bake.name @MeshInstance3D@45454 x1
PROF bake.name @MeshInstance3D@45455 x1
PROF bake.name @MeshInstance3D@45456 x1
PROF bake.name @MeshInstance3D@45457 x1
PROF bake.name @MeshInstance3D@45458 x1
PROF bake.name @MeshInstance3D@45459 x1
PROF bake.name @MeshInstance3D@45460 x1
PROF bake.name @MeshInstance3D@45461 x1
PROF bake.name @MeshInstance3D@45462 x1
PROF bake.name @MeshInstance3D@45464 x1
PROF bake.name @MeshInstance3D@45465 x1
PROF bake.name @MeshInstance3D@45466 x1
PROF bake.name @MeshInstance3D@45467 x1
PROF bake.name @MeshInstance3D@45468 x1
PROF bake.name @MeshInstance3D@45469 x1
PROF bake.name @MeshInstance3D@45470 x1
PROF bake.name @MeshInstance3D@45471 x1
PROF bake.name @MeshInstance3D@45472 x1
PROF bake.name @MeshInstance3D@45473 x1
PROF bake.name @MeshInstance3D@45474 x1
PROF bake.name @MeshInstance3D@45475 x1
PROF bake.name @MeshInstance3D@45426 x1
PROF bake.name @MeshInstance3D@45427 x1
PROF bake.name @MeshInstance3D@45428 x1
PROF bake.name @MeshInstance3D@45429 x1
PROF bake.name @MeshInstance3D@45430 x1
PROF bake.name @MeshInstance3D@45431 x1
PROF bake.name @MeshInstance3D@45432 x1
PROF bake.name @MeshInstance3D@45433 x1
PROF bake.name @MeshInstance3D@45434 x1
PROF bake.name @MeshInstance3D@45435 x1
PROF bake.name @MeshInstance3D@45436 x1
PROF bake.name @MeshInstance3D@45437 x1
PROF bake.collect ms=49 sources=28
PROF bake.commit ms=0
PROF bake.detail instances=64 surfaces=64 append_ms=48 material_ms=0
PROF bake.name PumpkinLobe x4
PROF bake.name Stem x4
PROF bake.name PumpkinLeaf x4
PROF bake.name PumpkinVine x4
PROF bake.name @MeshInstance3D@45503 x1
PROF bake.name @MeshInstance3D@45504 x1
PROF bake.name @MeshInstance3D@45505 x1
PROF bake.name @MeshInstance3D@45506 x1
PROF bake.name @MeshInstance3D@45507 x1
PROF bake.name @MeshInstance3D@45508 x1
PROF bake.name @MeshInstance3D@45509 x1
PROF bake.name @MeshInstance3D@45510 x1
PROF bake.name @MeshInstance3D@45511 x1
PROF bake.name @MeshInstance3D@45512 x1
PROF bake.name @MeshInstance3D@45513 x1
PROF bake.name @MeshInstance3D@45514 x1
PROF bake.name @MeshInstance3D@45516 x1
PROF bake.name @MeshInstance3D@45517 x1
PROF bake.name @MeshInstance3D@45518 x1
PROF bake.name @MeshInstance3D@45519 x1
PROF bake.name @MeshInstance3D@45520 x1
PROF bake.name @MeshInstance3D@45521 x1
PROF bake.name @MeshInstance3D@45522 x1
PROF bake.name @MeshInstance3D@45523 x1
PROF bake.name @MeshInstance3D@45524 x1
PROF bake.name @MeshInstance3D@45525 x1
PROF bake.name @MeshInstance3D@45526 x1
PROF bake.name @MeshInstance3D@45527 x1
PROF bake.name @MeshInstance3D@45478 x1
PROF bake.name @MeshInstance3D@45479 x1
PROF bake.name @MeshInstance3D@45480 x1
PROF bake.name @MeshInstance3D@45481 x1
PROF bake.name @MeshInstance3D@45482 x1
PROF bake.name @MeshInstance3D@45483 x1
PROF bake.name @MeshInstance3D@45484 x1
PROF bake.name @MeshInstance3D@45485 x1
PROF bake.name @MeshInstance3D@45486 x1
PROF bake.name @MeshInstance3D@45487 x1
PROF bake.name @MeshInstance3D@45488 x1
PROF bake.name @MeshInstance3D@45489 x1
PROF bake.collect ms=49 sources=28
PROF bake.commit ms=0
PROF bake.detail instances=64 surfaces=64 append_ms=48 material_ms=0
PROF bake.name PumpkinLobe x4
PROF bake.name Stem x4
PROF bake.name PumpkinLeaf x4
PROF bake.name PumpkinVine x4
PROF bake.name @MeshInstance3D@45562 x1
PROF bake.name @MeshInstance3D@45563 x1
PROF bake.name @MeshInstance3D@45564 x1
PROF bake.name @MeshInstance3D@45565 x1
PROF bake.name @MeshInstance3D@45566 x1
PROF bake.name @MeshInstance3D@45567 x1
PROF bake.name @MeshInstance3D@45568 x1
PROF bake.name @MeshInstance3D@45569 x1
PROF bake.name @MeshInstance3D@45570 x1
PROF bake.name @MeshInstance3D@45571 x1
PROF bake.name @MeshInstance3D@45572 x1
PROF bake.name @MeshInstance3D@45573 x1
PROF bake.name @MeshInstance3D@45575 x1
PROF bake.name @MeshInstance3D@45576 x1
PROF bake.name @MeshInstance3D@45577 x1
PROF bake.name @MeshInstance3D@45578 x1
PROF bake.name @MeshInstance3D@45579 x1
PROF bake.name @MeshInstance3D@45580 x1
PROF bake.name @MeshInstance3D@45581 x1
PROF bake.name @MeshInstance3D@45582 x1
PROF bake.name @MeshInstance3D@45583 x1
PROF bake.name @MeshInstance3D@45584 x1
PROF bake.name @MeshInstance3D@45585 x1
PROF bake.name @MeshInstance3D@45586 x1
PROF bake.name @MeshInstance3D@45537 x1
PROF bake.name @MeshInstance3D@45538 x1
PROF bake.name @MeshInstance3D@45539 x1
PROF bake.name @MeshInstance3D@45540 x1
PROF bake.name @MeshInstance3D@45541 x1
PROF bake.name @MeshInstance3D@45542 x1
PROF bake.name @MeshInstance3D@45543 x1
PROF bake.name @MeshInstance3D@45544 x1
PROF bake.name @MeshInstance3D@45545 x1
PROF bake.name @MeshInstance3D@45546 x1
PROF bake.name @MeshInstance3D@45547 x1
PROF bake.name @MeshInstance3D@45548 x1
PROF bake.collect ms=49 sources=28
PROF bake.commit ms=0
PROF bake.detail instances=64 surfaces=64 append_ms=48 material_ms=0
PROF bake.name PumpkinLobe x4
PROF bake.name Stem x4
PROF bake.name PumpkinLeaf x4
PROF bake.name PumpkinVine x4
PROF bake.name @MeshInstance3D@45614 x1
PROF bake.name @MeshInstance3D@45615 x1
PROF bake.name @MeshInstance3D@45616 x1
PROF bake.name @MeshInstance3D@45617 x1
PROF bake.name @MeshInstance3D@45618 x1
PROF bake.name @MeshInstance3D@45619 x1
PROF bake.name @MeshInstance3D@45620 x1
PROF bake.name @MeshInstance3D@45621 x1
PROF bake.name @MeshInstance3D@45622 x1
PROF bake.name @MeshInstance3D@45623 x1
PROF bake.name @MeshInstance3D@45624 x1
PROF bake.name @MeshInstance3D@45625 x1
PROF bake.name @MeshInstance3D@45627 x1
PROF bake.name @MeshInstance3D@45628 x1
PROF bake.name @MeshInstance3D@45629 x1
PROF bake.name @MeshInstance3D@45630 x1
PROF bake.name @MeshInstance3D@45631 x1
PROF bake.name @MeshInstance3D@45632 x1
PROF bake.name @MeshInstance3D@45633 x1
PROF bake.name @MeshInstance3D@45634 x1
PROF bake.name @MeshInstance3D@45635 x1
PROF bake.name @MeshInstance3D@45636 x1
PROF bake.name @MeshInstance3D@45637 x1
PROF bake.name @MeshInstance3D@45638 x1
PROF bake.name @MeshInstance3D@45589 x1
PROF bake.name @MeshInstance3D@45590 x1
PROF bake.name @MeshInstance3D@45591 x1
PROF bake.name @MeshInstance3D@45592 x1
PROF bake.name @MeshInstance3D@45593 x1
PROF bake.name @MeshInstance3D@45594 x1
PROF bake.name @MeshInstance3D@45595 x1
PROF bake.name @MeshInstance3D@45596 x1
PROF bake.name @MeshInstance3D@45597 x1
PROF bake.name @MeshInstance3D@45598 x1
PROF bake.name @MeshInstance3D@45599 x1
PROF bake.name @MeshInstance3D@45600 x1
PROF bake.collect ms=49 sources=28
PROF bake.commit ms=0
PROF bake.detail instances=64 surfaces=64 append_ms=48 material_ms=0
PROF bake.name PumpkinLobe x4
PROF bake.name Stem x4
PROF bake.name PumpkinLeaf x4
PROF bake.name PumpkinVine x4
PROF bake.name @MeshInstance3D@45666 x1
PROF bake.name @MeshInstance3D@45667 x1
PROF bake.name @MeshInstance3D@45668 x1
PROF bake.name @MeshInstance3D@45669 x1
PROF bake.name @MeshInstance3D@45670 x1
PROF bake.name @MeshInstance3D@45671 x1
PROF bake.name @MeshInstance3D@45672 x1
PROF bake.name @MeshInstance3D@45673 x1
PROF bake.name @MeshInstance3D@45674 x1
PROF bake.name @MeshInstance3D@45675 x1
PROF bake.name @MeshInstance3D@45676 x1
PROF bake.name @MeshInstance3D@45677 x1
PROF bake.name @MeshInstance3D@45679 x1
PROF bake.name @MeshInstance3D@45680 x1
PROF bake.name @MeshInstance3D@45681 x1
PROF bake.name @MeshInstance3D@45682 x1
PROF bake.name @MeshInstance3D@45683 x1
PROF bake.name @MeshInstance3D@45684 x1
PROF bake.name @MeshInstance3D@45685 x1
PROF bake.name @MeshInstance3D@45686 x1
PROF bake.name @MeshInstance3D@45687 x1
PROF bake.name @MeshInstance3D@45688 x1
PROF bake.name @MeshInstance3D@45689 x1
PROF bake.name @MeshInstance3D@45690 x1
PROF bake.name @MeshInstance3D@45641 x1
PROF bake.name @MeshInstance3D@45642 x1
PROF bake.name @MeshInstance3D@45643 x1
PROF bake.name @MeshInstance3D@45644 x1
PROF bake.name @MeshInstance3D@45645 x1
PROF bake.name @MeshInstance3D@45646 x1
PROF bake.name @MeshInstance3D@45647 x1
PROF bake.name @MeshInstance3D@45648 x1
PROF bake.name @MeshInstance3D@45649 x1
PROF bake.name @MeshInstance3D@45650 x1
PROF bake.name @MeshInstance3D@45651 x1
PROF bake.name @MeshInstance3D@45652 x1
PROF bake.collect ms=49 sources=28
PROF bake.commit ms=1
PROF bake.detail instances=64 surfaces=64 append_ms=48 material_ms=0
PROF bake.name PumpkinLobe x4
PROF bake.name Stem x4
PROF bake.name PumpkinLeaf x4
PROF bake.name PumpkinVine x4
PROF bake.name @MeshInstance3D@45725 x1
PROF bake.name @MeshInstance3D@45726 x1
PROF bake.name @MeshInstance3D@45727 x1
PROF bake.name @MeshInstance3D@45728 x1
PROF bake.name @MeshInstance3D@45729 x1
PROF bake.name @MeshInstance3D@45730 x1
PROF bake.name @MeshInstance3D@45731 x1
PROF bake.name @MeshInstance3D@45732 x1
PROF bake.name @MeshInstance3D@45733 x1
PROF bake.name @MeshInstance3D@45734 x1
PROF bake.name @MeshInstance3D@45735 x1
PROF bake.name @MeshInstance3D@45736 x1
PROF bake.name @MeshInstance3D@45738 x1
PROF bake.name @MeshInstance3D@45739 x1
PROF bake.name @MeshInstance3D@45740 x1
PROF bake.name @MeshInstance3D@45741 x1
PROF bake.name @MeshInstance3D@45742 x1
PROF bake.name @MeshInstance3D@45743 x1
PROF bake.name @MeshInstance3D@45744 x1
PROF bake.name @MeshInstance3D@45745 x1
PROF bake.name @MeshInstance3D@45746 x1
PROF bake.name @MeshInstance3D@45747 x1
PROF bake.name @MeshInstance3D@45748 x1
PROF bake.name @MeshInstance3D@45749 x1
PROF bake.name @MeshInstance3D@45700 x1
PROF bake.name @MeshInstance3D@45701 x1
PROF bake.name @MeshInstance3D@45702 x1
PROF bake.name @MeshInstance3D@45703 x1
PROF bake.name @MeshInstance3D@45704 x1
PROF bake.name @MeshInstance3D@45705 x1
PROF bake.name @MeshInstance3D@45706 x1
PROF bake.name @MeshInstance3D@45707 x1
PROF bake.name @MeshInstance3D@45708 x1
PROF bake.name @MeshInstance3D@45709 x1
PROF bake.name @MeshInstance3D@45710 x1
PROF bake.name @MeshInstance3D@45711 x1
PROF bake.collect ms=49 sources=28
PROF bake.commit ms=0
PROF bake.detail instances=64 surfaces=64 append_ms=48 material_ms=0
PROF bake.name PumpkinLobe x4
PROF bake.name Stem x4
PROF bake.name PumpkinLeaf x4
PROF bake.name PumpkinVine x4
PROF bake.name @MeshInstance3D@45777 x1
PROF bake.name @MeshInstance3D@45778 x1
PROF bake.name @MeshInstance3D@45779 x1
PROF bake.name @MeshInstance3D@45780 x1
PROF bake.name @MeshInstance3D@45781 x1
PROF bake.name @MeshInstance3D@45782 x1
PROF bake.name @MeshInstance3D@45783 x1
PROF bake.name @MeshInstance3D@45784 x1
PROF bake.name @MeshInstance3D@45785 x1
PROF bake.name @MeshInstance3D@45786 x1
PROF bake.name @MeshInstance3D@45787 x1
PROF bake.name @MeshInstance3D@45788 x1
PROF bake.name @MeshInstance3D@45790 x1
PROF bake.name @MeshInstance3D@45791 x1
PROF bake.name @MeshInstance3D@45792 x1
PROF bake.name @MeshInstance3D@45793 x1
PROF bake.name @MeshInstance3D@45794 x1
PROF bake.name @MeshInstance3D@45795 x1
PROF bake.name @MeshInstance3D@45796 x1
PROF bake.name @MeshInstance3D@45797 x1
PROF bake.name @MeshInstance3D@45798 x1
PROF bake.name @MeshInstance3D@45799 x1
PROF bake.name @MeshInstance3D@45800 x1
PROF bake.name @MeshInstance3D@45801 x1
PROF bake.name @MeshInstance3D@45752 x1
PROF bake.name @MeshInstance3D@45753 x1
PROF bake.name @MeshInstance3D@45754 x1
PROF bake.name @MeshInstance3D@45755 x1
PROF bake.name @MeshInstance3D@45756 x1
PROF bake.name @MeshInstance3D@45757 x1
PROF bake.name @MeshInstance3D@45758 x1
PROF bake.name @MeshInstance3D@45759 x1
PROF bake.name @MeshInstance3D@45760 x1
PROF bake.name @MeshInstance3D@45761 x1
PROF bake.name @MeshInstance3D@45762 x1
PROF bake.name @MeshInstance3D@45763 x1
PROF bake.collect ms=49 sources=28
PROF bake.commit ms=1
PROF bake.detail instances=64 surfaces=64 append_ms=48 material_ms=0
PROF bake.name PumpkinLobe x4
PROF bake.name Stem x4
PROF bake.name PumpkinLeaf x4
PROF bake.name PumpkinVine x4
PROF bake.name @MeshInstance3D@45829 x1
PROF bake.name @MeshInstance3D@45830 x1
PROF bake.name @MeshInstance3D@45831 x1
PROF bake.name @MeshInstance3D@45832 x1
PROF bake.name @MeshInstance3D@45833 x1
PROF bake.name @MeshInstance3D@45834 x1
PROF bake.name @MeshInstance3D@45835 x1
PROF bake.name @MeshInstance3D@45836 x1
PROF bake.name @MeshInstance3D@45837 x1
PROF bake.name @MeshInstance3D@45838 x1
PROF bake.name @MeshInstance3D@45839 x1
PROF bake.name @MeshInstance3D@45840 x1
PROF bake.name @MeshInstance3D@45842 x1
PROF bake.name @MeshInstance3D@45843 x1
PROF bake.name @MeshInstance3D@45844 x1
PROF bake.name @MeshInstance3D@45845 x1
PROF bake.name @MeshInstance3D@45846 x1
PROF bake.name @MeshInstance3D@45847 x1
PROF bake.name @MeshInstance3D@45848 x1
PROF bake.name @MeshInstance3D@45849 x1
PROF bake.name @MeshInstance3D@45850 x1
PROF bake.name @MeshInstance3D@45851 x1
PROF bake.name @MeshInstance3D@45852 x1
PROF bake.name @MeshInstance3D@45853 x1
PROF bake.name @MeshInstance3D@45804 x1
PROF bake.name @MeshInstance3D@45805 x1
PROF bake.name @MeshInstance3D@45806 x1
PROF bake.name @MeshInstance3D@45807 x1
PROF bake.name @MeshInstance3D@45808 x1
PROF bake.name @MeshInstance3D@45809 x1
PROF bake.name @MeshInstance3D@45810 x1
PROF bake.name @MeshInstance3D@45811 x1
PROF bake.name @MeshInstance3D@45812 x1
PROF bake.name @MeshInstance3D@45813 x1
PROF bake.name @MeshInstance3D@45814 x1
PROF bake.name @MeshInstance3D@45815 x1
PROF bake.collect ms=50 sources=28
PROF bake.commit ms=0
PROF bake.detail instances=64 surfaces=64 append_ms=48 material_ms=0
PROF bake.name PumpkinLobe x4
PROF bake.name Stem x4
PROF bake.name PumpkinLeaf x4
PROF bake.name PumpkinVine x4
PROF bake.name @MeshInstance3D@45888 x1
PROF bake.name @MeshInstance3D@45889 x1
PROF bake.name @MeshInstance3D@45890 x1
PROF bake.name @MeshInstance3D@45891 x1
PROF bake.name @MeshInstance3D@45892 x1
PROF bake.name @MeshInstance3D@45893 x1
PROF bake.name @MeshInstance3D@45894 x1
PROF bake.name @MeshInstance3D@45895 x1
PROF bake.name @MeshInstance3D@45896 x1
PROF bake.name @MeshInstance3D@45897 x1
PROF bake.name @MeshInstance3D@45898 x1
PROF bake.name @MeshInstance3D@45899 x1
PROF bake.name @MeshInstance3D@45901 x1
PROF bake.name @MeshInstance3D@45902 x1
PROF bake.name @MeshInstance3D@45903 x1
PROF bake.name @MeshInstance3D@45904 x1
PROF bake.name @MeshInstance3D@45905 x1
PROF bake.name @MeshInstance3D@45906 x1
PROF bake.name @MeshInstance3D@45907 x1
PROF bake.name @MeshInstance3D@45908 x1
PROF bake.name @MeshInstance3D@45909 x1
PROF bake.name @MeshInstance3D@45910 x1
PROF bake.name @MeshInstance3D@45911 x1
PROF bake.name @MeshInstance3D@45912 x1
PROF bake.name @MeshInstance3D@45863 x1
PROF bake.name @MeshInstance3D@45864 x1
PROF bake.name @MeshInstance3D@45865 x1
PROF bake.name @MeshInstance3D@45866 x1
PROF bake.name @MeshInstance3D@45867 x1
PROF bake.name @MeshInstance3D@45868 x1
PROF bake.name @MeshInstance3D@45869 x1
PROF bake.name @MeshInstance3D@45870 x1
PROF bake.name @MeshInstance3D@45871 x1
PROF bake.name @MeshInstance3D@45872 x1
PROF bake.name @MeshInstance3D@45873 x1
PROF bake.name @MeshInstance3D@45874 x1
PROF bake.collect ms=54 sources=28
PROF bake.commit ms=1
PROF bake.detail instances=64 surfaces=64 append_ms=53 material_ms=0
PROF bake.name PumpkinLobe x4
PROF bake.name Stem x4
PROF bake.name PumpkinLeaf x4
PROF bake.name PumpkinVine x4
PROF bake.name @MeshInstance3D@45940 x1
PROF bake.name @MeshInstance3D@45941 x1
PROF bake.name @MeshInstance3D@45942 x1
PROF bake.name @MeshInstance3D@45943 x1
PROF bake.name @MeshInstance3D@45944 x1
PROF bake.name @MeshInstance3D@45945 x1
PROF bake.name @MeshInstance3D@45946 x1
PROF bake.name @MeshInstance3D@45947 x1
PROF bake.name @MeshInstance3D@45948 x1
PROF bake.name @MeshInstance3D@45949 x1
PROF bake.name @MeshInstance3D@45950 x1
PROF bake.name @MeshInstance3D@45951 x1
PROF bake.name @MeshInstance3D@45953 x1
PROF bake.name @MeshInstance3D@45954 x1
PROF bake.name @MeshInstance3D@45955 x1
PROF bake.name @MeshInstance3D@45956 x1
PROF bake.name @MeshInstance3D@45957 x1
PROF bake.name @MeshInstance3D@45958 x1
PROF bake.name @MeshInstance3D@45959 x1
PROF bake.name @MeshInstance3D@45960 x1
PROF bake.name @MeshInstance3D@45961 x1
PROF bake.name @MeshInstance3D@45962 x1
PROF bake.name @MeshInstance3D@45963 x1
PROF bake.name @MeshInstance3D@45964 x1
PROF bake.name @MeshInstance3D@45915 x1
PROF bake.name @MeshInstance3D@45916 x1
PROF bake.name @MeshInstance3D@45917 x1
PROF bake.name @MeshInstance3D@45918 x1
PROF bake.name @MeshInstance3D@45919 x1
PROF bake.name @MeshInstance3D@45920 x1
PROF bake.name @MeshInstance3D@45921 x1
PROF bake.name @MeshInstance3D@45922 x1
PROF bake.name @MeshInstance3D@45923 x1
PROF bake.name @MeshInstance3D@45924 x1
PROF bake.name @MeshInstance3D@45925 x1
PROF bake.name @MeshInstance3D@45926 x1
PROF bake.collect ms=51 sources=28
PROF bake.commit ms=0
PROF bake.detail instances=64 surfaces=64 append_ms=50 material_ms=0
PROF bake.name PumpkinLobe x4
PROF bake.name Stem x4
PROF bake.name PumpkinLeaf x4
PROF bake.name PumpkinVine x4
PROF bake.name @MeshInstance3D@45992 x1
PROF bake.name @MeshInstance3D@45993 x1
PROF bake.name @MeshInstance3D@45994 x1
PROF bake.name @MeshInstance3D@45995 x1
PROF bake.name @MeshInstance3D@45996 x1
PROF bake.name @MeshInstance3D@45997 x1
PROF bake.name @MeshInstance3D@45998 x1
PROF bake.name @MeshInstance3D@45999 x1
PROF bake.name @MeshInstance3D@46000 x1
PROF bake.name @MeshInstance3D@46001 x1
PROF bake.name @MeshInstance3D@46002 x1
PROF bake.name @MeshInstance3D@46003 x1
PROF bake.name @MeshInstance3D@46005 x1
PROF bake.name @MeshInstance3D@46006 x1
PROF bake.name @MeshInstance3D@46007 x1
PROF bake.name @MeshInstance3D@46008 x1
PROF bake.name @MeshInstance3D@46009 x1
PROF bake.name @MeshInstance3D@46010 x1
PROF bake.name @MeshInstance3D@46011 x1
PROF bake.name @MeshInstance3D@46012 x1
PROF bake.name @MeshInstance3D@46013 x1
PROF bake.name @MeshInstance3D@46014 x1
PROF bake.name @MeshInstance3D@46015 x1
PROF bake.name @MeshInstance3D@46016 x1
PROF bake.name @MeshInstance3D@45967 x1
PROF bake.name @MeshInstance3D@45968 x1
PROF bake.name @MeshInstance3D@45969 x1
PROF bake.name @MeshInstance3D@45970 x1
PROF bake.name @MeshInstance3D@45971 x1
PROF bake.name @MeshInstance3D@45972 x1
PROF bake.name @MeshInstance3D@45973 x1
PROF bake.name @MeshInstance3D@45974 x1
PROF bake.name @MeshInstance3D@45975 x1
PROF bake.name @MeshInstance3D@45976 x1
PROF bake.name @MeshInstance3D@45977 x1
PROF bake.name @MeshInstance3D@45978 x1
PROF bake.collect ms=48 sources=28
PROF bake.commit ms=0
PROF bake.detail instances=64 surfaces=64 append_ms=47 material_ms=0
PROF bake.name PumpkinLobe x4
PROF bake.name Stem x4
PROF bake.name PumpkinLeaf x4
PROF bake.name PumpkinVine x4
PROF bake.name @MeshInstance3D@46051 x1
PROF bake.name @MeshInstance3D@46052 x1
PROF bake.name @MeshInstance3D@46053 x1
PROF bake.name @MeshInstance3D@46054 x1
PROF bake.name @MeshInstance3D@46055 x1
PROF bake.name @MeshInstance3D@46056 x1
PROF bake.name @MeshInstance3D@46057 x1
PROF bake.name @MeshInstance3D@46058 x1
PROF bake.name @MeshInstance3D@46059 x1
PROF bake.name @MeshInstance3D@46060 x1
PROF bake.name @MeshInstance3D@46061 x1
PROF bake.name @MeshInstance3D@46062 x1
PROF bake.name @MeshInstance3D@46064 x1
PROF bake.name @MeshInstance3D@46065 x1
PROF bake.name @MeshInstance3D@46066 x1
PROF bake.name @MeshInstance3D@46067 x1
PROF bake.name @MeshInstance3D@46068 x1
PROF bake.name @MeshInstance3D@46069 x1
PROF bake.name @MeshInstance3D@46070 x1
PROF bake.name @MeshInstance3D@46071 x1
PROF bake.name @MeshInstance3D@46072 x1
PROF bake.name @MeshInstance3D@46073 x1
PROF bake.name @MeshInstance3D@46074 x1
PROF bake.name @MeshInstance3D@46075 x1
PROF bake.name @MeshInstance3D@46026 x1
PROF bake.name @MeshInstance3D@46027 x1
PROF bake.name @MeshInstance3D@46028 x1
PROF bake.name @MeshInstance3D@46029 x1
PROF bake.name @MeshInstance3D@46030 x1
PROF bake.name @MeshInstance3D@46031 x1
PROF bake.name @MeshInstance3D@46032 x1
PROF bake.name @MeshInstance3D@46033 x1
PROF bake.name @MeshInstance3D@46034 x1
PROF bake.name @MeshInstance3D@46035 x1
PROF bake.name @MeshInstance3D@46036 x1
PROF bake.name @MeshInstance3D@46037 x1
PROF bake.collect ms=49 sources=28
PROF bake.commit ms=1
PROF bake.detail instances=64 surfaces=64 append_ms=48 material_ms=0
PROF bake.name PumpkinLobe x4
PROF bake.name Stem x4
PROF bake.name PumpkinLeaf x4
PROF bake.name PumpkinVine x4
PROF bake.name @MeshInstance3D@46103 x1
PROF bake.name @MeshInstance3D@46104 x1
PROF bake.name @MeshInstance3D@46105 x1
PROF bake.name @MeshInstance3D@46106 x1
PROF bake.name @MeshInstance3D@46107 x1
PROF bake.name @MeshInstance3D@46108 x1
PROF bake.name @MeshInstance3D@46109 x1
PROF bake.name @MeshInstance3D@46110 x1
PROF bake.name @MeshInstance3D@46111 x1
PROF bake.name @MeshInstance3D@46112 x1
PROF bake.name @MeshInstance3D@46113 x1
PROF bake.name @MeshInstance3D@46114 x1
PROF bake.name @MeshInstance3D@46116 x1
PROF bake.name @MeshInstance3D@46117 x1
PROF bake.name @MeshInstance3D@46118 x1
PROF bake.name @MeshInstance3D@46119 x1
PROF bake.name @MeshInstance3D@46120 x1
PROF bake.name @MeshInstance3D@46121 x1
PROF bake.name @MeshInstance3D@46122 x1
PROF bake.name @MeshInstance3D@46123 x1
PROF bake.name @MeshInstance3D@46124 x1
PROF bake.name @MeshInstance3D@46125 x1
PROF bake.name @MeshInstance3D@46126 x1
PROF bake.name @MeshInstance3D@46127 x1
PROF bake.name @MeshInstance3D@46078 x1
PROF bake.name @MeshInstance3D@46079 x1
PROF bake.name @MeshInstance3D@46080 x1
PROF bake.name @MeshInstance3D@46081 x1
PROF bake.name @MeshInstance3D@46082 x1
PROF bake.name @MeshInstance3D@46083 x1
PROF bake.name @MeshInstance3D@46084 x1
PROF bake.name @MeshInstance3D@46085 x1
PROF bake.name @MeshInstance3D@46086 x1
PROF bake.name @MeshInstance3D@46087 x1
PROF bake.name @MeshInstance3D@46088 x1
PROF bake.name @MeshInstance3D@46089 x1
PROF bake.collect ms=49 sources=28
PROF bake.commit ms=0
PROF bake.detail instances=64 surfaces=64 append_ms=48 material_ms=0
PROF bake.name PumpkinLobe x4
PROF bake.name Stem x4
PROF bake.name PumpkinLeaf x4
PROF bake.name PumpkinVine x4
PROF bake.name @MeshInstance3D@46155 x1
PROF bake.name @MeshInstance3D@46156 x1
PROF bake.name @MeshInstance3D@46157 x1
PROF bake.name @MeshInstance3D@46158 x1
PROF bake.name @MeshInstance3D@46159 x1
PROF bake.name @MeshInstance3D@46160 x1
PROF bake.name @MeshInstance3D@46161 x1
PROF bake.name @MeshInstance3D@46162 x1
PROF bake.name @MeshInstance3D@46163 x1
PROF bake.name @MeshInstance3D@46164 x1
PROF bake.name @MeshInstance3D@46165 x1
PROF bake.name @MeshInstance3D@46166 x1
PROF bake.name @MeshInstance3D@46168 x1
PROF bake.name @MeshInstance3D@46169 x1
PROF bake.name @MeshInstance3D@46170 x1
PROF bake.name @MeshInstance3D@46171 x1
PROF bake.name @MeshInstance3D@46172 x1
PROF bake.name @MeshInstance3D@46173 x1
PROF bake.name @MeshInstance3D@46174 x1
PROF bake.name @MeshInstance3D@46175 x1
PROF bake.name @MeshInstance3D@46176 x1
PROF bake.name @MeshInstance3D@46177 x1
PROF bake.name @MeshInstance3D@46178 x1
PROF bake.name @MeshInstance3D@46179 x1
PROF bake.name @MeshInstance3D@46130 x1
PROF bake.name @MeshInstance3D@46131 x1
PROF bake.name @MeshInstance3D@46132 x1
PROF bake.name @MeshInstance3D@46133 x1
PROF bake.name @MeshInstance3D@46134 x1
PROF bake.name @MeshInstance3D@46135 x1
PROF bake.name @MeshInstance3D@46136 x1
PROF bake.name @MeshInstance3D@46137 x1
PROF bake.name @MeshInstance3D@46138 x1
PROF bake.name @MeshInstance3D@46139 x1
PROF bake.name @MeshInstance3D@46140 x1
PROF bake.name @MeshInstance3D@46141 x1
PROF bake.collect ms=25 sources=12
PROF bake.commit ms=0
PROF bake.detail instances=28 surfaces=28 append_ms=24 material_ms=0
PROF bake.name RootVegetable x4
PROF bake.name VegetableLeaf x4
PROF bake.name @MeshInstance3D@46210 x1
PROF bake.name @MeshInstance3D@46209 x1
PROF bake.name @MeshInstance3D@46208 x1
PROF bake.name @MeshInstance3D@46207 x1
PROF bake.name @MeshInstance3D@46206 x1
PROF bake.name @MeshInstance3D@46204 x1
PROF bake.name @MeshInstance3D@46203 x1
PROF bake.name @MeshInstance3D@46202 x1
PROF bake.name @MeshInstance3D@46201 x1
PROF bake.name @MeshInstance3D@46200 x1
PROF bake.name @MeshInstance3D@46198 x1
PROF bake.name @MeshInstance3D@46197 x1
PROF bake.name @MeshInstance3D@46196 x1
PROF bake.name @MeshInstance3D@46195 x1
PROF bake.name @MeshInstance3D@46194 x1
PROF bake.name @MeshInstance3D@46193 x1
PROF bake.name @MeshInstance3D@46192 x1
PROF bake.name @MeshInstance3D@46191 x1
PROF bake.name @MeshInstance3D@46190 x1
PROF bake.name @MeshInstance3D@46189 x1
PROF bake.collect ms=24 sources=12
PROF bake.commit ms=0
PROF bake.detail instances=28 surfaces=28 append_ms=23 material_ms=0
PROF bake.name RootVegetable x4
PROF bake.name VegetableLeaf x4
PROF bake.name @MeshInstance3D@46234 x1
PROF bake.name @MeshInstance3D@46233 x1
PROF bake.name @MeshInstance3D@46232 x1
PROF bake.name @MeshInstance3D@46231 x1
PROF bake.name @MeshInstance3D@46230 x1
PROF bake.name @MeshInstance3D@46228 x1
PROF bake.name @MeshInstance3D@46227 x1
PROF bake.name @MeshInstance3D@46226 x1
PROF bake.name @MeshInstance3D@46225 x1
PROF bake.name @MeshInstance3D@46224 x1
PROF bake.name @MeshInstance3D@46222 x1
PROF bake.name @MeshInstance3D@46221 x1
PROF bake.name @MeshInstance3D@46220 x1
PROF bake.name @MeshInstance3D@46219 x1
PROF bake.name @MeshInstance3D@46218 x1
PROF bake.name @MeshInstance3D@46217 x1
PROF bake.name @MeshInstance3D@46216 x1
PROF bake.name @MeshInstance3D@46215 x1
PROF bake.name @MeshInstance3D@46214 x1
PROF bake.name @MeshInstance3D@46213 x1
PROF bake.collect ms=25 sources=12
PROF bake.commit ms=0
PROF bake.detail instances=28 surfaces=28 append_ms=24 material_ms=0
PROF bake.name RootVegetable x4
PROF bake.name VegetableLeaf x4
PROF bake.name @MeshInstance3D@46265 x1
PROF bake.name @MeshInstance3D@46264 x1
PROF bake.name @MeshInstance3D@46263 x1
PROF bake.name @MeshInstance3D@46262 x1
PROF bake.name @MeshInstance3D@46261 x1
PROF bake.name @MeshInstance3D@46259 x1
PROF bake.name @MeshInstance3D@46258 x1
PROF bake.name @MeshInstance3D@46257 x1
PROF bake.name @MeshInstance3D@46256 x1
PROF bake.name @MeshInstance3D@46255 x1
PROF bake.name @MeshInstance3D@46253 x1
PROF bake.name @MeshInstance3D@46252 x1
PROF bake.name @MeshInstance3D@46251 x1
PROF bake.name @MeshInstance3D@46250 x1
PROF bake.name @MeshInstance3D@46249 x1
PROF bake.name @MeshInstance3D@46248 x1
PROF bake.name @MeshInstance3D@46247 x1
PROF bake.name @MeshInstance3D@46246 x1
PROF bake.name @MeshInstance3D@46245 x1
PROF bake.name @MeshInstance3D@46244 x1
PROF bake.collect ms=24 sources=12
PROF bake.commit ms=0
PROF bake.detail instances=28 surfaces=28 append_ms=23 material_ms=0
PROF bake.name RootVegetable x4
PROF bake.name VegetableLeaf x4
PROF bake.name @MeshInstance3D@46289 x1
PROF bake.name @MeshInstance3D@46288 x1
PROF bake.name @MeshInstance3D@46287 x1
PROF bake.name @MeshInstance3D@46286 x1
PROF bake.name @MeshInstance3D@46285 x1
PROF bake.name @MeshInstance3D@46283 x1
PROF bake.name @MeshInstance3D@46282 x1
PROF bake.name @MeshInstance3D@46281 x1
PROF bake.name @MeshInstance3D@46280 x1
PROF bake.name @MeshInstance3D@46279 x1
PROF bake.name @MeshInstance3D@46277 x1
PROF bake.name @MeshInstance3D@46276 x1
PROF bake.name @MeshInstance3D@46275 x1
PROF bake.name @MeshInstance3D@46274 x1
PROF bake.name @MeshInstance3D@46273 x1
PROF bake.name @MeshInstance3D@46272 x1
PROF bake.name @MeshInstance3D@46271 x1
PROF bake.name @MeshInstance3D@46270 x1
PROF bake.name @MeshInstance3D@46269 x1
PROF bake.name @MeshInstance3D@46268 x1
PROF bake.collect ms=25 sources=12
PROF bake.commit ms=0
PROF bake.detail instances=28 surfaces=28 append_ms=24 material_ms=0
PROF bake.name RootVegetable x4
PROF bake.name VegetableLeaf x4
PROF bake.name @MeshInstance3D@46320 x1
PROF bake.name @MeshInstance3D@46319 x1
PROF bake.name @MeshInstance3D@46318 x1
PROF bake.name @MeshInstance3D@46317 x1
PROF bake.name @MeshInstance3D@46316 x1
PROF bake.name @MeshInstance3D@46314 x1
PROF bake.name @MeshInstance3D@46313 x1
PROF bake.name @MeshInstance3D@46312 x1
PROF bake.name @MeshInstance3D@46311 x1
PROF bake.name @MeshInstance3D@46310 x1
PROF bake.name @MeshInstance3D@46308 x1
PROF bake.name @MeshInstance3D@46307 x1
PROF bake.name @MeshInstance3D@46306 x1
PROF bake.name @MeshInstance3D@46305 x1
PROF bake.name @MeshInstance3D@46304 x1
PROF bake.name @MeshInstance3D@46303 x1
PROF bake.name @MeshInstance3D@46302 x1
PROF bake.name @MeshInstance3D@46301 x1
PROF bake.name @MeshInstance3D@46300 x1
PROF bake.name @MeshInstance3D@46299 x1
PROF bake.collect ms=24 sources=12
PROF bake.commit ms=0
PROF bake.detail instances=28 surfaces=28 append_ms=24 material_ms=0
PROF bake.name RootVegetable x4
PROF bake.name VegetableLeaf x4
PROF bake.name @MeshInstance3D@46344 x1
PROF bake.name @MeshInstance3D@46343 x1
PROF bake.name @MeshInstance3D@46342 x1
PROF bake.name @MeshInstance3D@46341 x1
PROF bake.name @MeshInstance3D@46340 x1
PROF bake.name @MeshInstance3D@46338 x1
PROF bake.name @MeshInstance3D@46337 x1
PROF bake.name @MeshInstance3D@46336 x1
PROF bake.name @MeshInstance3D@46335 x1
PROF bake.name @MeshInstance3D@46334 x1
PROF bake.name @MeshInstance3D@46332 x1
PROF bake.name @MeshInstance3D@46331 x1
PROF bake.name @MeshInstance3D@46330 x1
PROF bake.name @MeshInstance3D@46329 x1
PROF bake.name @MeshInstance3D@46328 x1
PROF bake.name @MeshInstance3D@46327 x1
PROF bake.name @MeshInstance3D@46326 x1
PROF bake.name @MeshInstance3D@46325 x1
PROF bake.name @MeshInstance3D@46324 x1
PROF bake.name @MeshInstance3D@46323 x1
PROF bake.collect ms=25 sources=12
PROF bake.commit ms=1
PROF bake.detail instances=28 surfaces=28 append_ms=24 material_ms=0
PROF bake.name RootVegetable x4
PROF bake.name VegetableLeaf x4
PROF bake.name @MeshInstance3D@46375 x1
PROF bake.name @MeshInstance3D@46374 x1
PROF bake.name @MeshInstance3D@46373 x1
PROF bake.name @MeshInstance3D@46372 x1
PROF bake.name @MeshInstance3D@46371 x1
PROF bake.name @MeshInstance3D@46369 x1
PROF bake.name @MeshInstance3D@46368 x1
PROF bake.name @MeshInstance3D@46367 x1
PROF bake.name @MeshInstance3D@46366 x1
PROF bake.name @MeshInstance3D@46365 x1
PROF bake.name @MeshInstance3D@46363 x1
PROF bake.name @MeshInstance3D@46362 x1
PROF bake.name @MeshInstance3D@46361 x1
PROF bake.name @MeshInstance3D@46360 x1
PROF bake.name @MeshInstance3D@46359 x1
PROF bake.name @MeshInstance3D@46358 x1
PROF bake.name @MeshInstance3D@46357 x1
PROF bake.name @MeshInstance3D@46356 x1
PROF bake.name @MeshInstance3D@46355 x1
PROF bake.name @MeshInstance3D@46354 x1
PROF bake.collect ms=24 sources=12
PROF bake.commit ms=1
PROF bake.detail instances=28 surfaces=28 append_ms=23 material_ms=0
PROF bake.name RootVegetable x4
PROF bake.name VegetableLeaf x4
PROF bake.name @MeshInstance3D@46399 x1
PROF bake.name @MeshInstance3D@46398 x1
PROF bake.name @MeshInstance3D@46397 x1
PROF bake.name @MeshInstance3D@46396 x1
PROF bake.name @MeshInstance3D@46395 x1
PROF bake.name @MeshInstance3D@46393 x1
PROF bake.name @MeshInstance3D@46392 x1
PROF bake.name @MeshInstance3D@46391 x1
PROF bake.name @MeshInstance3D@46390 x1
PROF bake.name @MeshInstance3D@46389 x1
PROF bake.name @MeshInstance3D@46387 x1
PROF bake.name @MeshInstance3D@46386 x1
PROF bake.name @MeshInstance3D@46385 x1
PROF bake.name @MeshInstance3D@46384 x1
PROF bake.name @MeshInstance3D@46383 x1
PROF bake.name @MeshInstance3D@46382 x1
PROF bake.name @MeshInstance3D@46381 x1
PROF bake.name @MeshInstance3D@46380 x1
PROF bake.name @MeshInstance3D@46379 x1
PROF bake.name @MeshInstance3D@46378 x1
PROF bake.collect ms=25 sources=12
PROF bake.commit ms=0
PROF bake.detail instances=28 surfaces=28 append_ms=25 material_ms=0
PROF bake.name RootVegetable x4
PROF bake.name VegetableLeaf x4
PROF bake.name @MeshInstance3D@46430 x1
PROF bake.name @MeshInstance3D@46429 x1
PROF bake.name @MeshInstance3D@46428 x1
PROF bake.name @MeshInstance3D@46427 x1
PROF bake.name @MeshInstance3D@46426 x1
PROF bake.name @MeshInstance3D@46424 x1
PROF bake.name @MeshInstance3D@46423 x1
PROF bake.name @MeshInstance3D@46422 x1
PROF bake.name @MeshInstance3D@46421 x1
PROF bake.name @MeshInstance3D@46420 x1
PROF bake.name @MeshInstance3D@46418 x1
PROF bake.name @MeshInstance3D@46417 x1
PROF bake.name @MeshInstance3D@46416 x1
PROF bake.name @MeshInstance3D@46415 x1
PROF bake.name @MeshInstance3D@46414 x1
PROF bake.name @MeshInstance3D@46413 x1
PROF bake.name @MeshInstance3D@46412 x1
PROF bake.name @MeshInstance3D@46411 x1
PROF bake.name @MeshInstance3D@46410 x1
PROF bake.name @MeshInstance3D@46409 x1
PROF bake.collect ms=24 sources=12
PROF bake.commit ms=0
PROF bake.detail instances=28 surfaces=28 append_ms=23 material_ms=0
PROF bake.name RootVegetable x4
PROF bake.name VegetableLeaf x4
PROF bake.name @MeshInstance3D@46454 x1
PROF bake.name @MeshInstance3D@46453 x1
PROF bake.name @MeshInstance3D@46452 x1
PROF bake.name @MeshInstance3D@46451 x1
PROF bake.name @MeshInstance3D@46450 x1
PROF bake.name @MeshInstance3D@46448 x1
PROF bake.name @MeshInstance3D@46447 x1
PROF bake.name @MeshInstance3D@46446 x1
PROF bake.name @MeshInstance3D@46445 x1
PROF bake.name @MeshInstance3D@46444 x1
PROF bake.name @MeshInstance3D@46442 x1
PROF bake.name @MeshInstance3D@46441 x1
PROF bake.name @MeshInstance3D@46440 x1
PROF bake.name @MeshInstance3D@46439 x1
PROF bake.name @MeshInstance3D@46438 x1
PROF bake.name @MeshInstance3D@46437 x1
PROF bake.name @MeshInstance3D@46436 x1
PROF bake.name @MeshInstance3D@46435 x1
PROF bake.name @MeshInstance3D@46434 x1
PROF bake.name @MeshInstance3D@46433 x1
PROF bake.collect ms=26 sources=12
PROF bake.commit ms=1
PROF bake.detail instances=28 surfaces=28 append_ms=25 material_ms=0
PROF bake.name RootVegetable x4
PROF bake.name VegetableLeaf x4
PROF bake.name @MeshInstance3D@46485 x1
PROF bake.name @MeshInstance3D@46484 x1
PROF bake.name @MeshInstance3D@46483 x1
PROF bake.name @MeshInstance3D@46482 x1
PROF bake.name @MeshInstance3D@46481 x1
PROF bake.name @MeshInstance3D@46479 x1
PROF bake.name @MeshInstance3D@46478 x1
PROF bake.name @MeshInstance3D@46477 x1
PROF bake.name @MeshInstance3D@46476 x1
PROF bake.name @MeshInstance3D@46475 x1
PROF bake.name @MeshInstance3D@46473 x1
PROF bake.name @MeshInstance3D@46472 x1
PROF bake.name @MeshInstance3D@46471 x1
PROF bake.name @MeshInstance3D@46470 x1
PROF bake.name @MeshInstance3D@46469 x1
PROF bake.name @MeshInstance3D@46468 x1
PROF bake.name @MeshInstance3D@46467 x1
PROF bake.name @MeshInstance3D@46466 x1
PROF bake.name @MeshInstance3D@46465 x1
PROF bake.name @MeshInstance3D@46464 x1
PROF bake.collect ms=25 sources=12
PROF bake.commit ms=0
PROF bake.detail instances=28 surfaces=28 append_ms=24 material_ms=0
PROF bake.name RootVegetable x4
PROF bake.name VegetableLeaf x4
PROF bake.name @MeshInstance3D@46509 x1
PROF bake.name @MeshInstance3D@46508 x1
PROF bake.name @MeshInstance3D@46507 x1
PROF bake.name @MeshInstance3D@46506 x1
PROF bake.name @MeshInstance3D@46505 x1
PROF bake.name @MeshInstance3D@46503 x1
PROF bake.name @MeshInstance3D@46502 x1
PROF bake.name @MeshInstance3D@46501 x1
PROF bake.name @MeshInstance3D@46500 x1
PROF bake.name @MeshInstance3D@46499 x1
PROF bake.name @MeshInstance3D@46497 x1
PROF bake.name @MeshInstance3D@46496 x1
PROF bake.name @MeshInstance3D@46495 x1
PROF bake.name @MeshInstance3D@46494 x1
PROF bake.name @MeshInstance3D@46493 x1
PROF bake.name @MeshInstance3D@46492 x1
PROF bake.name @MeshInstance3D@46491 x1
PROF bake.name @MeshInstance3D@46490 x1
PROF bake.name @MeshInstance3D@46489 x1
PROF bake.name @MeshInstance3D@46488 x1
PROF bake.collect ms=24 sources=12
PROF bake.commit ms=0
PROF bake.detail instances=28 surfaces=28 append_ms=23 material_ms=0
PROF bake.name RootVegetable x4
PROF bake.name VegetableLeaf x4
PROF bake.name @MeshInstance3D@46540 x1
PROF bake.name @MeshInstance3D@46539 x1
PROF bake.name @MeshInstance3D@46538 x1
PROF bake.name @MeshInstance3D@46537 x1
PROF bake.name @MeshInstance3D@46536 x1
PROF bake.name @MeshInstance3D@46534 x1
PROF bake.name @MeshInstance3D@46533 x1
PROF bake.name @MeshInstance3D@46532 x1
PROF bake.name @MeshInstance3D@46531 x1
PROF bake.name @MeshInstance3D@46530 x1
PROF bake.name @MeshInstance3D@46528 x1
PROF bake.name @MeshInstance3D@46527 x1
PROF bake.name @MeshInstance3D@46526 x1
PROF bake.name @MeshInstance3D@46525 x1
PROF bake.name @MeshInstance3D@46524 x1
PROF bake.name @MeshInstance3D@46523 x1
PROF bake.name @MeshInstance3D@46522 x1
PROF bake.name @MeshInstance3D@46521 x1
PROF bake.name @MeshInstance3D@46520 x1
PROF bake.name @MeshInstance3D@46519 x1
PROF bake.collect ms=24 sources=12
PROF bake.commit ms=1
PROF bake.detail instances=28 surfaces=28 append_ms=24 material_ms=0
PROF bake.name RootVegetable x4
PROF bake.name VegetableLeaf x4
PROF bake.name @MeshInstance3D@46564 x1
PROF bake.name @MeshInstance3D@46563 x1
PROF bake.name @MeshInstance3D@46562 x1
PROF bake.name @MeshInstance3D@46561 x1
PROF bake.name @MeshInstance3D@46560 x1
PROF bake.name @MeshInstance3D@46558 x1
PROF bake.name @MeshInstance3D@46557 x1
PROF bake.name @MeshInstance3D@46556 x1
PROF bake.name @MeshInstance3D@46555 x1
PROF bake.name @MeshInstance3D@46554 x1
PROF bake.name @MeshInstance3D@46552 x1
PROF bake.name @MeshInstance3D@46551 x1
PROF bake.name @MeshInstance3D@46550 x1
PROF bake.name @MeshInstance3D@46549 x1
PROF bake.name @MeshInstance3D@46548 x1
PROF bake.name @MeshInstance3D@46547 x1
PROF bake.name @MeshInstance3D@46546 x1
PROF bake.name @MeshInstance3D@46545 x1
PROF bake.name @MeshInstance3D@46544 x1
PROF bake.name @MeshInstance3D@46543 x1
PROF bake.collect ms=23 sources=12
PROF bake.commit ms=1
PROF bake.detail instances=28 surfaces=28 append_ms=23 material_ms=0
PROF bake.name RootVegetable x4
PROF bake.name VegetableLeaf x4
PROF bake.name @MeshInstance3D@46595 x1
PROF bake.name @MeshInstance3D@46594 x1
PROF bake.name @MeshInstance3D@46593 x1
PROF bake.name @MeshInstance3D@46592 x1
PROF bake.name @MeshInstance3D@46591 x1
PROF bake.name @MeshInstance3D@46589 x1
PROF bake.name @MeshInstance3D@46588 x1
PROF bake.name @MeshInstance3D@46587 x1
PROF bake.name @MeshInstance3D@46586 x1
PROF bake.name @MeshInstance3D@46585 x1
PROF bake.name @MeshInstance3D@46583 x1
PROF bake.name @MeshInstance3D@46582 x1
PROF bake.name @MeshInstance3D@46581 x1
PROF bake.name @MeshInstance3D@46580 x1
PROF bake.name @MeshInstance3D@46579 x1
PROF bake.name @MeshInstance3D@46578 x1
PROF bake.name @MeshInstance3D@46577 x1
PROF bake.name @MeshInstance3D@46576 x1
PROF bake.name @MeshInstance3D@46575 x1
PROF bake.name @MeshInstance3D@46574 x1
PROF bake.collect ms=26 sources=12
PROF bake.commit ms=0
PROF bake.detail instances=28 surfaces=28 append_ms=25 material_ms=0
PROF bake.name RootVegetable x4
PROF bake.name VegetableLeaf x4
PROF bake.name @MeshInstance3D@46619 x1
PROF bake.name @MeshInstance3D@46618 x1
PROF bake.name @MeshInstance3D@46617 x1
PROF bake.name @MeshInstance3D@46616 x1
PROF bake.name @MeshInstance3D@46615 x1
PROF bake.name @MeshInstance3D@46613 x1
PROF bake.name @MeshInstance3D@46612 x1
PROF bake.name @MeshInstance3D@46611 x1
PROF bake.name @MeshInstance3D@46610 x1
PROF bake.name @MeshInstance3D@46609 x1
PROF bake.name @MeshInstance3D@46607 x1
PROF bake.name @MeshInstance3D@46606 x1
PROF bake.name @MeshInstance3D@46605 x1
PROF bake.name @MeshInstance3D@46604 x1
PROF bake.name @MeshInstance3D@46603 x1
PROF bake.name @MeshInstance3D@46602 x1
PROF bake.name @MeshInstance3D@46601 x1
PROF bake.name @MeshInstance3D@46600 x1
PROF bake.name @MeshInstance3D@46599 x1
PROF bake.name @MeshInstance3D@46598 x1
PROF bake.collect ms=23 sources=12
PROF bake.commit ms=1
PROF bake.detail instances=28 surfaces=28 append_ms=23 material_ms=0
PROF bake.name RootVegetable x4
PROF bake.name VegetableLeaf x4
PROF bake.name @MeshInstance3D@46650 x1
PROF bake.name @MeshInstance3D@46649 x1
PROF bake.name @MeshInstance3D@46648 x1
PROF bake.name @MeshInstance3D@46647 x1
PROF bake.name @MeshInstance3D@46646 x1
PROF bake.name @MeshInstance3D@46644 x1
PROF bake.name @MeshInstance3D@46643 x1
PROF bake.name @MeshInstance3D@46642 x1
PROF bake.name @MeshInstance3D@46641 x1
PROF bake.name @MeshInstance3D@46640 x1
PROF bake.name @MeshInstance3D@46638 x1
PROF bake.name @MeshInstance3D@46637 x1
PROF bake.name @MeshInstance3D@46636 x1
PROF bake.name @MeshInstance3D@46635 x1
PROF bake.name @MeshInstance3D@46634 x1
PROF bake.name @MeshInstance3D@46633 x1
PROF bake.name @MeshInstance3D@46632 x1
PROF bake.name @MeshInstance3D@46631 x1
PROF bake.name @MeshInstance3D@46630 x1
PROF bake.name @MeshInstance3D@46629 x1
PROF bake.collect ms=26 sources=12
PROF bake.commit ms=0
PROF bake.detail instances=28 surfaces=28 append_ms=25 material_ms=0
PROF bake.name RootVegetable x4
PROF bake.name VegetableLeaf x4
PROF bake.name @MeshInstance3D@46674 x1
PROF bake.name @MeshInstance3D@46673 x1
PROF bake.name @MeshInstance3D@46672 x1
PROF bake.name @MeshInstance3D@46671 x1
PROF bake.name @MeshInstance3D@46670 x1
PROF bake.name @MeshInstance3D@46668 x1
PROF bake.name @MeshInstance3D@46667 x1
PROF bake.name @MeshInstance3D@46666 x1
PROF bake.name @MeshInstance3D@46665 x1
PROF bake.name @MeshInstance3D@46664 x1
PROF bake.name @MeshInstance3D@46662 x1
PROF bake.name @MeshInstance3D@46661 x1
PROF bake.name @MeshInstance3D@46660 x1
PROF bake.name @MeshInstance3D@46659 x1
PROF bake.name @MeshInstance3D@46658 x1
PROF bake.name @MeshInstance3D@46657 x1
PROF bake.name @MeshInstance3D@46656 x1
PROF bake.name @MeshInstance3D@46655 x1
PROF bake.name @MeshInstance3D@46654 x1
PROF bake.name @MeshInstance3D@46653 x1
PROF bake.collect ms=23 sources=12
PROF bake.commit ms=1
PROF bake.detail instances=28 surfaces=28 append_ms=23 material_ms=0
PROF bake.name RootVegetable x4
PROF bake.name VegetableLeaf x4
PROF bake.name @MeshInstance3D@46705 x1
PROF bake.name @MeshInstance3D@46704 x1
PROF bake.name @MeshInstance3D@46703 x1
PROF bake.name @MeshInstance3D@46702 x1
PROF bake.name @MeshInstance3D@46701 x1
PROF bake.name @MeshInstance3D@46699 x1
PROF bake.name @MeshInstance3D@46698 x1
PROF bake.name @MeshInstance3D@46697 x1
PROF bake.name @MeshInstance3D@46696 x1
PROF bake.name @MeshInstance3D@46695 x1
PROF bake.name @MeshInstance3D@46693 x1
PROF bake.name @MeshInstance3D@46692 x1
PROF bake.name @MeshInstance3D@46691 x1
PROF bake.name @MeshInstance3D@46690 x1
PROF bake.name @MeshInstance3D@46689 x1
PROF bake.name @MeshInstance3D@46688 x1
PROF bake.name @MeshInstance3D@46687 x1
PROF bake.name @MeshInstance3D@46686 x1
PROF bake.name @MeshInstance3D@46685 x1
PROF bake.name @MeshInstance3D@46684 x1
PROF bake.collect ms=26 sources=12
PROF bake.commit ms=0
PROF bake.detail instances=28 surfaces=28 append_ms=24 material_ms=0
PROF bake.name RootVegetable x4
PROF bake.name VegetableLeaf x4
PROF bake.name @MeshInstance3D@46729 x1
PROF bake.name @MeshInstance3D@46728 x1
PROF bake.name @MeshInstance3D@46727 x1
PROF bake.name @MeshInstance3D@46726 x1
PROF bake.name @MeshInstance3D@46725 x1
PROF bake.name @MeshInstance3D@46723 x1
PROF bake.name @MeshInstance3D@46722 x1
PROF bake.name @MeshInstance3D@46721 x1
PROF bake.name @MeshInstance3D@46720 x1
PROF bake.name @MeshInstance3D@46719 x1
PROF bake.name @MeshInstance3D@46717 x1
PROF bake.name @MeshInstance3D@46716 x1
PROF bake.name @MeshInstance3D@46715 x1
PROF bake.name @MeshInstance3D@46714 x1
PROF bake.name @MeshInstance3D@46713 x1
PROF bake.name @MeshInstance3D@46712 x1
PROF bake.name @MeshInstance3D@46711 x1
PROF bake.name @MeshInstance3D@46710 x1
PROF bake.name @MeshInstance3D@46709 x1
PROF bake.name @MeshInstance3D@46708 x1
PROF bake.collect ms=24 sources=12
PROF bake.commit ms=0
PROF bake.detail instances=28 surfaces=28 append_ms=23 material_ms=0
PROF bake.name RootVegetable x4
PROF bake.name VegetableLeaf x4
PROF bake.name @MeshInstance3D@46760 x1
PROF bake.name @MeshInstance3D@46759 x1
PROF bake.name @MeshInstance3D@46758 x1
PROF bake.name @MeshInstance3D@46757 x1
PROF bake.name @MeshInstance3D@46756 x1
PROF bake.name @MeshInstance3D@46754 x1
PROF bake.name @MeshInstance3D@46753 x1
PROF bake.name @MeshInstance3D@46752 x1
PROF bake.name @MeshInstance3D@46751 x1
PROF bake.name @MeshInstance3D@46750 x1
PROF bake.name @MeshInstance3D@46748 x1
PROF bake.name @MeshInstance3D@46747 x1
PROF bake.name @MeshInstance3D@46746 x1
PROF bake.name @MeshInstance3D@46745 x1
PROF bake.name @MeshInstance3D@46744 x1
PROF bake.name @MeshInstance3D@46743 x1
PROF bake.name @MeshInstance3D@46742 x1
PROF bake.name @MeshInstance3D@46741 x1
PROF bake.name @MeshInstance3D@46740 x1
PROF bake.name @MeshInstance3D@46739 x1
PROF bake.collect ms=25 sources=12
PROF bake.commit ms=0
PROF bake.detail instances=28 surfaces=28 append_ms=24 material_ms=0
PROF bake.name RootVegetable x4
PROF bake.name VegetableLeaf x4
PROF bake.name @MeshInstance3D@46784 x1
PROF bake.name @MeshInstance3D@46783 x1
PROF bake.name @MeshInstance3D@46782 x1
PROF bake.name @MeshInstance3D@46781 x1
PROF bake.name @MeshInstance3D@46780 x1
PROF bake.name @MeshInstance3D@46778 x1
PROF bake.name @MeshInstance3D@46777 x1
PROF bake.name @MeshInstance3D@46776 x1
PROF bake.name @MeshInstance3D@46775 x1
PROF bake.name @MeshInstance3D@46774 x1
PROF bake.name @MeshInstance3D@46772 x1
PROF bake.name @MeshInstance3D@46771 x1
PROF bake.name @MeshInstance3D@46770 x1
PROF bake.name @MeshInstance3D@46769 x1
PROF bake.name @MeshInstance3D@46768 x1
PROF bake.name @MeshInstance3D@46767 x1
PROF bake.name @MeshInstance3D@46766 x1
PROF bake.name @MeshInstance3D@46765 x1
PROF bake.name @MeshInstance3D@46764 x1
PROF bake.name @MeshInstance3D@46763 x1
PROF bake.collect ms=24 sources=12
PROF bake.commit ms=0
PROF bake.detail instances=28 surfaces=28 append_ms=23 material_ms=0
PROF bake.name RootVegetable x4
PROF bake.name VegetableLeaf x4
PROF bake.name @MeshInstance3D@46815 x1
PROF bake.name @MeshInstance3D@46814 x1
PROF bake.name @MeshInstance3D@46813 x1
PROF bake.name @MeshInstance3D@46812 x1
PROF bake.name @MeshInstance3D@46811 x1
PROF bake.name @MeshInstance3D@46809 x1
PROF bake.name @MeshInstance3D@46808 x1
PROF bake.name @MeshInstance3D@46807 x1
PROF bake.name @MeshInstance3D@46806 x1
PROF bake.name @MeshInstance3D@46805 x1
PROF bake.name @MeshInstance3D@46803 x1
PROF bake.name @MeshInstance3D@46802 x1
PROF bake.name @MeshInstance3D@46801 x1
PROF bake.name @MeshInstance3D@46800 x1
PROF bake.name @MeshInstance3D@46799 x1
PROF bake.name @MeshInstance3D@46798 x1
PROF bake.name @MeshInstance3D@46797 x1
PROF bake.name @MeshInstance3D@46796 x1
PROF bake.name @MeshInstance3D@46795 x1
PROF bake.name @MeshInstance3D@46794 x1
PROF bake.collect ms=26 sources=12
PROF bake.commit ms=0
PROF bake.detail instances=28 surfaces=28 append_ms=25 material_ms=0
PROF bake.name RootVegetable x4
PROF bake.name VegetableLeaf x4
PROF bake.name @MeshInstance3D@46839 x1
PROF bake.name @MeshInstance3D@46838 x1
PROF bake.name @MeshInstance3D@46837 x1
PROF bake.name @MeshInstance3D@46836 x1
PROF bake.name @MeshInstance3D@46835 x1
PROF bake.name @MeshInstance3D@46833 x1
PROF bake.name @MeshInstance3D@46832 x1
PROF bake.name @MeshInstance3D@46831 x1
PROF bake.name @MeshInstance3D@46830 x1
PROF bake.name @MeshInstance3D@46829 x1
PROF bake.name @MeshInstance3D@46827 x1
PROF bake.name @MeshInstance3D@46826 x1
PROF bake.name @MeshInstance3D@46825 x1
PROF bake.name @MeshInstance3D@46824 x1
PROF bake.name @MeshInstance3D@46823 x1
PROF bake.name @MeshInstance3D@46822 x1
PROF bake.name @MeshInstance3D@46821 x1
PROF bake.name @MeshInstance3D@46820 x1
PROF bake.name @MeshInstance3D@46819 x1
PROF bake.name @MeshInstance3D@46818 x1
PROF bake.collect ms=24 sources=12
PROF bake.commit ms=0
PROF bake.detail instances=28 surfaces=28 append_ms=23 material_ms=0
PROF bake.name RootVegetable x4
PROF bake.name VegetableLeaf x4
PROF bake.name @MeshInstance3D@46870 x1
PROF bake.name @MeshInstance3D@46869 x1
PROF bake.name @MeshInstance3D@46868 x1
PROF bake.name @MeshInstance3D@46867 x1
PROF bake.name @MeshInstance3D@46866 x1
PROF bake.name @MeshInstance3D@46864 x1
PROF bake.name @MeshInstance3D@46863 x1
PROF bake.name @MeshInstance3D@46862 x1
PROF bake.name @MeshInstance3D@46861 x1
PROF bake.name @MeshInstance3D@46860 x1
PROF bake.name @MeshInstance3D@46858 x1
PROF bake.name @MeshInstance3D@46857 x1
PROF bake.name @MeshInstance3D@46856 x1
PROF bake.name @MeshInstance3D@46855 x1
PROF bake.name @MeshInstance3D@46854 x1
PROF bake.name @MeshInstance3D@46853 x1
PROF bake.name @MeshInstance3D@46852 x1
PROF bake.name @MeshInstance3D@46851 x1
PROF bake.name @MeshInstance3D@46850 x1
PROF bake.name @MeshInstance3D@46849 x1
PROF bake.collect ms=25 sources=12
PROF bake.commit ms=1
PROF bake.detail instances=28 surfaces=28 append_ms=25 material_ms=0
PROF bake.name RootVegetable x4
PROF bake.name VegetableLeaf x4
PROF bake.name @MeshInstance3D@46894 x1
PROF bake.name @MeshInstance3D@46893 x1
PROF bake.name @MeshInstance3D@46892 x1
PROF bake.name @MeshInstance3D@46891 x1
PROF bake.name @MeshInstance3D@46890 x1
PROF bake.name @MeshInstance3D@46888 x1
PROF bake.name @MeshInstance3D@46887 x1
PROF bake.name @MeshInstance3D@46886 x1
PROF bake.name @MeshInstance3D@46885 x1
PROF bake.name @MeshInstance3D@46884 x1
PROF bake.name @MeshInstance3D@46882 x1
PROF bake.name @MeshInstance3D@46881 x1
PROF bake.name @MeshInstance3D@46880 x1
PROF bake.name @MeshInstance3D@46879 x1
PROF bake.name @MeshInstance3D@46878 x1
PROF bake.name @MeshInstance3D@46877 x1
PROF bake.name @MeshInstance3D@46876 x1
PROF bake.name @MeshInstance3D@46875 x1
PROF bake.name @MeshInstance3D@46874 x1
PROF bake.name @MeshInstance3D@46873 x1
PROF bake.collect ms=25 sources=12
PROF bake.commit ms=0
PROF bake.detail instances=28 surfaces=28 append_ms=25 material_ms=0
PROF bake.name RootVegetable x4
PROF bake.name VegetableLeaf x4
PROF bake.name @MeshInstance3D@46925 x1
PROF bake.name @MeshInstance3D@46924 x1
PROF bake.name @MeshInstance3D@46923 x1
PROF bake.name @MeshInstance3D@46922 x1
PROF bake.name @MeshInstance3D@46921 x1
PROF bake.name @MeshInstance3D@46919 x1
PROF bake.name @MeshInstance3D@46918 x1
PROF bake.name @MeshInstance3D@46917 x1
PROF bake.name @MeshInstance3D@46916 x1
PROF bake.name @MeshInstance3D@46915 x1
PROF bake.name @MeshInstance3D@46913 x1
PROF bake.name @MeshInstance3D@46912 x1
PROF bake.name @MeshInstance3D@46911 x1
PROF bake.name @MeshInstance3D@46910 x1
PROF bake.name @MeshInstance3D@46909 x1
PROF bake.name @MeshInstance3D@46908 x1
PROF bake.name @MeshInstance3D@46907 x1
PROF bake.name @MeshInstance3D@46906 x1
PROF bake.name @MeshInstance3D@46905 x1
PROF bake.name @MeshInstance3D@46904 x1
PROF bake.collect ms=24 sources=12
PROF bake.commit ms=0
PROF bake.detail instances=28 surfaces=28 append_ms=23 material_ms=0
PROF bake.name RootVegetable x4
PROF bake.name VegetableLeaf x4
PROF bake.name @MeshInstance3D@46949 x1
PROF bake.name @MeshInstance3D@46948 x1
PROF bake.name @MeshInstance3D@46947 x1
PROF bake.name @MeshInstance3D@46946 x1
PROF bake.name @MeshInstance3D@46945 x1
PROF bake.name @MeshInstance3D@46943 x1
PROF bake.name @MeshInstance3D@46942 x1
PROF bake.name @MeshInstance3D@46941 x1
PROF bake.name @MeshInstance3D@46940 x1
PROF bake.name @MeshInstance3D@46939 x1
PROF bake.name @MeshInstance3D@46937 x1
PROF bake.name @MeshInstance3D@46936 x1
PROF bake.name @MeshInstance3D@46935 x1
PROF bake.name @MeshInstance3D@46934 x1
PROF bake.name @MeshInstance3D@46933 x1
PROF bake.name @MeshInstance3D@46932 x1
PROF bake.name @MeshInstance3D@46931 x1
PROF bake.name @MeshInstance3D@46930 x1
PROF bake.name @MeshInstance3D@46929 x1
PROF bake.name @MeshInstance3D@46928 x1
PROF bake.collect ms=26 sources=12
PROF bake.commit ms=0
PROF bake.detail instances=28 surfaces=28 append_ms=25 material_ms=0
PROF bake.name RootVegetable x4
PROF bake.name VegetableLeaf x4
PROF bake.name @MeshInstance3D@46980 x1
PROF bake.name @MeshInstance3D@46979 x1
PROF bake.name @MeshInstance3D@46978 x1
PROF bake.name @MeshInstance3D@46977 x1
PROF bake.name @MeshInstance3D@46976 x1
PROF bake.name @MeshInstance3D@46974 x1
PROF bake.name @MeshInstance3D@46973 x1
PROF bake.name @MeshInstance3D@46972 x1
PROF bake.name @MeshInstance3D@46971 x1
PROF bake.name @MeshInstance3D@46970 x1
PROF bake.name @MeshInstance3D@46968 x1
PROF bake.name @MeshInstance3D@46967 x1
PROF bake.name @MeshInstance3D@46966 x1
PROF bake.name @MeshInstance3D@46965 x1
PROF bake.name @MeshInstance3D@46964 x1
PROF bake.name @MeshInstance3D@46963 x1
PROF bake.name @MeshInstance3D@46962 x1
PROF bake.name @MeshInstance3D@46961 x1
PROF bake.name @MeshInstance3D@46960 x1
PROF bake.name @MeshInstance3D@46959 x1
PROF bake.collect ms=23 sources=12
PROF bake.commit ms=1
PROF bake.detail instances=28 surfaces=28 append_ms=23 material_ms=0
PROF bake.name RootVegetable x4
PROF bake.name VegetableLeaf x4
PROF bake.name @MeshInstance3D@47004 x1
PROF bake.name @MeshInstance3D@47003 x1
PROF bake.name @MeshInstance3D@47002 x1
PROF bake.name @MeshInstance3D@47001 x1
PROF bake.name @MeshInstance3D@47000 x1
PROF bake.name @MeshInstance3D@46998 x1
PROF bake.name @MeshInstance3D@46997 x1
PROF bake.name @MeshInstance3D@46996 x1
PROF bake.name @MeshInstance3D@46995 x1
PROF bake.name @MeshInstance3D@46994 x1
PROF bake.name @MeshInstance3D@46992 x1
PROF bake.name @MeshInstance3D@46991 x1
PROF bake.name @MeshInstance3D@46990 x1
PROF bake.name @MeshInstance3D@46989 x1
PROF bake.name @MeshInstance3D@46988 x1
PROF bake.name @MeshInstance3D@46987 x1
PROF bake.name @MeshInstance3D@46986 x1
PROF bake.name @MeshInstance3D@46985 x1
PROF bake.name @MeshInstance3D@46984 x1
PROF bake.name @MeshInstance3D@46983 x1
PROF bake.collect ms=25 sources=12
PROF bake.commit ms=0
PROF bake.detail instances=28 surfaces=28 append_ms=24 material_ms=0
PROF bake.name RootVegetable x4
PROF bake.name VegetableLeaf x4
PROF bake.name @MeshInstance3D@47035 x1
PROF bake.name @MeshInstance3D@47034 x1
PROF bake.name @MeshInstance3D@47033 x1
PROF bake.name @MeshInstance3D@47032 x1
PROF bake.name @MeshInstance3D@47031 x1
PROF bake.name @MeshInstance3D@47029 x1
PROF bake.name @MeshInstance3D@47028 x1
PROF bake.name @MeshInstance3D@47027 x1
PROF bake.name @MeshInstance3D@47026 x1
PROF bake.name @MeshInstance3D@47025 x1
PROF bake.name @MeshInstance3D@47023 x1
PROF bake.name @MeshInstance3D@47022 x1
PROF bake.name @MeshInstance3D@47021 x1
PROF bake.name @MeshInstance3D@47020 x1
PROF bake.name @MeshInstance3D@47019 x1
PROF bake.name @MeshInstance3D@47018 x1
PROF bake.name @MeshInstance3D@47017 x1
PROF bake.name @MeshInstance3D@47016 x1
PROF bake.name @MeshInstance3D@47015 x1
PROF bake.name @MeshInstance3D@47014 x1
PROF bake.collect ms=24 sources=12
PROF bake.commit ms=0
PROF bake.detail instances=28 surfaces=28 append_ms=23 material_ms=0
PROF bake.name RootVegetable x4
PROF bake.name VegetableLeaf x4
PROF bake.name @MeshInstance3D@47059 x1
PROF bake.name @MeshInstance3D@47058 x1
PROF bake.name @MeshInstance3D@47057 x1
PROF bake.name @MeshInstance3D@47056 x1
PROF bake.name @MeshInstance3D@47055 x1
PROF bake.name @MeshInstance3D@47053 x1
PROF bake.name @MeshInstance3D@47052 x1
PROF bake.name @MeshInstance3D@47051 x1
PROF bake.name @MeshInstance3D@47050 x1
PROF bake.name @MeshInstance3D@47049 x1
PROF bake.name @MeshInstance3D@47047 x1
PROF bake.name @MeshInstance3D@47046 x1
PROF bake.name @MeshInstance3D@47045 x1
PROF bake.name @MeshInstance3D@47044 x1
PROF bake.name @MeshInstance3D@47043 x1
PROF bake.name @MeshInstance3D@47042 x1
PROF bake.name @MeshInstance3D@47041 x1
PROF bake.name @MeshInstance3D@47040 x1
PROF bake.name @MeshInstance3D@47039 x1
PROF bake.name @MeshInstance3D@47038 x1
PROF bake.collect ms=65 sources=16
PROF bake.commit ms=1
PROF bake.detail instances=88 surfaces=88 append_ms=64 material_ms=0
PROF bake.name StrawberryLeaf x4
PROF bake.name Berry x4
PROF bake.name BerrySeed x4
PROF bake.name @MeshInstance3D@47126 x1
PROF bake.name @MeshInstance3D@47125 x1
PROF bake.name @MeshInstance3D@47124 x1
PROF bake.name @MeshInstance3D@47123 x1
PROF bake.name @MeshInstance3D@47122 x1
PROF bake.name @MeshInstance3D@47121 x1
PROF bake.name @MeshInstance3D@47120 x1
PROF bake.name @MeshInstance3D@47119 x1
PROF bake.name @MeshInstance3D@47118 x1
PROF bake.name @MeshInstance3D@47117 x1
PROF bake.name @MeshInstance3D@47116 x1
PROF bake.name @MeshInstance3D@47115 x1
PROF bake.name @MeshInstance3D@47114 x1
PROF bake.name @MeshInstance3D@47113 x1
PROF bake.name @MeshInstance3D@47112 x1
PROF bake.name @MeshInstance3D@47111 x1
PROF bake.name @MeshInstance3D@47110 x1
PROF bake.name @MeshInstance3D@47109 x1
PROF bake.name @MeshInstance3D@47108 x1
PROF bake.name @MeshInstance3D@47146 x1
PROF bake.name @MeshInstance3D@47145 x1
PROF bake.name @MeshInstance3D@47144 x1
PROF bake.name @MeshInstance3D@47143 x1
PROF bake.name @MeshInstance3D@47142 x1
PROF bake.name @MeshInstance3D@47141 x1
PROF bake.name @MeshInstance3D@47140 x1
PROF bake.name @MeshInstance3D@47139 x1
PROF bake.name @MeshInstance3D@47138 x1
PROF bake.name @MeshInstance3D@47137 x1
PROF bake.name @MeshInstance3D@47136 x1
PROF bake.name @MeshInstance3D@47135 x1
PROF bake.name @MeshInstance3D@47134 x1
PROF bake.name @MeshInstance3D@47133 x1
PROF bake.name @MeshInstance3D@47132 x1
PROF bake.name @MeshInstance3D@47131 x1
PROF bake.name @MeshInstance3D@47130 x1
PROF bake.name @MeshInstance3D@47129 x1
PROF bake.collect ms=65 sources=16
PROF bake.commit ms=0
PROF bake.detail instances=88 surfaces=88 append_ms=64 material_ms=0
PROF bake.name StrawberryLeaf x4
PROF bake.name Berry x4
PROF bake.name BerrySeed x4
PROF bake.name @MeshInstance3D@47206 x1
PROF bake.name @MeshInstance3D@47205 x1
PROF bake.name @MeshInstance3D@47204 x1
PROF bake.name @MeshInstance3D@47203 x1
PROF bake.name @MeshInstance3D@47202 x1
PROF bake.name @MeshInstance3D@47201 x1
PROF bake.name @MeshInstance3D@47200 x1
PROF bake.name @MeshInstance3D@47199 x1
PROF bake.name @MeshInstance3D@47198 x1
PROF bake.name @MeshInstance3D@47197 x1
PROF bake.name @MeshInstance3D@47196 x1
PROF bake.name @MeshInstance3D@47195 x1
PROF bake.name @MeshInstance3D@47194 x1
PROF bake.name @MeshInstance3D@47193 x1
PROF bake.name @MeshInstance3D@47192 x1
PROF bake.name @MeshInstance3D@47191 x1
PROF bake.name @MeshInstance3D@47190 x1
PROF bake.name @MeshInstance3D@47189 x1
PROF bake.name @MeshInstance3D@47188 x1
PROF bake.name @MeshInstance3D@47226 x1
PROF bake.name @MeshInstance3D@47225 x1
PROF bake.name @MeshInstance3D@47224 x1
PROF bake.name @MeshInstance3D@47223 x1
PROF bake.name @MeshInstance3D@47222 x1
PROF bake.name @MeshInstance3D@47221 x1
PROF bake.name @MeshInstance3D@47220 x1
PROF bake.name @MeshInstance3D@47219 x1
PROF bake.name @MeshInstance3D@47218 x1
PROF bake.name @MeshInstance3D@47217 x1
PROF bake.name @MeshInstance3D@47216 x1
PROF bake.name @MeshInstance3D@47215 x1
PROF bake.name @MeshInstance3D@47214 x1
PROF bake.name @MeshInstance3D@47213 x1
PROF bake.name @MeshInstance3D@47212 x1
PROF bake.name @MeshInstance3D@47211 x1
PROF bake.name @MeshInstance3D@47210 x1
PROF bake.name @MeshInstance3D@47209 x1
PROF bake.collect ms=65 sources=16
PROF bake.commit ms=1
PROF bake.detail instances=88 surfaces=88 append_ms=64 material_ms=0
PROF bake.name StrawberryLeaf x4
PROF bake.name Berry x4
PROF bake.name BerrySeed x4
PROF bake.name @MeshInstance3D@47293 x1
PROF bake.name @MeshInstance3D@47292 x1
PROF bake.name @MeshInstance3D@47291 x1
PROF bake.name @MeshInstance3D@47290 x1
PROF bake.name @MeshInstance3D@47289 x1
PROF bake.name @MeshInstance3D@47288 x1
PROF bake.name @MeshInstance3D@47287 x1
PROF bake.name @MeshInstance3D@47286 x1
PROF bake.name @MeshInstance3D@47285 x1
PROF bake.name @MeshInstance3D@47284 x1
PROF bake.name @MeshInstance3D@47283 x1
PROF bake.name @MeshInstance3D@47282 x1
PROF bake.name @MeshInstance3D@47281 x1
PROF bake.name @MeshInstance3D@47280 x1
PROF bake.name @MeshInstance3D@47279 x1
PROF bake.name @MeshInstance3D@47278 x1
PROF bake.name @MeshInstance3D@47277 x1
PROF bake.name @MeshInstance3D@47276 x1
PROF bake.name @MeshInstance3D@47275 x1
PROF bake.name @MeshInstance3D@47313 x1
PROF bake.name @MeshInstance3D@47312 x1
PROF bake.name @MeshInstance3D@47311 x1
PROF bake.name @MeshInstance3D@47310 x1
PROF bake.name @MeshInstance3D@47309 x1
PROF bake.name @MeshInstance3D@47308 x1
PROF bake.name @MeshInstance3D@47307 x1
PROF bake.name @MeshInstance3D@47306 x1
PROF bake.name @MeshInstance3D@47305 x1
PROF bake.name @MeshInstance3D@47304 x1
PROF bake.name @MeshInstance3D@47303 x1
PROF bake.name @MeshInstance3D@47302 x1
PROF bake.name @MeshInstance3D@47301 x1
PROF bake.name @MeshInstance3D@47300 x1
PROF bake.name @MeshInstance3D@47299 x1
PROF bake.name @MeshInstance3D@47298 x1
PROF bake.name @MeshInstance3D@47297 x1
PROF bake.name @MeshInstance3D@47296 x1
PROF bake.collect ms=66 sources=16
PROF bake.commit ms=1
PROF bake.detail instances=88 surfaces=88 append_ms=65 material_ms=0
PROF bake.name StrawberryLeaf x4
PROF bake.name Berry x4
PROF bake.name BerrySeed x4
PROF bake.name @MeshInstance3D@47373 x1
PROF bake.name @MeshInstance3D@47372 x1
PROF bake.name @MeshInstance3D@47371 x1
PROF bake.name @MeshInstance3D@47370 x1
PROF bake.name @MeshInstance3D@47369 x1
PROF bake.name @MeshInstance3D@47368 x1
PROF bake.name @MeshInstance3D@47367 x1
PROF bake.name @MeshInstance3D@47366 x1
PROF bake.name @MeshInstance3D@47365 x1
PROF bake.name @MeshInstance3D@47364 x1
PROF bake.name @MeshInstance3D@47363 x1
PROF bake.name @MeshInstance3D@47362 x1
PROF bake.name @MeshInstance3D@47361 x1
PROF bake.name @MeshInstance3D@47360 x1
PROF bake.name @MeshInstance3D@47359 x1
PROF bake.name @MeshInstance3D@47358 x1
PROF bake.name @MeshInstance3D@47357 x1
PROF bake.name @MeshInstance3D@47356 x1
PROF bake.name @MeshInstance3D@47355 x1
PROF bake.name @MeshInstance3D@47393 x1
PROF bake.name @MeshInstance3D@47392 x1
PROF bake.name @MeshInstance3D@47391 x1
PROF bake.name @MeshInstance3D@47390 x1
PROF bake.name @MeshInstance3D@47389 x1
PROF bake.name @MeshInstance3D@47388 x1
PROF bake.name @MeshInstance3D@47387 x1
PROF bake.name @MeshInstance3D@47386 x1
PROF bake.name @MeshInstance3D@47385 x1
PROF bake.name @MeshInstance3D@47384 x1
PROF bake.name @MeshInstance3D@47383 x1
PROF bake.name @MeshInstance3D@47382 x1
PROF bake.name @MeshInstance3D@47381 x1
PROF bake.name @MeshInstance3D@47380 x1
PROF bake.name @MeshInstance3D@47379 x1
PROF bake.name @MeshInstance3D@47378 x1
PROF bake.name @MeshInstance3D@47377 x1
PROF bake.name @MeshInstance3D@47376 x1
PROF bake.collect ms=64 sources=16
PROF bake.commit ms=0
PROF bake.detail instances=88 surfaces=88 append_ms=63 material_ms=0
PROF bake.name StrawberryLeaf x4
PROF bake.name Berry x4
PROF bake.name BerrySeed x4
PROF bake.name @MeshInstance3D@47460 x1
PROF bake.name @MeshInstance3D@47459 x1
PROF bake.name @MeshInstance3D@47458 x1
PROF bake.name @MeshInstance3D@47457 x1
PROF bake.name @MeshInstance3D@47456 x1
PROF bake.name @MeshInstance3D@47455 x1
PROF bake.name @MeshInstance3D@47454 x1
PROF bake.name @MeshInstance3D@47453 x1
PROF bake.name @MeshInstance3D@47452 x1
PROF bake.name @MeshInstance3D@47451 x1
PROF bake.name @MeshInstance3D@47450 x1
PROF bake.name @MeshInstance3D@47449 x1
PROF bake.name @MeshInstance3D@47448 x1
PROF bake.name @MeshInstance3D@47447 x1
PROF bake.name @MeshInstance3D@47446 x1
PROF bake.name @MeshInstance3D@47445 x1
PROF bake.name @MeshInstance3D@47444 x1
PROF bake.name @MeshInstance3D@47443 x1
PROF bake.name @MeshInstance3D@47442 x1
PROF bake.name @MeshInstance3D@47480 x1
PROF bake.name @MeshInstance3D@47479 x1
PROF bake.name @MeshInstance3D@47478 x1
PROF bake.name @MeshInstance3D@47477 x1
PROF bake.name @MeshInstance3D@47476 x1
PROF bake.name @MeshInstance3D@47475 x1
PROF bake.name @MeshInstance3D@47474 x1
PROF bake.name @MeshInstance3D@47473 x1
PROF bake.name @MeshInstance3D@47472 x1
PROF bake.name @MeshInstance3D@47471 x1
PROF bake.name @MeshInstance3D@47470 x1
PROF bake.name @MeshInstance3D@47469 x1
PROF bake.name @MeshInstance3D@47468 x1
PROF bake.name @MeshInstance3D@47467 x1
PROF bake.name @MeshInstance3D@47466 x1
PROF bake.name @MeshInstance3D@47465 x1
PROF bake.name @MeshInstance3D@47464 x1
PROF bake.name @MeshInstance3D@47463 x1
PROF bake.collect ms=66 sources=16
PROF bake.commit ms=0
PROF bake.detail instances=88 surfaces=88 append_ms=65 material_ms=0
PROF bake.name StrawberryLeaf x4
PROF bake.name Berry x4
PROF bake.name BerrySeed x4
PROF bake.name @MeshInstance3D@47540 x1
PROF bake.name @MeshInstance3D@47539 x1
PROF bake.name @MeshInstance3D@47538 x1
PROF bake.name @MeshInstance3D@47537 x1
PROF bake.name @MeshInstance3D@47536 x1
PROF bake.name @MeshInstance3D@47535 x1
PROF bake.name @MeshInstance3D@47534 x1
PROF bake.name @MeshInstance3D@47533 x1
PROF bake.name @MeshInstance3D@47532 x1
PROF bake.name @MeshInstance3D@47531 x1
PROF bake.name @MeshInstance3D@47530 x1
PROF bake.name @MeshInstance3D@47529 x1
PROF bake.name @MeshInstance3D@47528 x1
PROF bake.name @MeshInstance3D@47527 x1
PROF bake.name @MeshInstance3D@47526 x1
PROF bake.name @MeshInstance3D@47525 x1
PROF bake.name @MeshInstance3D@47524 x1
PROF bake.name @MeshInstance3D@47523 x1
PROF bake.name @MeshInstance3D@47522 x1
PROF bake.name @MeshInstance3D@47560 x1
PROF bake.name @MeshInstance3D@47559 x1
PROF bake.name @MeshInstance3D@47558 x1
PROF bake.name @MeshInstance3D@47557 x1
PROF bake.name @MeshInstance3D@47556 x1
PROF bake.name @MeshInstance3D@47555 x1
PROF bake.name @MeshInstance3D@47554 x1
PROF bake.name @MeshInstance3D@47553 x1
PROF bake.name @MeshInstance3D@47552 x1
PROF bake.name @MeshInstance3D@47551 x1
PROF bake.name @MeshInstance3D@47550 x1
PROF bake.name @MeshInstance3D@47549 x1
PROF bake.name @MeshInstance3D@47548 x1
PROF bake.name @MeshInstance3D@47547 x1
PROF bake.name @MeshInstance3D@47546 x1
PROF bake.name @MeshInstance3D@47545 x1
PROF bake.name @MeshInstance3D@47544 x1
PROF bake.name @MeshInstance3D@47543 x1
PROF bake.collect ms=64 sources=16
PROF bake.commit ms=0
PROF bake.detail instances=88 surfaces=88 append_ms=64 material_ms=0
PROF bake.name StrawberryLeaf x4
PROF bake.name Berry x4
PROF bake.name BerrySeed x4
PROF bake.name @MeshInstance3D@47627 x1
PROF bake.name @MeshInstance3D@47626 x1
PROF bake.name @MeshInstance3D@47625 x1
PROF bake.name @MeshInstance3D@47624 x1
PROF bake.name @MeshInstance3D@47623 x1
PROF bake.name @MeshInstance3D@47622 x1
PROF bake.name @MeshInstance3D@47621 x1
PROF bake.name @MeshInstance3D@47620 x1
PROF bake.name @MeshInstance3D@47619 x1
PROF bake.name @MeshInstance3D@47618 x1
PROF bake.name @MeshInstance3D@47617 x1
PROF bake.name @MeshInstance3D@47616 x1
PROF bake.name @MeshInstance3D@47615 x1
PROF bake.name @MeshInstance3D@47614 x1
PROF bake.name @MeshInstance3D@47613 x1
PROF bake.name @MeshInstance3D@47612 x1
PROF bake.name @MeshInstance3D@47611 x1
PROF bake.name @MeshInstance3D@47610 x1
PROF bake.name @MeshInstance3D@47609 x1
PROF bake.name @MeshInstance3D@47647 x1
PROF bake.name @MeshInstance3D@47646 x1
PROF bake.name @MeshInstance3D@47645 x1
PROF bake.name @MeshInstance3D@47644 x1
PROF bake.name @MeshInstance3D@47643 x1
PROF bake.name @MeshInstance3D@47642 x1
PROF bake.name @MeshInstance3D@47641 x1
PROF bake.name @MeshInstance3D@47640 x1
PROF bake.name @MeshInstance3D@47639 x1
PROF bake.name @MeshInstance3D@47638 x1
PROF bake.name @MeshInstance3D@47637 x1
PROF bake.name @MeshInstance3D@47636 x1
PROF bake.name @MeshInstance3D@47635 x1
PROF bake.name @MeshInstance3D@47634 x1
PROF bake.name @MeshInstance3D@47633 x1
PROF bake.name @MeshInstance3D@47632 x1
PROF bake.name @MeshInstance3D@47631 x1
PROF bake.name @MeshInstance3D@47630 x1
PROF bake.collect ms=64 sources=16
PROF bake.commit ms=1
PROF bake.detail instances=88 surfaces=88 append_ms=64 material_ms=0
PROF bake.name StrawberryLeaf x4
PROF bake.name Berry x4
PROF bake.name BerrySeed x4
PROF bake.name @MeshInstance3D@47707 x1
PROF bake.name @MeshInstance3D@47706 x1
PROF bake.name @MeshInstance3D@47705 x1
PROF bake.name @MeshInstance3D@47704 x1
PROF bake.name @MeshInstance3D@47703 x1
PROF bake.name @MeshInstance3D@47702 x1
PROF bake.name @MeshInstance3D@47701 x1
PROF bake.name @MeshInstance3D@47700 x1
PROF bake.name @MeshInstance3D@47699 x1
PROF bake.name @MeshInstance3D@47698 x1
PROF bake.name @MeshInstance3D@47697 x1
PROF bake.name @MeshInstance3D@47696 x1
PROF bake.name @MeshInstance3D@47695 x1
PROF bake.name @MeshInstance3D@47694 x1
PROF bake.name @MeshInstance3D@47693 x1
PROF bake.name @MeshInstance3D@47692 x1
PROF bake.name @MeshInstance3D@47691 x1
PROF bake.name @MeshInstance3D@47690 x1
PROF bake.name @MeshInstance3D@47689 x1
PROF bake.name @MeshInstance3D@47727 x1
PROF bake.name @MeshInstance3D@47726 x1
PROF bake.name @MeshInstance3D@47725 x1
PROF bake.name @MeshInstance3D@47724 x1
PROF bake.name @MeshInstance3D@47723 x1
PROF bake.name @MeshInstance3D@47722 x1
PROF bake.name @MeshInstance3D@47721 x1
PROF bake.name @MeshInstance3D@47720 x1
PROF bake.name @MeshInstance3D@47719 x1
PROF bake.name @MeshInstance3D@47718 x1
PROF bake.name @MeshInstance3D@47717 x1
PROF bake.name @MeshInstance3D@47716 x1
PROF bake.name @MeshInstance3D@47715 x1
PROF bake.name @MeshInstance3D@47714 x1
PROF bake.name @MeshInstance3D@47713 x1
PROF bake.name @MeshInstance3D@47712 x1
PROF bake.name @MeshInstance3D@47711 x1
PROF bake.name @MeshInstance3D@47710 x1
PROF bake.collect ms=65 sources=16
PROF bake.commit ms=1
PROF bake.detail instances=88 surfaces=88 append_ms=64 material_ms=0
PROF bake.name StrawberryLeaf x4
PROF bake.name Berry x4
PROF bake.name BerrySeed x4
PROF bake.name @MeshInstance3D@47794 x1
PROF bake.name @MeshInstance3D@47793 x1
PROF bake.name @MeshInstance3D@47792 x1
PROF bake.name @MeshInstance3D@47791 x1
PROF bake.name @MeshInstance3D@47790 x1
PROF bake.name @MeshInstance3D@47789 x1
PROF bake.name @MeshInstance3D@47788 x1
PROF bake.name @MeshInstance3D@47787 x1
PROF bake.name @MeshInstance3D@47786 x1
PROF bake.name @MeshInstance3D@47785 x1
PROF bake.name @MeshInstance3D@47784 x1
PROF bake.name @MeshInstance3D@47783 x1
PROF bake.name @MeshInstance3D@47782 x1
PROF bake.name @MeshInstance3D@47781 x1
PROF bake.name @MeshInstance3D@47780 x1
PROF bake.name @MeshInstance3D@47779 x1
PROF bake.name @MeshInstance3D@47778 x1
PROF bake.name @MeshInstance3D@47777 x1
PROF bake.name @MeshInstance3D@47776 x1
PROF bake.name @MeshInstance3D@47814 x1
PROF bake.name @MeshInstance3D@47813 x1
PROF bake.name @MeshInstance3D@47812 x1
PROF bake.name @MeshInstance3D@47811 x1
PROF bake.name @MeshInstance3D@47810 x1
PROF bake.name @MeshInstance3D@47809 x1
PROF bake.name @MeshInstance3D@47808 x1
PROF bake.name @MeshInstance3D@47807 x1
PROF bake.name @MeshInstance3D@47806 x1
PROF bake.name @MeshInstance3D@47805 x1
PROF bake.name @MeshInstance3D@47804 x1
PROF bake.name @MeshInstance3D@47803 x1
PROF bake.name @MeshInstance3D@47802 x1
PROF bake.name @MeshInstance3D@47801 x1
PROF bake.name @MeshInstance3D@47800 x1
PROF bake.name @MeshInstance3D@47799 x1
PROF bake.name @MeshInstance3D@47798 x1
PROF bake.name @MeshInstance3D@47797 x1
PROF bake.collect ms=66 sources=16
PROF bake.commit ms=0
PROF bake.detail instances=88 surfaces=88 append_ms=65 material_ms=0
PROF bake.name StrawberryLeaf x4
PROF bake.name Berry x4
PROF bake.name BerrySeed x4
PROF bake.name @MeshInstance3D@47874 x1
PROF bake.name @MeshInstance3D@47873 x1
PROF bake.name @MeshInstance3D@47872 x1
PROF bake.name @MeshInstance3D@47871 x1
PROF bake.name @MeshInstance3D@47870 x1
PROF bake.name @MeshInstance3D@47869 x1
PROF bake.name @MeshInstance3D@47868 x1
PROF bake.name @MeshInstance3D@47867 x1
PROF bake.name @MeshInstance3D@47866 x1
PROF bake.name @MeshInstance3D@47865 x1
PROF bake.name @MeshInstance3D@47864 x1
PROF bake.name @MeshInstance3D@47863 x1
PROF bake.name @MeshInstance3D@47862 x1
PROF bake.name @MeshInstance3D@47861 x1
PROF bake.name @MeshInstance3D@47860 x1
PROF bake.name @MeshInstance3D@47859 x1
PROF bake.name @MeshInstance3D@47858 x1
PROF bake.name @MeshInstance3D@47857 x1
PROF bake.name @MeshInstance3D@47856 x1
PROF bake.name @MeshInstance3D@47894 x1
PROF bake.name @MeshInstance3D@47893 x1
PROF bake.name @MeshInstance3D@47892 x1
PROF bake.name @MeshInstance3D@47891 x1
PROF bake.name @MeshInstance3D@47890 x1
PROF bake.name @MeshInstance3D@47889 x1
PROF bake.name @MeshInstance3D@47888 x1
PROF bake.name @MeshInstance3D@47887 x1
PROF bake.name @MeshInstance3D@47886 x1
PROF bake.name @MeshInstance3D@47885 x1
PROF bake.name @MeshInstance3D@47884 x1
PROF bake.name @MeshInstance3D@47883 x1
PROF bake.name @MeshInstance3D@47882 x1
PROF bake.name @MeshInstance3D@47881 x1
PROF bake.name @MeshInstance3D@47880 x1
PROF bake.name @MeshInstance3D@47879 x1
PROF bake.name @MeshInstance3D@47878 x1
PROF bake.name @MeshInstance3D@47877 x1
PROF bake.collect ms=65 sources=16
PROF bake.commit ms=0
PROF bake.detail instances=88 surfaces=88 append_ms=64 material_ms=0
PROF bake.name StrawberryLeaf x4
PROF bake.name Berry x4
PROF bake.name BerrySeed x4
PROF bake.name @MeshInstance3D@47954 x1
PROF bake.name @MeshInstance3D@47953 x1
PROF bake.name @MeshInstance3D@47952 x1
PROF bake.name @MeshInstance3D@47951 x1
PROF bake.name @MeshInstance3D@47950 x1
PROF bake.name @MeshInstance3D@47949 x1
PROF bake.name @MeshInstance3D@47948 x1
PROF bake.name @MeshInstance3D@47947 x1
PROF bake.name @MeshInstance3D@47946 x1
PROF bake.name @MeshInstance3D@47945 x1
PROF bake.name @MeshInstance3D@47944 x1
PROF bake.name @MeshInstance3D@47943 x1
PROF bake.name @MeshInstance3D@47942 x1
PROF bake.name @MeshInstance3D@47941 x1
PROF bake.name @MeshInstance3D@47940 x1
PROF bake.name @MeshInstance3D@47939 x1
PROF bake.name @MeshInstance3D@47938 x1
PROF bake.name @MeshInstance3D@47937 x1
PROF bake.name @MeshInstance3D@47936 x1
PROF bake.name @MeshInstance3D@47974 x1
PROF bake.name @MeshInstance3D@47973 x1
PROF bake.name @MeshInstance3D@47972 x1
PROF bake.name @MeshInstance3D@47971 x1
PROF bake.name @MeshInstance3D@47970 x1
PROF bake.name @MeshInstance3D@47969 x1
PROF bake.name @MeshInstance3D@47968 x1
PROF bake.name @MeshInstance3D@47967 x1
PROF bake.name @MeshInstance3D@47966 x1
PROF bake.name @MeshInstance3D@47965 x1
PROF bake.name @MeshInstance3D@47964 x1
PROF bake.name @MeshInstance3D@47963 x1
PROF bake.name @MeshInstance3D@47962 x1
PROF bake.name @MeshInstance3D@47961 x1
PROF bake.name @MeshInstance3D@47960 x1
PROF bake.name @MeshInstance3D@47959 x1
PROF bake.name @MeshInstance3D@47958 x1
PROF bake.name @MeshInstance3D@47957 x1
PROF bake.collect ms=66 sources=16
PROF bake.commit ms=0
PROF bake.detail instances=88 surfaces=88 append_ms=65 material_ms=0
PROF bake.name StrawberryLeaf x4
PROF bake.name Berry x4
PROF bake.name BerrySeed x4
PROF bake.name @MeshInstance3D@48041 x1
PROF bake.name @MeshInstance3D@48040 x1
PROF bake.name @MeshInstance3D@48039 x1
PROF bake.name @MeshInstance3D@48038 x1
PROF bake.name @MeshInstance3D@48037 x1
PROF bake.name @MeshInstance3D@48036 x1
PROF bake.name @MeshInstance3D@48035 x1
PROF bake.name @MeshInstance3D@48034 x1
PROF bake.name @MeshInstance3D@48033 x1
PROF bake.name @MeshInstance3D@48032 x1
PROF bake.name @MeshInstance3D@48031 x1
PROF bake.name @MeshInstance3D@48030 x1
PROF bake.name @MeshInstance3D@48029 x1
PROF bake.name @MeshInstance3D@48028 x1
PROF bake.name @MeshInstance3D@48027 x1
PROF bake.name @MeshInstance3D@48026 x1
PROF bake.name @MeshInstance3D@48025 x1
PROF bake.name @MeshInstance3D@48024 x1
PROF bake.name @MeshInstance3D@48023 x1
PROF bake.name @MeshInstance3D@48061 x1
PROF bake.name @MeshInstance3D@48060 x1
PROF bake.name @MeshInstance3D@48059 x1
PROF bake.name @MeshInstance3D@48058 x1
PROF bake.name @MeshInstance3D@48057 x1
PROF bake.name @MeshInstance3D@48056 x1
PROF bake.name @MeshInstance3D@48055 x1
PROF bake.name @MeshInstance3D@48054 x1
PROF bake.name @MeshInstance3D@48053 x1
PROF bake.name @MeshInstance3D@48052 x1
PROF bake.name @MeshInstance3D@48051 x1
PROF bake.name @MeshInstance3D@48050 x1
PROF bake.name @MeshInstance3D@48049 x1
PROF bake.name @MeshInstance3D@48048 x1
PROF bake.name @MeshInstance3D@48047 x1
PROF bake.name @MeshInstance3D@48046 x1
PROF bake.name @MeshInstance3D@48045 x1
PROF bake.name @MeshInstance3D@48044 x1
PROF bake.collect ms=64 sources=16
PROF bake.commit ms=0
PROF bake.detail instances=88 surfaces=88 append_ms=63 material_ms=0
PROF bake.name StrawberryLeaf x4
PROF bake.name Berry x4
PROF bake.name BerrySeed x4
PROF bake.name @MeshInstance3D@48121 x1
PROF bake.name @MeshInstance3D@48120 x1
PROF bake.name @MeshInstance3D@48119 x1
PROF bake.name @MeshInstance3D@48118 x1
PROF bake.name @MeshInstance3D@48117 x1
PROF bake.name @MeshInstance3D@48116 x1
PROF bake.name @MeshInstance3D@48115 x1
PROF bake.name @MeshInstance3D@48114 x1
PROF bake.name @MeshInstance3D@48113 x1
PROF bake.name @MeshInstance3D@48112 x1
PROF bake.name @MeshInstance3D@48111 x1
PROF bake.name @MeshInstance3D@48110 x1
PROF bake.name @MeshInstance3D@48109 x1
PROF bake.name @MeshInstance3D@48108 x1
PROF bake.name @MeshInstance3D@48107 x1
PROF bake.name @MeshInstance3D@48106 x1
PROF bake.name @MeshInstance3D@48105 x1
PROF bake.name @MeshInstance3D@48104 x1
PROF bake.name @MeshInstance3D@48103 x1
PROF bake.name @MeshInstance3D@48141 x1
PROF bake.name @MeshInstance3D@48140 x1
PROF bake.name @MeshInstance3D@48139 x1
PROF bake.name @MeshInstance3D@48138 x1
PROF bake.name @MeshInstance3D@48137 x1
PROF bake.name @MeshInstance3D@48136 x1
PROF bake.name @MeshInstance3D@48135 x1
PROF bake.name @MeshInstance3D@48134 x1
PROF bake.name @MeshInstance3D@48133 x1
PROF bake.name @MeshInstance3D@48132 x1
PROF bake.name @MeshInstance3D@48131 x1
PROF bake.name @MeshInstance3D@48130 x1
PROF bake.name @MeshInstance3D@48129 x1
PROF bake.name @MeshInstance3D@48128 x1
PROF bake.name @MeshInstance3D@48127 x1
PROF bake.name @MeshInstance3D@48126 x1
PROF bake.name @MeshInstance3D@48125 x1
PROF bake.name @MeshInstance3D@48124 x1
PROF bake.collect ms=65 sources=16
PROF bake.commit ms=0
PROF bake.detail instances=88 surfaces=88 append_ms=64 material_ms=0
PROF bake.name StrawberryLeaf x4
PROF bake.name Berry x4
PROF bake.name BerrySeed x4
PROF bake.name @MeshInstance3D@48201 x1
PROF bake.name @MeshInstance3D@48200 x1
PROF bake.name @MeshInstance3D@48199 x1
PROF bake.name @MeshInstance3D@48198 x1
PROF bake.name @MeshInstance3D@48197 x1
PROF bake.name @MeshInstance3D@48196 x1
PROF bake.name @MeshInstance3D@48195 x1
PROF bake.name @MeshInstance3D@48194 x1
PROF bake.name @MeshInstance3D@48193 x1
PROF bake.name @MeshInstance3D@48192 x1
PROF bake.name @MeshInstance3D@48191 x1
PROF bake.name @MeshInstance3D@48190 x1
PROF bake.name @MeshInstance3D@48189 x1
PROF bake.name @MeshInstance3D@48188 x1
PROF bake.name @MeshInstance3D@48187 x1
PROF bake.name @MeshInstance3D@48186 x1
PROF bake.name @MeshInstance3D@48185 x1
PROF bake.name @MeshInstance3D@48184 x1
PROF bake.name @MeshInstance3D@48183 x1
PROF bake.name @MeshInstance3D@48221 x1
PROF bake.name @MeshInstance3D@48220 x1
PROF bake.name @MeshInstance3D@48219 x1
PROF bake.name @MeshInstance3D@48218 x1
PROF bake.name @MeshInstance3D@48217 x1
PROF bake.name @MeshInstance3D@48216 x1
PROF bake.name @MeshInstance3D@48215 x1
PROF bake.name @MeshInstance3D@48214 x1
PROF bake.name @MeshInstance3D@48213 x1
PROF bake.name @MeshInstance3D@48212 x1
PROF bake.name @MeshInstance3D@48211 x1
PROF bake.name @MeshInstance3D@48210 x1
PROF bake.name @MeshInstance3D@48209 x1
PROF bake.name @MeshInstance3D@48208 x1
PROF bake.name @MeshInstance3D@48207 x1
PROF bake.name @MeshInstance3D@48206 x1
PROF bake.name @MeshInstance3D@48205 x1
PROF bake.name @MeshInstance3D@48204 x1
PROF bake.collect ms=65 sources=16
PROF bake.commit ms=1
PROF bake.detail instances=88 surfaces=88 append_ms=64 material_ms=0
PROF bake.name StrawberryLeaf x4
PROF bake.name Berry x4
PROF bake.name BerrySeed x4
PROF bake.name @MeshInstance3D@48288 x1
PROF bake.name @MeshInstance3D@48287 x1
PROF bake.name @MeshInstance3D@48286 x1
PROF bake.name @MeshInstance3D@48285 x1
PROF bake.name @MeshInstance3D@48284 x1
PROF bake.name @MeshInstance3D@48283 x1
PROF bake.name @MeshInstance3D@48282 x1
PROF bake.name @MeshInstance3D@48281 x1
PROF bake.name @MeshInstance3D@48280 x1
PROF bake.name @MeshInstance3D@48279 x1
PROF bake.name @MeshInstance3D@48278 x1
PROF bake.name @MeshInstance3D@48277 x1
PROF bake.name @MeshInstance3D@48276 x1
PROF bake.name @MeshInstance3D@48275 x1
PROF bake.name @MeshInstance3D@48274 x1
PROF bake.name @MeshInstance3D@48273 x1
PROF bake.name @MeshInstance3D@48272 x1
PROF bake.name @MeshInstance3D@48271 x1
PROF bake.name @MeshInstance3D@48270 x1
PROF bake.name @MeshInstance3D@48308 x1
PROF bake.name @MeshInstance3D@48307 x1
PROF bake.name @MeshInstance3D@48306 x1
PROF bake.name @MeshInstance3D@48305 x1
PROF bake.name @MeshInstance3D@48304 x1
PROF bake.name @MeshInstance3D@48303 x1
PROF bake.name @MeshInstance3D@48302 x1
PROF bake.name @MeshInstance3D@48301 x1
PROF bake.name @MeshInstance3D@48300 x1
PROF bake.name @MeshInstance3D@48299 x1
PROF bake.name @MeshInstance3D@48298 x1
PROF bake.name @MeshInstance3D@48297 x1
PROF bake.name @MeshInstance3D@48296 x1
PROF bake.name @MeshInstance3D@48295 x1
PROF bake.name @MeshInstance3D@48294 x1
PROF bake.name @MeshInstance3D@48293 x1
PROF bake.name @MeshInstance3D@48292 x1
PROF bake.name @MeshInstance3D@48291 x1
PROF bake.collect ms=68 sources=16
PROF bake.commit ms=0
PROF bake.detail instances=88 surfaces=88 append_ms=67 material_ms=0
PROF bake.name StrawberryLeaf x4
PROF bake.name Berry x4
PROF bake.name BerrySeed x4
PROF bake.name @MeshInstance3D@48368 x1
PROF bake.name @MeshInstance3D@48367 x1
PROF bake.name @MeshInstance3D@48366 x1
PROF bake.name @MeshInstance3D@48365 x1
PROF bake.name @MeshInstance3D@48364 x1
PROF bake.name @MeshInstance3D@48363 x1
PROF bake.name @MeshInstance3D@48362 x1
PROF bake.name @MeshInstance3D@48361 x1
PROF bake.name @MeshInstance3D@48360 x1
PROF bake.name @MeshInstance3D@48359 x1
PROF bake.name @MeshInstance3D@48358 x1
PROF bake.name @MeshInstance3D@48357 x1
PROF bake.name @MeshInstance3D@48356 x1
PROF bake.name @MeshInstance3D@48355 x1
PROF bake.name @MeshInstance3D@48354 x1
PROF bake.name @MeshInstance3D@48353 x1
PROF bake.name @MeshInstance3D@48352 x1
PROF bake.name @MeshInstance3D@48351 x1
PROF bake.name @MeshInstance3D@48350 x1
PROF bake.name @MeshInstance3D@48388 x1
PROF bake.name @MeshInstance3D@48387 x1
PROF bake.name @MeshInstance3D@48386 x1
PROF bake.name @MeshInstance3D@48385 x1
PROF bake.name @MeshInstance3D@48384 x1
PROF bake.name @MeshInstance3D@48383 x1
PROF bake.name @MeshInstance3D@48382 x1
PROF bake.name @MeshInstance3D@48381 x1
PROF bake.name @MeshInstance3D@48380 x1
PROF bake.name @MeshInstance3D@48379 x1
PROF bake.name @MeshInstance3D@48378 x1
PROF bake.name @MeshInstance3D@48377 x1
PROF bake.name @MeshInstance3D@48376 x1
PROF bake.name @MeshInstance3D@48375 x1
PROF bake.name @MeshInstance3D@48374 x1
PROF bake.name @MeshInstance3D@48373 x1
PROF bake.name @MeshInstance3D@48372 x1
PROF bake.name @MeshInstance3D@48371 x1
PROF bake.collect ms=66 sources=16
PROF bake.commit ms=0
PROF bake.detail instances=88 surfaces=88 append_ms=65 material_ms=0
PROF bake.name StrawberryLeaf x4
PROF bake.name Berry x4
PROF bake.name BerrySeed x4
PROF bake.name @MeshInstance3D@48448 x1
PROF bake.name @MeshInstance3D@48447 x1
PROF bake.name @MeshInstance3D@48446 x1
PROF bake.name @MeshInstance3D@48445 x1
PROF bake.name @MeshInstance3D@48444 x1
PROF bake.name @MeshInstance3D@48443 x1
PROF bake.name @MeshInstance3D@48442 x1
PROF bake.name @MeshInstance3D@48441 x1
PROF bake.name @MeshInstance3D@48440 x1
PROF bake.name @MeshInstance3D@48439 x1
PROF bake.name @MeshInstance3D@48438 x1
PROF bake.name @MeshInstance3D@48437 x1
PROF bake.name @MeshInstance3D@48436 x1
PROF bake.name @MeshInstance3D@48435 x1
PROF bake.name @MeshInstance3D@48434 x1
PROF bake.name @MeshInstance3D@48433 x1
PROF bake.name @MeshInstance3D@48432 x1
PROF bake.name @MeshInstance3D@48431 x1
PROF bake.name @MeshInstance3D@48430 x1
PROF bake.name @MeshInstance3D@48468 x1
PROF bake.name @MeshInstance3D@48467 x1
PROF bake.name @MeshInstance3D@48466 x1
PROF bake.name @MeshInstance3D@48465 x1
PROF bake.name @MeshInstance3D@48464 x1
PROF bake.name @MeshInstance3D@48463 x1
PROF bake.name @MeshInstance3D@48462 x1
PROF bake.name @MeshInstance3D@48461 x1
PROF bake.name @MeshInstance3D@48460 x1
PROF bake.name @MeshInstance3D@48459 x1
PROF bake.name @MeshInstance3D@48458 x1
PROF bake.name @MeshInstance3D@48457 x1
PROF bake.name @MeshInstance3D@48456 x1
PROF bake.name @MeshInstance3D@48455 x1
PROF bake.name @MeshInstance3D@48454 x1
PROF bake.name @MeshInstance3D@48453 x1
PROF bake.name @MeshInstance3D@48452 x1
PROF bake.name @MeshInstance3D@48451 x1
PROF bake.collect ms=66 sources=16
PROF bake.commit ms=0
PROF bake.detail instances=88 surfaces=88 append_ms=64 material_ms=0
PROF bake.name StrawberryLeaf x4
PROF bake.name Berry x4
PROF bake.name BerrySeed x4
PROF bake.name @MeshInstance3D@48535 x1
PROF bake.name @MeshInstance3D@48534 x1
PROF bake.name @MeshInstance3D@48533 x1
PROF bake.name @MeshInstance3D@48532 x1
PROF bake.name @MeshInstance3D@48531 x1
PROF bake.name @MeshInstance3D@48530 x1
PROF bake.name @MeshInstance3D@48529 x1
PROF bake.name @MeshInstance3D@48528 x1
PROF bake.name @MeshInstance3D@48527 x1
PROF bake.name @MeshInstance3D@48526 x1
PROF bake.name @MeshInstance3D@48525 x1
PROF bake.name @MeshInstance3D@48524 x1
PROF bake.name @MeshInstance3D@48523 x1
PROF bake.name @MeshInstance3D@48522 x1
PROF bake.name @MeshInstance3D@48521 x1
PROF bake.name @MeshInstance3D@48520 x1
PROF bake.name @MeshInstance3D@48519 x1
PROF bake.name @MeshInstance3D@48518 x1
PROF bake.name @MeshInstance3D@48517 x1
PROF bake.name @MeshInstance3D@48555 x1
PROF bake.name @MeshInstance3D@48554 x1
PROF bake.name @MeshInstance3D@48553 x1
PROF bake.name @MeshInstance3D@48552 x1
PROF bake.name @MeshInstance3D@48551 x1
PROF bake.name @MeshInstance3D@48550 x1
PROF bake.name @MeshInstance3D@48549 x1
PROF bake.name @MeshInstance3D@48548 x1
PROF bake.name @MeshInstance3D@48547 x1
PROF bake.name @MeshInstance3D@48546 x1
PROF bake.name @MeshInstance3D@48545 x1
PROF bake.name @MeshInstance3D@48544 x1
PROF bake.name @MeshInstance3D@48543 x1
PROF bake.name @MeshInstance3D@48542 x1
PROF bake.name @MeshInstance3D@48541 x1
PROF bake.name @MeshInstance3D@48540 x1
PROF bake.name @MeshInstance3D@48539 x1
PROF bake.name @MeshInstance3D@48538 x1
PROF bake.collect ms=66 sources=16
PROF bake.commit ms=0
PROF bake.detail instances=88 surfaces=88 append_ms=65 material_ms=0
PROF bake.name StrawberryLeaf x4
PROF bake.name Berry x4
PROF bake.name BerrySeed x4
PROF bake.name @MeshInstance3D@48615 x1
PROF bake.name @MeshInstance3D@48614 x1
PROF bake.name @MeshInstance3D@48613 x1
PROF bake.name @MeshInstance3D@48612 x1
PROF bake.name @MeshInstance3D@48611 x1
PROF bake.name @MeshInstance3D@48610 x1
PROF bake.name @MeshInstance3D@48609 x1
PROF bake.name @MeshInstance3D@48608 x1
PROF bake.name @MeshInstance3D@48607 x1
PROF bake.name @MeshInstance3D@48606 x1
PROF bake.name @MeshInstance3D@48605 x1
PROF bake.name @MeshInstance3D@48604 x1
PROF bake.name @MeshInstance3D@48603 x1
PROF bake.name @MeshInstance3D@48602 x1
PROF bake.name @MeshInstance3D@48601 x1
PROF bake.name @MeshInstance3D@48600 x1
PROF bake.name @MeshInstance3D@48599 x1
PROF bake.name @MeshInstance3D@48598 x1
PROF bake.name @MeshInstance3D@48597 x1
PROF bake.name @MeshInstance3D@48635 x1
PROF bake.name @MeshInstance3D@48634 x1
PROF bake.name @MeshInstance3D@48633 x1
PROF bake.name @MeshInstance3D@48632 x1
PROF bake.name @MeshInstance3D@48631 x1
PROF bake.name @MeshInstance3D@48630 x1
PROF bake.name @MeshInstance3D@48629 x1
PROF bake.name @MeshInstance3D@48628 x1
PROF bake.name @MeshInstance3D@48627 x1
PROF bake.name @MeshInstance3D@48626 x1
PROF bake.name @MeshInstance3D@48625 x1
PROF bake.name @MeshInstance3D@48624 x1
PROF bake.name @MeshInstance3D@48623 x1
PROF bake.name @MeshInstance3D@48622 x1
PROF bake.name @MeshInstance3D@48621 x1
PROF bake.name @MeshInstance3D@48620 x1
PROF bake.name @MeshInstance3D@48619 x1
PROF bake.name @MeshInstance3D@48618 x1
PROF bake.collect ms=64 sources=16
PROF bake.commit ms=0
PROF bake.detail instances=88 surfaces=88 append_ms=63 material_ms=0
PROF bake.name StrawberryLeaf x4
PROF bake.name Berry x4
PROF bake.name BerrySeed x4
PROF bake.name @MeshInstance3D@48695 x1
PROF bake.name @MeshInstance3D@48694 x1
PROF bake.name @MeshInstance3D@48693 x1
PROF bake.name @MeshInstance3D@48692 x1
PROF bake.name @MeshInstance3D@48691 x1
PROF bake.name @MeshInstance3D@48690 x1
PROF bake.name @MeshInstance3D@48689 x1
PROF bake.name @MeshInstance3D@48688 x1
PROF bake.name @MeshInstance3D@48687 x1
PROF bake.name @MeshInstance3D@48686 x1
PROF bake.name @MeshInstance3D@48685 x1
PROF bake.name @MeshInstance3D@48684 x1
PROF bake.name @MeshInstance3D@48683 x1
PROF bake.name @MeshInstance3D@48682 x1
PROF bake.name @MeshInstance3D@48681 x1
PROF bake.name @MeshInstance3D@48680 x1
PROF bake.name @MeshInstance3D@48679 x1
PROF bake.name @MeshInstance3D@48678 x1
PROF bake.name @MeshInstance3D@48677 x1
PROF bake.name @MeshInstance3D@48715 x1
PROF bake.name @MeshInstance3D@48714 x1
PROF bake.name @MeshInstance3D@48713 x1
PROF bake.name @MeshInstance3D@48712 x1
PROF bake.name @MeshInstance3D@48711 x1
PROF bake.name @MeshInstance3D@48710 x1
PROF bake.name @MeshInstance3D@48709 x1
PROF bake.name @MeshInstance3D@48708 x1
PROF bake.name @MeshInstance3D@48707 x1
PROF bake.name @MeshInstance3D@48706 x1
PROF bake.name @MeshInstance3D@48705 x1
PROF bake.name @MeshInstance3D@48704 x1
PROF bake.name @MeshInstance3D@48703 x1
PROF bake.name @MeshInstance3D@48702 x1
PROF bake.name @MeshInstance3D@48701 x1
PROF bake.name @MeshInstance3D@48700 x1
PROF bake.name @MeshInstance3D@48699 x1
PROF bake.name @MeshInstance3D@48698 x1
PROF bake.collect ms=69 sources=16
PROF bake.commit ms=1
PROF bake.detail instances=88 surfaces=88 append_ms=68 material_ms=0
PROF bake.name StrawberryLeaf x4
PROF bake.name Berry x4
PROF bake.name BerrySeed x4
PROF bake.name @MeshInstance3D@48782 x1
PROF bake.name @MeshInstance3D@48781 x1
PROF bake.name @MeshInstance3D@48780 x1
PROF bake.name @MeshInstance3D@48779 x1
PROF bake.name @MeshInstance3D@48778 x1
PROF bake.name @MeshInstance3D@48777 x1
PROF bake.name @MeshInstance3D@48776 x1
PROF bake.name @MeshInstance3D@48775 x1
PROF bake.name @MeshInstance3D@48774 x1
PROF bake.name @MeshInstance3D@48773 x1
PROF bake.name @MeshInstance3D@48772 x1
PROF bake.name @MeshInstance3D@48771 x1
PROF bake.name @MeshInstance3D@48770 x1
PROF bake.name @MeshInstance3D@48769 x1
PROF bake.name @MeshInstance3D@48768 x1
PROF bake.name @MeshInstance3D@48767 x1
PROF bake.name @MeshInstance3D@48766 x1
PROF bake.name @MeshInstance3D@48765 x1
PROF bake.name @MeshInstance3D@48764 x1
PROF bake.name @MeshInstance3D@48802 x1
PROF bake.name @MeshInstance3D@48801 x1
PROF bake.name @MeshInstance3D@48800 x1
PROF bake.name @MeshInstance3D@48799 x1
PROF bake.name @MeshInstance3D@48798 x1
PROF bake.name @MeshInstance3D@48797 x1
PROF bake.name @MeshInstance3D@48796 x1
PROF bake.name @MeshInstance3D@48795 x1
PROF bake.name @MeshInstance3D@48794 x1
PROF bake.name @MeshInstance3D@48793 x1
PROF bake.name @MeshInstance3D@48792 x1
PROF bake.name @MeshInstance3D@48791 x1
PROF bake.name @MeshInstance3D@48790 x1
PROF bake.name @MeshInstance3D@48789 x1
PROF bake.name @MeshInstance3D@48788 x1
PROF bake.name @MeshInstance3D@48787 x1
PROF bake.name @MeshInstance3D@48786 x1
PROF bake.name @MeshInstance3D@48785 x1
PROF bake.collect ms=71 sources=16
PROF bake.commit ms=0
PROF bake.detail instances=88 surfaces=88 append_ms=70 material_ms=0
PROF bake.name StrawberryLeaf x4
PROF bake.name Berry x4
PROF bake.name BerrySeed x4
PROF bake.name @MeshInstance3D@48862 x1
PROF bake.name @MeshInstance3D@48861 x1
PROF bake.name @MeshInstance3D@48860 x1
PROF bake.name @MeshInstance3D@48859 x1
PROF bake.name @MeshInstance3D@48858 x1
PROF bake.name @MeshInstance3D@48857 x1
PROF bake.name @MeshInstance3D@48856 x1
PROF bake.name @MeshInstance3D@48855 x1
PROF bake.name @MeshInstance3D@48854 x1
PROF bake.name @MeshInstance3D@48853 x1
PROF bake.name @MeshInstance3D@48852 x1
PROF bake.name @MeshInstance3D@48851 x1
PROF bake.name @MeshInstance3D@48850 x1
PROF bake.name @MeshInstance3D@48849 x1
PROF bake.name @MeshInstance3D@48848 x1
PROF bake.name @MeshInstance3D@48847 x1
PROF bake.name @MeshInstance3D@48846 x1
PROF bake.name @MeshInstance3D@48845 x1
PROF bake.name @MeshInstance3D@48844 x1
PROF bake.name @MeshInstance3D@48882 x1
PROF bake.name @MeshInstance3D@48881 x1
PROF bake.name @MeshInstance3D@48880 x1
PROF bake.name @MeshInstance3D@48879 x1
PROF bake.name @MeshInstance3D@48878 x1
PROF bake.name @MeshInstance3D@48877 x1
PROF bake.name @MeshInstance3D@48876 x1
PROF bake.name @MeshInstance3D@48875 x1
PROF bake.name @MeshInstance3D@48874 x1
PROF bake.name @MeshInstance3D@48873 x1
PROF bake.name @MeshInstance3D@48872 x1
PROF bake.name @MeshInstance3D@48871 x1
PROF bake.name @MeshInstance3D@48870 x1
PROF bake.name @MeshInstance3D@48869 x1
PROF bake.name @MeshInstance3D@48868 x1
PROF bake.name @MeshInstance3D@48867 x1
PROF bake.name @MeshInstance3D@48866 x1
PROF bake.name @MeshInstance3D@48865 x1
PROF bake.collect ms=65 sources=16
PROF bake.commit ms=1
PROF bake.detail instances=88 surfaces=88 append_ms=64 material_ms=0
PROF bake.name StrawberryLeaf x4
PROF bake.name Berry x4
PROF bake.name BerrySeed x4
PROF bake.name @MeshInstance3D@48949 x1
PROF bake.name @MeshInstance3D@48948 x1
PROF bake.name @MeshInstance3D@48947 x1
PROF bake.name @MeshInstance3D@48946 x1
PROF bake.name @MeshInstance3D@48945 x1
PROF bake.name @MeshInstance3D@48944 x1
PROF bake.name @MeshInstance3D@48943 x1
PROF bake.name @MeshInstance3D@48942 x1
PROF bake.name @MeshInstance3D@48941 x1
PROF bake.name @MeshInstance3D@48940 x1
PROF bake.name @MeshInstance3D@48939 x1
PROF bake.name @MeshInstance3D@48938 x1
PROF bake.name @MeshInstance3D@48937 x1
PROF bake.name @MeshInstance3D@48936 x1
PROF bake.name @MeshInstance3D@48935 x1
PROF bake.name @MeshInstance3D@48934 x1
PROF bake.name @MeshInstance3D@48933 x1
PROF bake.name @MeshInstance3D@48932 x1
PROF bake.name @MeshInstance3D@48931 x1
PROF bake.name @MeshInstance3D@48969 x1
PROF bake.name @MeshInstance3D@48968 x1
PROF bake.name @MeshInstance3D@48967 x1
PROF bake.name @MeshInstance3D@48966 x1
PROF bake.name @MeshInstance3D@48965 x1
PROF bake.name @MeshInstance3D@48964 x1
PROF bake.name @MeshInstance3D@48963 x1
PROF bake.name @MeshInstance3D@48962 x1
PROF bake.name @MeshInstance3D@48961 x1
PROF bake.name @MeshInstance3D@48960 x1
PROF bake.name @MeshInstance3D@48959 x1
PROF bake.name @MeshInstance3D@48958 x1
PROF bake.name @MeshInstance3D@48957 x1
PROF bake.name @MeshInstance3D@48956 x1
PROF bake.name @MeshInstance3D@48955 x1
PROF bake.name @MeshInstance3D@48954 x1
PROF bake.name @MeshInstance3D@48953 x1
PROF bake.name @MeshInstance3D@48952 x1
PROF bake.collect ms=65 sources=16
PROF bake.commit ms=0
PROF bake.detail instances=88 surfaces=88 append_ms=64 material_ms=0
PROF bake.name StrawberryLeaf x4
PROF bake.name Berry x4
PROF bake.name BerrySeed x4
PROF bake.name @MeshInstance3D@49029 x1
PROF bake.name @MeshInstance3D@49028 x1
PROF bake.name @MeshInstance3D@49027 x1
PROF bake.name @MeshInstance3D@49026 x1
PROF bake.name @MeshInstance3D@49025 x1
PROF bake.name @MeshInstance3D@49024 x1
PROF bake.name @MeshInstance3D@49023 x1
PROF bake.name @MeshInstance3D@49022 x1
PROF bake.name @MeshInstance3D@49021 x1
PROF bake.name @MeshInstance3D@49020 x1
PROF bake.name @MeshInstance3D@49019 x1
PROF bake.name @MeshInstance3D@49018 x1
PROF bake.name @MeshInstance3D@49017 x1
PROF bake.name @MeshInstance3D@49016 x1
PROF bake.name @MeshInstance3D@49015 x1
PROF bake.name @MeshInstance3D@49014 x1
PROF bake.name @MeshInstance3D@49013 x1
PROF bake.name @MeshInstance3D@49012 x1
PROF bake.name @MeshInstance3D@49011 x1
PROF bake.name @MeshInstance3D@49049 x1
PROF bake.name @MeshInstance3D@49048 x1
PROF bake.name @MeshInstance3D@49047 x1
PROF bake.name @MeshInstance3D@49046 x1
PROF bake.name @MeshInstance3D@49045 x1
PROF bake.name @MeshInstance3D@49044 x1
PROF bake.name @MeshInstance3D@49043 x1
PROF bake.name @MeshInstance3D@49042 x1
PROF bake.name @MeshInstance3D@49041 x1
PROF bake.name @MeshInstance3D@49040 x1
PROF bake.name @MeshInstance3D@49039 x1
PROF bake.name @MeshInstance3D@49038 x1
PROF bake.name @MeshInstance3D@49037 x1
PROF bake.name @MeshInstance3D@49036 x1
PROF bake.name @MeshInstance3D@49035 x1
PROF bake.name @MeshInstance3D@49034 x1
PROF bake.name @MeshInstance3D@49033 x1
PROF bake.name @MeshInstance3D@49032 x1
PROF bake.collect ms=65 sources=16
PROF bake.commit ms=0
PROF bake.detail instances=88 surfaces=88 append_ms=64 material_ms=0
PROF bake.name StrawberryLeaf x4
PROF bake.name Berry x4
PROF bake.name BerrySeed x4
PROF bake.name @MeshInstance3D@49116 x1
PROF bake.name @MeshInstance3D@49115 x1
PROF bake.name @MeshInstance3D@49114 x1
PROF bake.name @MeshInstance3D@49113 x1
PROF bake.name @MeshInstance3D@49112 x1
PROF bake.name @MeshInstance3D@49111 x1
PROF bake.name @MeshInstance3D@49110 x1
PROF bake.name @MeshInstance3D@49109 x1
PROF bake.name @MeshInstance3D@49108 x1
PROF bake.name @MeshInstance3D@49107 x1
PROF bake.name @MeshInstance3D@49106 x1
PROF bake.name @MeshInstance3D@49105 x1
PROF bake.name @MeshInstance3D@49104 x1
PROF bake.name @MeshInstance3D@49103 x1
PROF bake.name @MeshInstance3D@49102 x1
PROF bake.name @MeshInstance3D@49101 x1
PROF bake.name @MeshInstance3D@49100 x1
PROF bake.name @MeshInstance3D@49099 x1
PROF bake.name @MeshInstance3D@49098 x1
PROF bake.name @MeshInstance3D@49136 x1
PROF bake.name @MeshInstance3D@49135 x1
PROF bake.name @MeshInstance3D@49134 x1
PROF bake.name @MeshInstance3D@49133 x1
PROF bake.name @MeshInstance3D@49132 x1
PROF bake.name @MeshInstance3D@49131 x1
PROF bake.name @MeshInstance3D@49130 x1
PROF bake.name @MeshInstance3D@49129 x1
PROF bake.name @MeshInstance3D@49128 x1
PROF bake.name @MeshInstance3D@49127 x1
PROF bake.name @MeshInstance3D@49126 x1
PROF bake.name @MeshInstance3D@49125 x1
PROF bake.name @MeshInstance3D@49124 x1
PROF bake.name @MeshInstance3D@49123 x1
PROF bake.name @MeshInstance3D@49122 x1
PROF bake.name @MeshInstance3D@49121 x1
PROF bake.name @MeshInstance3D@49120 x1
PROF bake.name @MeshInstance3D@49119 x1
PROF bake.collect ms=66 sources=16
PROF bake.commit ms=0
PROF bake.detail instances=88 surfaces=88 append_ms=64 material_ms=0
PROF bake.name StrawberryLeaf x4
PROF bake.name Berry x4
PROF bake.name BerrySeed x4
PROF bake.name @MeshInstance3D@49196 x1
PROF bake.name @MeshInstance3D@49195 x1
PROF bake.name @MeshInstance3D@49194 x1
PROF bake.name @MeshInstance3D@49193 x1
PROF bake.name @MeshInstance3D@49192 x1
PROF bake.name @MeshInstance3D@49191 x1
PROF bake.name @MeshInstance3D@49190 x1
PROF bake.name @MeshInstance3D@49189 x1
PROF bake.name @MeshInstance3D@49188 x1
PROF bake.name @MeshInstance3D@49187 x1
PROF bake.name @MeshInstance3D@49186 x1
PROF bake.name @MeshInstance3D@49185 x1
PROF bake.name @MeshInstance3D@49184 x1
PROF bake.name @MeshInstance3D@49183 x1
PROF bake.name @MeshInstance3D@49182 x1
PROF bake.name @MeshInstance3D@49181 x1
PROF bake.name @MeshInstance3D@49180 x1
PROF bake.name @MeshInstance3D@49179 x1
PROF bake.name @MeshInstance3D@49178 x1
PROF bake.name @MeshInstance3D@49216 x1
PROF bake.name @MeshInstance3D@49215 x1
PROF bake.name @MeshInstance3D@49214 x1
PROF bake.name @MeshInstance3D@49213 x1
PROF bake.name @MeshInstance3D@49212 x1
PROF bake.name @MeshInstance3D@49211 x1
PROF bake.name @MeshInstance3D@49210 x1
PROF bake.name @MeshInstance3D@49209 x1
PROF bake.name @MeshInstance3D@49208 x1
PROF bake.name @MeshInstance3D@49207 x1
PROF bake.name @MeshInstance3D@49206 x1
PROF bake.name @MeshInstance3D@49205 x1
PROF bake.name @MeshInstance3D@49204 x1
PROF bake.name @MeshInstance3D@49203 x1
PROF bake.name @MeshInstance3D@49202 x1
PROF bake.name @MeshInstance3D@49201 x1
PROF bake.name @MeshInstance3D@49200 x1
PROF bake.name @MeshInstance3D@49199 x1
PROF bake.collect ms=66 sources=16
PROF bake.commit ms=0
PROF bake.detail instances=88 surfaces=88 append_ms=64 material_ms=0
PROF bake.name StrawberryLeaf x4
PROF bake.name Berry x4
PROF bake.name BerrySeed x4
PROF bake.name @MeshInstance3D@49283 x1
PROF bake.name @MeshInstance3D@49282 x1
PROF bake.name @MeshInstance3D@49281 x1
PROF bake.name @MeshInstance3D@49280 x1
PROF bake.name @MeshInstance3D@49279 x1
PROF bake.name @MeshInstance3D@49278 x1
PROF bake.name @MeshInstance3D@49277 x1
PROF bake.name @MeshInstance3D@49276 x1
PROF bake.name @MeshInstance3D@49275 x1
PROF bake.name @MeshInstance3D@49274 x1
PROF bake.name @MeshInstance3D@49273 x1
PROF bake.name @MeshInstance3D@49272 x1
PROF bake.name @MeshInstance3D@49271 x1
PROF bake.name @MeshInstance3D@49270 x1
PROF bake.name @MeshInstance3D@49269 x1
PROF bake.name @MeshInstance3D@49268 x1
PROF bake.name @MeshInstance3D@49267 x1
PROF bake.name @MeshInstance3D@49266 x1
PROF bake.name @MeshInstance3D@49265 x1
PROF bake.name @MeshInstance3D@49303 x1
PROF bake.name @MeshInstance3D@49302 x1
PROF bake.name @MeshInstance3D@49301 x1
PROF bake.name @MeshInstance3D@49300 x1
PROF bake.name @MeshInstance3D@49299 x1
PROF bake.name @MeshInstance3D@49298 x1
PROF bake.name @MeshInstance3D@49297 x1
PROF bake.name @MeshInstance3D@49296 x1
PROF bake.name @MeshInstance3D@49295 x1
PROF bake.name @MeshInstance3D@49294 x1
PROF bake.name @MeshInstance3D@49293 x1
PROF bake.name @MeshInstance3D@49292 x1
PROF bake.name @MeshInstance3D@49291 x1
PROF bake.name @MeshInstance3D@49290 x1
PROF bake.name @MeshInstance3D@49289 x1
PROF bake.name @MeshInstance3D@49288 x1
PROF bake.name @MeshInstance3D@49287 x1
PROF bake.name @MeshInstance3D@49286 x1
PROF bake.collect ms=66 sources=16
PROF bake.commit ms=0
PROF bake.detail instances=88 surfaces=88 append_ms=65 material_ms=0
PROF bake.name StrawberryLeaf x4
PROF bake.name Berry x4
PROF bake.name BerrySeed x4
PROF bake.name @MeshInstance3D@49363 x1
PROF bake.name @MeshInstance3D@49362 x1
PROF bake.name @MeshInstance3D@49361 x1
PROF bake.name @MeshInstance3D@49360 x1
PROF bake.name @MeshInstance3D@49359 x1
PROF bake.name @MeshInstance3D@49358 x1
PROF bake.name @MeshInstance3D@49357 x1
PROF bake.name @MeshInstance3D@49356 x1
PROF bake.name @MeshInstance3D@49355 x1
PROF bake.name @MeshInstance3D@49354 x1
PROF bake.name @MeshInstance3D@49353 x1
PROF bake.name @MeshInstance3D@49352 x1
PROF bake.name @MeshInstance3D@49351 x1
PROF bake.name @MeshInstance3D@49350 x1
PROF bake.name @MeshInstance3D@49349 x1
PROF bake.name @MeshInstance3D@49348 x1
PROF bake.name @MeshInstance3D@49347 x1
PROF bake.name @MeshInstance3D@49346 x1
PROF bake.name @MeshInstance3D@49345 x1
PROF bake.name @MeshInstance3D@49383 x1
PROF bake.name @MeshInstance3D@49382 x1
PROF bake.name @MeshInstance3D@49381 x1
PROF bake.name @MeshInstance3D@49380 x1
PROF bake.name @MeshInstance3D@49379 x1
PROF bake.name @MeshInstance3D@49378 x1
PROF bake.name @MeshInstance3D@49377 x1
PROF bake.name @MeshInstance3D@49376 x1
PROF bake.name @MeshInstance3D@49375 x1
PROF bake.name @MeshInstance3D@49374 x1
PROF bake.name @MeshInstance3D@49373 x1
PROF bake.name @MeshInstance3D@49372 x1
PROF bake.name @MeshInstance3D@49371 x1
PROF bake.name @MeshInstance3D@49370 x1
PROF bake.name @MeshInstance3D@49369 x1
PROF bake.name @MeshInstance3D@49368 x1
PROF bake.name @MeshInstance3D@49367 x1
PROF bake.name @MeshInstance3D@49366 x1
PROF bake.collect ms=67 sources=16
PROF bake.commit ms=0
PROF bake.detail instances=88 surfaces=88 append_ms=66 material_ms=0
PROF bake.name StrawberryLeaf x4
PROF bake.name Berry x4
PROF bake.name BerrySeed x4
PROF bake.name @MeshInstance3D@49450 x1
PROF bake.name @MeshInstance3D@49449 x1
PROF bake.name @MeshInstance3D@49448 x1
PROF bake.name @MeshInstance3D@49447 x1
PROF bake.name @MeshInstance3D@49446 x1
PROF bake.name @MeshInstance3D@49445 x1
PROF bake.name @MeshInstance3D@49444 x1
PROF bake.name @MeshInstance3D@49443 x1
PROF bake.name @MeshInstance3D@49442 x1
PROF bake.name @MeshInstance3D@49441 x1
PROF bake.name @MeshInstance3D@49440 x1
PROF bake.name @MeshInstance3D@49439 x1
PROF bake.name @MeshInstance3D@49438 x1
PROF bake.name @MeshInstance3D@49437 x1
PROF bake.name @MeshInstance3D@49436 x1
PROF bake.name @MeshInstance3D@49435 x1
PROF bake.name @MeshInstance3D@49434 x1
PROF bake.name @MeshInstance3D@49433 x1
PROF bake.name @MeshInstance3D@49432 x1
PROF bake.name @MeshInstance3D@49470 x1
PROF bake.name @MeshInstance3D@49469 x1
PROF bake.name @MeshInstance3D@49468 x1
PROF bake.name @MeshInstance3D@49467 x1
PROF bake.name @MeshInstance3D@49466 x1
PROF bake.name @MeshInstance3D@49465 x1
PROF bake.name @MeshInstance3D@49464 x1
PROF bake.name @MeshInstance3D@49463 x1
PROF bake.name @MeshInstance3D@49462 x1
PROF bake.name @MeshInstance3D@49461 x1
PROF bake.name @MeshInstance3D@49460 x1
PROF bake.name @MeshInstance3D@49459 x1
PROF bake.name @MeshInstance3D@49458 x1
PROF bake.name @MeshInstance3D@49457 x1
PROF bake.name @MeshInstance3D@49456 x1
PROF bake.name @MeshInstance3D@49455 x1
PROF bake.name @MeshInstance3D@49454 x1
PROF bake.name @MeshInstance3D@49453 x1
PROF bake.collect ms=64 sources=16
PROF bake.commit ms=0
PROF bake.detail instances=88 surfaces=88 append_ms=63 material_ms=0
PROF bake.name StrawberryLeaf x4
PROF bake.name Berry x4
PROF bake.name BerrySeed x4
PROF bake.name @MeshInstance3D@49530 x1
PROF bake.name @MeshInstance3D@49529 x1
PROF bake.name @MeshInstance3D@49528 x1
PROF bake.name @MeshInstance3D@49527 x1
PROF bake.name @MeshInstance3D@49526 x1
PROF bake.name @MeshInstance3D@49525 x1
PROF bake.name @MeshInstance3D@49524 x1
PROF bake.name @MeshInstance3D@49523 x1
PROF bake.name @MeshInstance3D@49522 x1
PROF bake.name @MeshInstance3D@49521 x1
PROF bake.name @MeshInstance3D@49520 x1
PROF bake.name @MeshInstance3D@49519 x1
PROF bake.name @MeshInstance3D@49518 x1
PROF bake.name @MeshInstance3D@49517 x1
PROF bake.name @MeshInstance3D@49516 x1
PROF bake.name @MeshInstance3D@49515 x1
PROF bake.name @MeshInstance3D@49514 x1
PROF bake.name @MeshInstance3D@49513 x1
PROF bake.name @MeshInstance3D@49512 x1
PROF bake.name @MeshInstance3D@49550 x1
PROF bake.name @MeshInstance3D@49549 x1
PROF bake.name @MeshInstance3D@49548 x1
PROF bake.name @MeshInstance3D@49547 x1
PROF bake.name @MeshInstance3D@49546 x1
PROF bake.name @MeshInstance3D@49545 x1
PROF bake.name @MeshInstance3D@49544 x1
PROF bake.name @MeshInstance3D@49543 x1
PROF bake.name @MeshInstance3D@49542 x1
PROF bake.name @MeshInstance3D@49541 x1
PROF bake.name @MeshInstance3D@49540 x1
PROF bake.name @MeshInstance3D@49539 x1
PROF bake.name @MeshInstance3D@49538 x1
PROF bake.name @MeshInstance3D@49537 x1
PROF bake.name @MeshInstance3D@49536 x1
PROF bake.name @MeshInstance3D@49535 x1
PROF bake.name @MeshInstance3D@49534 x1
PROF bake.name @MeshInstance3D@49533 x1
PROF bake.collect ms=65 sources=16
PROF bake.commit ms=0
PROF bake.detail instances=88 surfaces=88 append_ms=63 material_ms=0
PROF bake.name StrawberryLeaf x4
PROF bake.name Berry x4
PROF bake.name BerrySeed x4
PROF bake.name @MeshInstance3D@49610 x1
PROF bake.name @MeshInstance3D@49609 x1
PROF bake.name @MeshInstance3D@49608 x1
PROF bake.name @MeshInstance3D@49607 x1
PROF bake.name @MeshInstance3D@49606 x1
PROF bake.name @MeshInstance3D@49605 x1
PROF bake.name @MeshInstance3D@49604 x1
PROF bake.name @MeshInstance3D@49603 x1
PROF bake.name @MeshInstance3D@49602 x1
PROF bake.name @MeshInstance3D@49601 x1
PROF bake.name @MeshInstance3D@49600 x1
PROF bake.name @MeshInstance3D@49599 x1
PROF bake.name @MeshInstance3D@49598 x1
PROF bake.name @MeshInstance3D@49597 x1
PROF bake.name @MeshInstance3D@49596 x1
PROF bake.name @MeshInstance3D@49595 x1
PROF bake.name @MeshInstance3D@49594 x1
PROF bake.name @MeshInstance3D@49593 x1
PROF bake.name @MeshInstance3D@49592 x1
PROF bake.name @MeshInstance3D@49630 x1
PROF bake.name @MeshInstance3D@49629 x1
PROF bake.name @MeshInstance3D@49628 x1
PROF bake.name @MeshInstance3D@49627 x1
PROF bake.name @MeshInstance3D@49626 x1
PROF bake.name @MeshInstance3D@49625 x1
PROF bake.name @MeshInstance3D@49624 x1
PROF bake.name @MeshInstance3D@49623 x1
PROF bake.name @MeshInstance3D@49622 x1
PROF bake.name @MeshInstance3D@49621 x1
PROF bake.name @MeshInstance3D@49620 x1
PROF bake.name @MeshInstance3D@49619 x1
PROF bake.name @MeshInstance3D@49618 x1
PROF bake.name @MeshInstance3D@49617 x1
PROF bake.name @MeshInstance3D@49616 x1
PROF bake.name @MeshInstance3D@49615 x1
PROF bake.name @MeshInstance3D@49614 x1
PROF bake.name @MeshInstance3D@49613 x1
PROF bake.collect ms=65 sources=16
PROF bake.commit ms=0
PROF bake.detail instances=88 surfaces=88 append_ms=64 material_ms=0
PROF bake.name StrawberryLeaf x4
PROF bake.name Berry x4
PROF bake.name BerrySeed x4
PROF bake.name @MeshInstance3D@49697 x1
PROF bake.name @MeshInstance3D@49696 x1
PROF bake.name @MeshInstance3D@49695 x1
PROF bake.name @MeshInstance3D@49694 x1
PROF bake.name @MeshInstance3D@49693 x1
PROF bake.name @MeshInstance3D@49692 x1
PROF bake.name @MeshInstance3D@49691 x1
PROF bake.name @MeshInstance3D@49690 x1
PROF bake.name @MeshInstance3D@49689 x1
PROF bake.name @MeshInstance3D@49688 x1
PROF bake.name @MeshInstance3D@49687 x1
PROF bake.name @MeshInstance3D@49686 x1
PROF bake.name @MeshInstance3D@49685 x1
PROF bake.name @MeshInstance3D@49684 x1
PROF bake.name @MeshInstance3D@49683 x1
PROF bake.name @MeshInstance3D@49682 x1
PROF bake.name @MeshInstance3D@49681 x1
PROF bake.name @MeshInstance3D@49680 x1
PROF bake.name @MeshInstance3D@49679 x1
PROF bake.name @MeshInstance3D@49717 x1
PROF bake.name @MeshInstance3D@49716 x1
PROF bake.name @MeshInstance3D@49715 x1
PROF bake.name @MeshInstance3D@49714 x1
PROF bake.name @MeshInstance3D@49713 x1
PROF bake.name @MeshInstance3D@49712 x1
PROF bake.name @MeshInstance3D@49711 x1
PROF bake.name @MeshInstance3D@49710 x1
PROF bake.name @MeshInstance3D@49709 x1
PROF bake.name @MeshInstance3D@49708 x1
PROF bake.name @MeshInstance3D@49707 x1
PROF bake.name @MeshInstance3D@49706 x1
PROF bake.name @MeshInstance3D@49705 x1
PROF bake.name @MeshInstance3D@49704 x1
PROF bake.name @MeshInstance3D@49703 x1
PROF bake.name @MeshInstance3D@49702 x1
PROF bake.name @MeshInstance3D@49701 x1
PROF bake.name @MeshInstance3D@49700 x1
PROF bake.collect ms=66 sources=16
PROF bake.commit ms=0
PROF bake.detail instances=88 surfaces=88 append_ms=64 material_ms=0
PROF bake.name StrawberryLeaf x4
PROF bake.name Berry x4
PROF bake.name BerrySeed x4
PROF bake.name @MeshInstance3D@49777 x1
PROF bake.name @MeshInstance3D@49776 x1
PROF bake.name @MeshInstance3D@49775 x1
PROF bake.name @MeshInstance3D@49774 x1
PROF bake.name @MeshInstance3D@49773 x1
PROF bake.name @MeshInstance3D@49772 x1
PROF bake.name @MeshInstance3D@49771 x1
PROF bake.name @MeshInstance3D@49770 x1
PROF bake.name @MeshInstance3D@49769 x1
PROF bake.name @MeshInstance3D@49768 x1
PROF bake.name @MeshInstance3D@49767 x1
PROF bake.name @MeshInstance3D@49766 x1
PROF bake.name @MeshInstance3D@49765 x1
PROF bake.name @MeshInstance3D@49764 x1
PROF bake.name @MeshInstance3D@49763 x1
PROF bake.name @MeshInstance3D@49762 x1
PROF bake.name @MeshInstance3D@49761 x1
PROF bake.name @MeshInstance3D@49760 x1
PROF bake.name @MeshInstance3D@49759 x1
PROF bake.name @MeshInstance3D@49797 x1
PROF bake.name @MeshInstance3D@49796 x1
PROF bake.name @MeshInstance3D@49795 x1
PROF bake.name @MeshInstance3D@49794 x1
PROF bake.name @MeshInstance3D@49793 x1
PROF bake.name @MeshInstance3D@49792 x1
PROF bake.name @MeshInstance3D@49791 x1
PROF bake.name @MeshInstance3D@49790 x1
PROF bake.name @MeshInstance3D@49789 x1
PROF bake.name @MeshInstance3D@49788 x1
PROF bake.name @MeshInstance3D@49787 x1
PROF bake.name @MeshInstance3D@49786 x1
PROF bake.name @MeshInstance3D@49785 x1
PROF bake.name @MeshInstance3D@49784 x1
PROF bake.name @MeshInstance3D@49783 x1
PROF bake.name @MeshInstance3D@49782 x1
PROF bake.name @MeshInstance3D@49781 x1
PROF bake.name @MeshInstance3D@49780 x1
PROF bake.collect ms=67 sources=16
PROF bake.commit ms=0
PROF bake.detail instances=88 surfaces=88 append_ms=65 material_ms=0
PROF bake.name StrawberryLeaf x4
PROF bake.name Berry x4
PROF bake.name BerrySeed x4
PROF bake.name @MeshInstance3D@49857 x1
PROF bake.name @MeshInstance3D@49856 x1
PROF bake.name @MeshInstance3D@49855 x1
PROF bake.name @MeshInstance3D@49854 x1
PROF bake.name @MeshInstance3D@49853 x1
PROF bake.name @MeshInstance3D@49852 x1
PROF bake.name @MeshInstance3D@49851 x1
PROF bake.name @MeshInstance3D@49850 x1
PROF bake.name @MeshInstance3D@49849 x1
PROF bake.name @MeshInstance3D@49848 x1
PROF bake.name @MeshInstance3D@49847 x1
PROF bake.name @MeshInstance3D@49846 x1
PROF bake.name @MeshInstance3D@49845 x1
PROF bake.name @MeshInstance3D@49844 x1
PROF bake.name @MeshInstance3D@49843 x1
PROF bake.name @MeshInstance3D@49842 x1
PROF bake.name @MeshInstance3D@49841 x1
PROF bake.name @MeshInstance3D@49840 x1
PROF bake.name @MeshInstance3D@49839 x1
PROF bake.name @MeshInstance3D@49877 x1
PROF bake.name @MeshInstance3D@49876 x1
PROF bake.name @MeshInstance3D@49875 x1
PROF bake.name @MeshInstance3D@49874 x1
PROF bake.name @MeshInstance3D@49873 x1
PROF bake.name @MeshInstance3D@49872 x1
PROF bake.name @MeshInstance3D@49871 x1
PROF bake.name @MeshInstance3D@49870 x1
PROF bake.name @MeshInstance3D@49869 x1
PROF bake.name @MeshInstance3D@49868 x1
PROF bake.name @MeshInstance3D@49867 x1
PROF bake.name @MeshInstance3D@49866 x1
PROF bake.name @MeshInstance3D@49865 x1
PROF bake.name @MeshInstance3D@49864 x1
PROF bake.name @MeshInstance3D@49863 x1
PROF bake.name @MeshInstance3D@49862 x1
PROF bake.name @MeshInstance3D@49861 x1
PROF bake.name @MeshInstance3D@49860 x1
PROF bake.collect ms=65 sources=16
PROF bake.commit ms=0
PROF bake.detail instances=88 surfaces=88 append_ms=63 material_ms=0
PROF bake.name StrawberryLeaf x4
PROF bake.name Berry x4
PROF bake.name BerrySeed x4
PROF bake.name @MeshInstance3D@49944 x1
PROF bake.name @MeshInstance3D@49943 x1
PROF bake.name @MeshInstance3D@49942 x1
PROF bake.name @MeshInstance3D@49941 x1
PROF bake.name @MeshInstance3D@49940 x1
PROF bake.name @MeshInstance3D@49939 x1
PROF bake.name @MeshInstance3D@49938 x1
PROF bake.name @MeshInstance3D@49937 x1
PROF bake.name @MeshInstance3D@49936 x1
PROF bake.name @MeshInstance3D@49935 x1
PROF bake.name @MeshInstance3D@49934 x1
PROF bake.name @MeshInstance3D@49933 x1
PROF bake.name @MeshInstance3D@49932 x1
PROF bake.name @MeshInstance3D@49931 x1
PROF bake.name @MeshInstance3D@49930 x1
PROF bake.name @MeshInstance3D@49929 x1
PROF bake.name @MeshInstance3D@49928 x1
PROF bake.name @MeshInstance3D@49927 x1
PROF bake.name @MeshInstance3D@49926 x1
PROF bake.name @MeshInstance3D@49964 x1
PROF bake.name @MeshInstance3D@49963 x1
PROF bake.name @MeshInstance3D@49962 x1
PROF bake.name @MeshInstance3D@49961 x1
PROF bake.name @MeshInstance3D@49960 x1
PROF bake.name @MeshInstance3D@49959 x1
PROF bake.name @MeshInstance3D@49958 x1
PROF bake.name @MeshInstance3D@49957 x1
PROF bake.name @MeshInstance3D@49956 x1
PROF bake.name @MeshInstance3D@49955 x1
PROF bake.name @MeshInstance3D@49954 x1
PROF bake.name @MeshInstance3D@49953 x1
PROF bake.name @MeshInstance3D@49952 x1
PROF bake.name @MeshInstance3D@49951 x1
PROF bake.name @MeshInstance3D@49950 x1
PROF bake.name @MeshInstance3D@49949 x1
PROF bake.name @MeshInstance3D@49948 x1
PROF bake.name @MeshInstance3D@49947 x1
PROF bake.collect ms=64 sources=16
PROF bake.commit ms=0
PROF bake.detail instances=88 surfaces=88 append_ms=62 material_ms=0
PROF bake.name StrawberryLeaf x4
PROF bake.name Berry x4
PROF bake.name BerrySeed x4
PROF bake.name @MeshInstance3D@50024 x1
PROF bake.name @MeshInstance3D@50023 x1
PROF bake.name @MeshInstance3D@50022 x1
PROF bake.name @MeshInstance3D@50021 x1
PROF bake.name @MeshInstance3D@50020 x1
PROF bake.name @MeshInstance3D@50019 x1
PROF bake.name @MeshInstance3D@50018 x1
PROF bake.name @MeshInstance3D@50017 x1
PROF bake.name @MeshInstance3D@50016 x1
PROF bake.name @MeshInstance3D@50015 x1
PROF bake.name @MeshInstance3D@50014 x1
PROF bake.name @MeshInstance3D@50013 x1
PROF bake.name @MeshInstance3D@50012 x1
PROF bake.name @MeshInstance3D@50011 x1
PROF bake.name @MeshInstance3D@50010 x1
PROF bake.name @MeshInstance3D@50009 x1
PROF bake.name @MeshInstance3D@50008 x1
PROF bake.name @MeshInstance3D@50007 x1
PROF bake.name @MeshInstance3D@50006 x1
PROF bake.name @MeshInstance3D@50044 x1
PROF bake.name @MeshInstance3D@50043 x1
PROF bake.name @MeshInstance3D@50042 x1
PROF bake.name @MeshInstance3D@50041 x1
PROF bake.name @MeshInstance3D@50040 x1
PROF bake.name @MeshInstance3D@50039 x1
PROF bake.name @MeshInstance3D@50038 x1
PROF bake.name @MeshInstance3D@50037 x1
PROF bake.name @MeshInstance3D@50036 x1
PROF bake.name @MeshInstance3D@50035 x1
PROF bake.name @MeshInstance3D@50034 x1
PROF bake.name @MeshInstance3D@50033 x1
PROF bake.name @MeshInstance3D@50032 x1
PROF bake.name @MeshInstance3D@50031 x1
PROF bake.name @MeshInstance3D@50030 x1
PROF bake.name @MeshInstance3D@50029 x1
PROF bake.name @MeshInstance3D@50028 x1
PROF bake.name @MeshInstance3D@50027 x1
PROF bake.collect ms=75 sources=16
PROF bake.commit ms=0
PROF bake.detail instances=88 surfaces=88 append_ms=74 material_ms=0
PROF bake.name StrawberryLeaf x4
PROF bake.name Berry x4
PROF bake.name BerrySeed x4
PROF bake.name @MeshInstance3D@50104 x1
PROF bake.name @MeshInstance3D@50103 x1
PROF bake.name @MeshInstance3D@50102 x1
PROF bake.name @MeshInstance3D@50101 x1
PROF bake.name @MeshInstance3D@50100 x1
PROF bake.name @MeshInstance3D@50099 x1
PROF bake.name @MeshInstance3D@50098 x1
PROF bake.name @MeshInstance3D@50097 x1
PROF bake.name @MeshInstance3D@50096 x1
PROF bake.name @MeshInstance3D@50095 x1
PROF bake.name @MeshInstance3D@50094 x1
PROF bake.name @MeshInstance3D@50093 x1
PROF bake.name @MeshInstance3D@50092 x1
PROF bake.name @MeshInstance3D@50091 x1
PROF bake.name @MeshInstance3D@50090 x1
PROF bake.name @MeshInstance3D@50089 x1
PROF bake.name @MeshInstance3D@50088 x1
PROF bake.name @MeshInstance3D@50087 x1
PROF bake.name @MeshInstance3D@50086 x1
PROF bake.name @MeshInstance3D@50124 x1
PROF bake.name @MeshInstance3D@50123 x1
PROF bake.name @MeshInstance3D@50122 x1
PROF bake.name @MeshInstance3D@50121 x1
PROF bake.name @MeshInstance3D@50120 x1
PROF bake.name @MeshInstance3D@50119 x1
PROF bake.name @MeshInstance3D@50118 x1
PROF bake.name @MeshInstance3D@50117 x1
PROF bake.name @MeshInstance3D@50116 x1
PROF bake.name @MeshInstance3D@50115 x1
PROF bake.name @MeshInstance3D@50114 x1
PROF bake.name @MeshInstance3D@50113 x1
PROF bake.name @MeshInstance3D@50112 x1
PROF bake.name @MeshInstance3D@50111 x1
PROF bake.name @MeshInstance3D@50110 x1
PROF bake.name @MeshInstance3D@50109 x1
PROF bake.name @MeshInstance3D@50108 x1
PROF bake.name @MeshInstance3D@50107 x1
PROF bake.collect ms=99 sources=16
PROF bake.commit ms=1
PROF bake.detail instances=88 surfaces=88 append_ms=98 material_ms=0
PROF bake.name StrawberryLeaf x4
PROF bake.name Berry x4
PROF bake.name BerrySeed x4
PROF bake.name @MeshInstance3D@50191 x1
PROF bake.name @MeshInstance3D@50190 x1
PROF bake.name @MeshInstance3D@50189 x1
PROF bake.name @MeshInstance3D@50188 x1
PROF bake.name @MeshInstance3D@50187 x1
PROF bake.name @MeshInstance3D@50186 x1
PROF bake.name @MeshInstance3D@50185 x1
PROF bake.name @MeshInstance3D@50184 x1
PROF bake.name @MeshInstance3D@50183 x1
PROF bake.name @MeshInstance3D@50182 x1
PROF bake.name @MeshInstance3D@50181 x1
PROF bake.name @MeshInstance3D@50180 x1
PROF bake.name @MeshInstance3D@50179 x1
PROF bake.name @MeshInstance3D@50178 x1
PROF bake.name @MeshInstance3D@50177 x1
PROF bake.name @MeshInstance3D@50176 x1
PROF bake.name @MeshInstance3D@50175 x1
PROF bake.name @MeshInstance3D@50174 x1
PROF bake.name @MeshInstance3D@50173 x1
PROF bake.name @MeshInstance3D@50211 x1
PROF bake.name @MeshInstance3D@50210 x1
PROF bake.name @MeshInstance3D@50209 x1
PROF bake.name @MeshInstance3D@50208 x1
PROF bake.name @MeshInstance3D@50207 x1
PROF bake.name @MeshInstance3D@50206 x1
PROF bake.name @MeshInstance3D@50205 x1
PROF bake.name @MeshInstance3D@50204 x1
PROF bake.name @MeshInstance3D@50203 x1
PROF bake.name @MeshInstance3D@50202 x1
PROF bake.name @MeshInstance3D@50201 x1
PROF bake.name @MeshInstance3D@50200 x1
PROF bake.name @MeshInstance3D@50199 x1
PROF bake.name @MeshInstance3D@50198 x1
PROF bake.name @MeshInstance3D@50197 x1
PROF bake.name @MeshInstance3D@50196 x1
PROF bake.name @MeshInstance3D@50195 x1
PROF bake.name @MeshInstance3D@50194 x1
PROF bake.collect ms=77 sources=16
PROF bake.commit ms=1
PROF bake.detail instances=88 surfaces=88 append_ms=76 material_ms=0
PROF bake.name StrawberryLeaf x4
PROF bake.name Berry x4
PROF bake.name BerrySeed x4
PROF bake.name @MeshInstance3D@50271 x1
PROF bake.name @MeshInstance3D@50270 x1
PROF bake.name @MeshInstance3D@50269 x1
PROF bake.name @MeshInstance3D@50268 x1
PROF bake.name @MeshInstance3D@50267 x1
PROF bake.name @MeshInstance3D@50266 x1
PROF bake.name @MeshInstance3D@50265 x1
PROF bake.name @MeshInstance3D@50264 x1
PROF bake.name @MeshInstance3D@50263 x1
PROF bake.name @MeshInstance3D@50262 x1
PROF bake.name @MeshInstance3D@50261 x1
PROF bake.name @MeshInstance3D@50260 x1
PROF bake.name @MeshInstance3D@50259 x1
PROF bake.name @MeshInstance3D@50258 x1
PROF bake.name @MeshInstance3D@50257 x1
PROF bake.name @MeshInstance3D@50256 x1
PROF bake.name @MeshInstance3D@50255 x1
PROF bake.name @MeshInstance3D@50254 x1
PROF bake.name @MeshInstance3D@50253 x1
PROF bake.name @MeshInstance3D@50291 x1
PROF bake.name @MeshInstance3D@50290 x1
PROF bake.name @MeshInstance3D@50289 x1
PROF bake.name @MeshInstance3D@50288 x1
PROF bake.name @MeshInstance3D@50287 x1
PROF bake.name @MeshInstance3D@50286 x1
PROF bake.name @MeshInstance3D@50285 x1
PROF bake.name @MeshInstance3D@50284 x1
PROF bake.name @MeshInstance3D@50283 x1
PROF bake.name @MeshInstance3D@50282 x1
PROF bake.name @MeshInstance3D@50281 x1
PROF bake.name @MeshInstance3D@50280 x1
PROF bake.name @MeshInstance3D@50279 x1
PROF bake.name @MeshInstance3D@50278 x1
PROF bake.name @MeshInstance3D@50277 x1
PROF bake.name @MeshInstance3D@50276 x1
PROF bake.name @MeshInstance3D@50275 x1
PROF bake.name @MeshInstance3D@50274 x1
PROF bake.collect ms=65 sources=16
PROF bake.commit ms=0
PROF bake.detail instances=88 surfaces=88 append_ms=64 material_ms=0
PROF bake.name StrawberryLeaf x4
PROF bake.name Berry x4
PROF bake.name BerrySeed x4
PROF bake.name @MeshInstance3D@50351 x1
PROF bake.name @MeshInstance3D@50350 x1
PROF bake.name @MeshInstance3D@50349 x1
PROF bake.name @MeshInstance3D@50348 x1
PROF bake.name @MeshInstance3D@50347 x1
PROF bake.name @MeshInstance3D@50346 x1
PROF bake.name @MeshInstance3D@50345 x1
PROF bake.name @MeshInstance3D@50344 x1
PROF bake.name @MeshInstance3D@50343 x1
PROF bake.name @MeshInstance3D@50342 x1
PROF bake.name @MeshInstance3D@50341 x1
PROF bake.name @MeshInstance3D@50340 x1
PROF bake.name @MeshInstance3D@50339 x1
PROF bake.name @MeshInstance3D@50338 x1
PROF bake.name @MeshInstance3D@50337 x1
PROF bake.name @MeshInstance3D@50336 x1
PROF bake.name @MeshInstance3D@50335 x1
PROF bake.name @MeshInstance3D@50334 x1
PROF bake.name @MeshInstance3D@50333 x1
PROF bake.name @MeshInstance3D@50371 x1
PROF bake.name @MeshInstance3D@50370 x1
PROF bake.name @MeshInstance3D@50369 x1
PROF bake.name @MeshInstance3D@50368 x1
PROF bake.name @MeshInstance3D@50367 x1
PROF bake.name @MeshInstance3D@50366 x1
PROF bake.name @MeshInstance3D@50365 x1
PROF bake.name @MeshInstance3D@50364 x1
PROF bake.name @MeshInstance3D@50363 x1
PROF bake.name @MeshInstance3D@50362 x1
PROF bake.name @MeshInstance3D@50361 x1
PROF bake.name @MeshInstance3D@50360 x1
PROF bake.name @MeshInstance3D@50359 x1
PROF bake.name @MeshInstance3D@50358 x1
PROF bake.name @MeshInstance3D@50357 x1
PROF bake.name @MeshInstance3D@50356 x1
PROF bake.name @MeshInstance3D@50355 x1
PROF bake.name @MeshInstance3D@50354 x1
GAME_READY
BOOT first frame ms=40809
BOOT next 4 frames ms=288
ERROR: Pages in use exist at exit in PagedAllocator: N33RendererSceneRenderImplementation22RenderForwardClustered32GeometryInstanceSurfaceDataCacheE
   at: ~PagedAllocator (./core/templates/paged_allocator.h:170)
ERROR: Pages in use exist at exit in PagedAllocator: N33RendererSceneRenderImplementation22RenderForwardClustered32GeometryInstanceForwardClusteredE
   at: ~PagedAllocator (./core/templates/paged_allocator.h:170)
ERROR: 22 shaders of type SceneForwardClusteredShaderRD were never freed
   at: ~ShaderRD (servers/rendering/renderer_rd/shader_rd.cpp:1236)
WARNING: Leaked instance dependency: Bug - did not call instance_notify_deleted when freeing.
   at: ~Dependency (servers/rendering/storage/utilities.cpp:56)
WARNING: Leaked instance dependency: Bug - did not call instance_notify_deleted when freeing.
   at: ~Dependency (servers/rendering/storage/utilities.cpp:56)
WARNING: Leaked instance dependency: Bug - did not call instance_notify_deleted when freeing.
   at: ~Dependency (servers/rendering/storage/utilities.cpp:56)
WARNING: Leaked instance dependency: Bug - did not call instance_notify_deleted when freeing.
   at: ~Dependency (servers/rendering/storage/utilities.cpp:56)
WARNING: Leaked instance dependency: Bug - did not call instance_notify_deleted when freeing.
   at: ~Dependency (servers/rendering/storage/utilities.cpp:56)
WARNING: Leaked instance dependency: Bug - did not call instance_notify_deleted when freeing.
   at: ~Dependency (servers/rendering/storage/utilities.cpp:56)
WARNING: Leaked instance dependency: Bug - did not call instance_notify_deleted when freeing.
   at: ~Dependency (servers/rendering/storage/utilities.cpp:56)
WARNING: Leaked instance dependency: Bug - did not call instance_notify_deleted when freeing.
   at: ~Dependency (servers/rendering/storage/utilities.cpp:56)
WARNING: Leaked instance dependency: Bug - did not call instance_notify_deleted when freeing.
   at: ~Dependency (servers/rendering/storage/utilities.cpp:56)
WARNING: Leaked instance dependency: Bug - did not call instance_notify_deleted when freeing.
   at: ~Dependency (servers/rendering/storage/utilities.cpp:56)
WARNING: Leaked instance dependency: Bug - did not call instance_notify_deleted when freeing.
   at: ~Dependency (servers/rendering/storage/utilities.cpp:56)
WARNING: Leaked instance dependency: Bug - did not call instance_notify_deleted when freeing.
   at: ~Dependency (servers/rendering/storage/utilities.cpp:56)
WARNING: Leaked instance dependency: Bug - did not call instance_notify_deleted when freeing.
   at: ~Dependency (servers/rendering/storage/utilities.cpp:56)
WARNING: Leaked instance dependency: Bug - did not call instance_notify_deleted when freeing.
   at: ~Dependency (servers/rendering/storage/utilities.cpp:56)
WARNING: Leaked instance dependency: Bug - did not call instance_notify_deleted when freeing.
   at: ~Dependency (servers/rendering/storage/utilities.cpp:56)
WARNING: Leaked instance dependency: Bug - did not call instance_notify_deleted when freeing.
   at: ~Dependency (servers/rendering/storage/utilities.cpp:56)
WARNING: Leaked instance dependency: Bug - did not call instance_notify_deleted when freeing.
   at: ~Dependency (servers/rendering/storage/utilities.cpp:56)
WARNING: Leaked instance dependency: Bug - did not call instance_notify_deleted when freeing.
   at: ~Dependency (servers/rendering/storage/utilities.cpp:56)
WARNING: Leaked instance dependency: Bug - did not call instance_notify_deleted when freeing.
   at: ~Dependency (servers/rendering/storage/utilities.cpp:56)
WARNING: Leaked instance dependency: Bug - did not call instance_notify_deleted when freeing.
   at: ~Dependency (servers/rendering/storage/utilities.cpp:56)
WARNING: Leaked instance dependency: Bug - did not call instance_notify_deleted when freeing.
   at: ~Dependency (servers/rendering/storage/utilities.cpp:56)
WARNING: Leaked instance dependency: Bug - did not call instance_notify_deleted when freeing.
   at: ~Dependency (servers/rendering/storage/utilities.cpp:56)
WARNING: Leaked instance dependency: Bug - did not call instance_notify_deleted when freeing.
   at: ~Dependency (servers/rendering/storage/utilities.cpp:56)
WARNING: Leaked instance dependency: Bug - did not call instance_notify_deleted when freeing.
   at: ~Dependency (servers/rendering/storage/utilities.cpp:56)
WARNING: Leaked instance dependency: Bug - did not call instance_notify_deleted when freeing.
   at: ~Dependency (servers/rendering/storage/utilities.cpp:56)
WARNING: Leaked instance dependency: Bug - did not call instance_notify_deleted when freeing.
   at: ~Dependency (servers/rendering/storage/utilities.cpp:56)
WARNING: Leaked instance dependency: Bug - did not call instance_notify_deleted when freeing.
   at: ~Dependency (servers/rendering/storage/utilities.cpp:56)
WARNING: Leaked instance dependency: Bug - did not call instance_notify_deleted when freeing.
   at: ~Dependency (servers/rendering/storage/utilities.cpp:56)
WARNING: Leaked instance dependency: Bug - did not call instance_notify_deleted when freeing.
   at: ~Dependency (servers/rendering/storage/utilities.cpp:56)
WARNING: Leaked instance dependency: Bug - did not call instance_notify_deleted when freeing.
   at: ~Dependency (servers/rendering/storage/utilities.cpp:56)
WARNING: Leaked instance dependency: Bug - did not call instance_notify_deleted when freeing.
   at: ~Dependency (servers/rendering/storage/utilities.cpp:56)
WARNING: Leaked instance dependency: Bug - did not call instance_notify_deleted when freeing.
   at: ~Dependency (servers/rendering/storage/utilities.cpp:56)
WARNING: Leaked instance dependency: Bug - did not call instance_notify_deleted when freeing.
   at: ~Dependency (servers/rendering/storage/utilities.cpp:56)
WARNING: Leaked instance dependency: Bug - did not call instance_notify_deleted when freeing.
   at: ~Dependency (servers/rendering/storage/utilities.cpp:56)
WARNING: Leaked instance dependency: Bug - did not call instance_notify_deleted when freeing.
   at: ~Dependency (servers/rendering/storage/utilities.cpp:56)
WARNING: Leaked instance dependency: Bug - did not call instance_notify_deleted when freeing.
   at: ~Dependency (servers/rendering/storage/utilities.cpp:56)
WARNING: Leaked instance dependency: Bug - did not call instance_notify_deleted when freeing.
   at: ~Dependency (servers/rendering/storage/utilities.cpp:56)
WARNING: Leaked instance dependency: Bug - did not call instance_notify_deleted when freeing.
   at: ~Dependency (servers/rendering/storage/utilities.cpp:56)
WARNING: Leaked instance dependency: Bug - did not call instance_notify_deleted when freeing.
   at: ~Dependency (servers/rendering/storage/utilities.cpp:56)
WARNING: Leaked instance dependency: Bug - did not call instance_notify_deleted when freeing.
   at: ~Dependency (servers/rendering/storage/utilities.cpp:56)
WARNING: Leaked instance dependency: Bug - did not call instance_notify_deleted when freeing.
   at: ~Dependency (servers/rendering/storage/utilities.cpp:56)
WARNING: Leaked instance dependency: Bug - did not call instance_notify_deleted when freeing.
   at: ~Dependency (servers/rendering/storage/utilities.cpp:56)
WARNING: Leaked instance dependency: Bug - did not call instance_notify_deleted when freeing.
   at: ~Dependency (servers/rendering/storage/utilities.cpp:56)
WARNING: Leaked instance dependency: Bug - did not call instance_notify_deleted when freeing.
   at: ~Dependency (servers/rendering/storage/utilities.cpp:56)
WARNING: Leaked instance dependency: Bug - did not call instance_notify_deleted when freeing.
   at: ~Dependency (servers/rendering/storage/utilities.cpp:56)
WARNING: Leaked instance dependency: Bug - did not call instance_notify_deleted when freeing.
   at: ~Dependency (servers/rendering/storage/utilities.cpp:56)
WARNING: Leaked instance dependency: Bug - did not call instance_notify_deleted when freeing.
   at: ~Dependency (servers/rendering/storage/utilities.cpp:56)
WARNING: Leaked instance dependency: Bug - did not call instance_notify_deleted when freeing.
   at: ~Dependency (servers/rendering/storage/utilities.cpp:56)
WARNING: Leaked instance dependency: Bug - did not call instance_notify_deleted when freeing.
   at: ~Dependency (servers/rendering/storage/utilities.cpp:56)
WARNING: Leaked instance dependency: Bug - did not call instance_notify_deleted when freeing.
   at: ~Dependency (servers/rendering/storage/utilities.cpp:56)
WARNING: Leaked instance dependency: Bug - did not call instance_notify_deleted when freeing.
   at: ~Dependency (servers/rendering/storage/utilities.cpp:56)
WARNING: Leaked instance dependency: Bug - did not call instance_notify_deleted when freeing.
   at: ~Dependency (servers/rendering/storage/utilities.cpp:56)
WARNING: Leaked instance dependency: Bug - did not call instance_notify_deleted when freeing.
   at: ~Dependency (servers/rendering/storage/utilities.cpp:56)
WARNING: Leaked instance dependency: Bug - did not call instance_notify_deleted when freeing.
   at: ~Dependency (servers/rendering/storage/utilities.cpp:56)
WARNING: Leaked instance dependency: Bug - did not call instance_notify_deleted when freeing.
   at: ~Dependency (servers/rendering/storage/utilities.cpp:56)
WARNING: Leaked instance dependency: Bug - did not call instance_notify_deleted when freeing.
   at: ~Dependency (servers/rendering/storage/utilities.cpp:56)
WARNING: Leaked instance dependency: Bug - did not call instance_notify_deleted when freeing.
   at: ~Dependency (servers/rendering/storage/utilities.cpp:56)
WARNING: Leaked instance dependency: Bug - did not call instance_notify_deleted when freeing.
   at: ~Dependency (servers/rendering/storage/utilities.cpp:56)
WARNING: Leaked instance dependency: Bug - did not call instance_notify_deleted when freeing.
   at: ~Dependency (servers/rendering/storage/utilities.cpp:56)
WARNING: Leaked instance dependency: Bug - did not call instance_notify_deleted when freeing.
   at: ~Dependency (servers/rendering/storage/utilities.cpp:56)
WARNING: Leaked instance dependency: Bug - did not call instance_notify_deleted when freeing.
   at: ~Dependency (servers/rendering/storage/utilities.cpp:56)
WARNING: Leaked instance dependency: Bug - did not call instance_notify_deleted when freeing.
   at: ~Dependency (servers/rendering/storage/utilities.cpp:56)
WARNING: Leaked instance dependency: Bug - did not call instance_notify_deleted when freeing.
   at: ~Dependency (servers/rendering/storage/utilities.cpp:56)
WARNING: Leaked instance dependency: Bug - did not call instance_notify_deleted when freeing.
   at: ~Dependency (servers/rendering/storage/utilities.cpp:56)
WARNING: Leaked instance dependency: Bug - did not call instance_notify_deleted when freeing.
   at: ~Dependency (servers/rendering/storage/utilities.cpp:56)
WARNING: Leaked instance dependency: Bug - did not call instance_notify_deleted when freeing.
   at: ~Dependency (servers/rendering/storage/utilities.cpp:56)
WARNING: Leaked instance dependency: Bug - did not call instance_notify_deleted when freeing.
   at: ~Dependency (servers/rendering/storage/utilities.cpp:56)
WARNING: Leaked instance dependency: Bug - did not call instance_notify_deleted when freeing.
   at: ~Dependency (servers/rendering/storage/utilities.cpp:56)
WARNING: Leaked instance dependency: Bug - did not call instance_notify_deleted when freeing.
   at: ~Dependency (servers/rendering/storage/utilities.cpp:56)
WARNING: Leaked instance dependency: Bug - did not call instance_notify_deleted when freeing.
   at: ~Dependency (servers/rendering/storage/utilities.cpp:56)
WARNING: Leaked instance dependency: Bug - did not call instance_notify_deleted when freeing.
   at: ~Dependency (servers/rendering/storage/utilities.cpp:56)
WARNING: Leaked instance dependency: Bug - did not call instance_notify_deleted when freeing.
   at: ~Dependency (servers/rendering/storage/utilities.cpp:56)
WARNING: Leaked instance dependency: Bug - did not call instance_notify_deleted when freeing.
   at: ~Dependency (servers/rendering/storage/utilities.cpp:56)
WARNING: Leaked instance dependency: Bug - did not call instance_notify_deleted when freeing.
   at: ~Dependency (servers/rendering/storage/utilities.cpp:56)
WARNING: Leaked instance dependency: Bug - did not call instance_notify_deleted when freeing.
   at: ~Dependency (servers/rendering/storage/utilities.cpp:56)
WARNING: Leaked instance dependency: Bug - did not call instance_notify_deleted when freeing.
   at: ~Dependency (servers/rendering/storage/utilities.cpp:56)
WARNING: Leaked instance dependency: Bug - did not call instance_notify_deleted when freeing.
   at: ~Dependency (servers/rendering/storage/utilities.cpp:56)
WARNING: Leaked instance dependency: Bug - did not call instance_notify_deleted when freeing.
   at: ~Dependency (servers/rendering/storage/utilities.cpp:56)
WARNING: Leaked instance dependency: Bug - did not call instance_notify_deleted when freeing.
   at: ~Dependency (servers/rendering/storage/utilities.cpp:56)
WARNING: Leaked instance dependency: Bug - did not call instance_notify_deleted when freeing.
   at: ~Dependency (servers/rendering/storage/utilities.cpp:56)
WARNING: Leaked instance dependency: Bug - did not call instance_notify_deleted when freeing.
   at: ~Dependency (servers/rendering/storage/utilities.cpp:56)
WARNING: Leaked instance dependency: Bug - did not call instance_notify_deleted when freeing.
   at: ~Dependency (servers/rendering/storage/utilities.cpp:56)
WARNING: Leaked instance dependency: Bug - did not call instance_notify_deleted when freeing.
   at: ~Dependency (servers/rendering/storage/utilities.cpp:56)
WARNING: Leaked instance dependency: Bug - did not call instance_notify_deleted when freeing.
   at: ~Dependency (servers/rendering/storage/utilities.cpp:56)
WARNING: Leaked instance dependency: Bug - did not call instance_notify_deleted when freeing.
   at: ~Dependency (servers/rendering/storage/utilities.cpp:56)
WARNING: Leaked instance dependency: Bug - did not call instance_notify_deleted when freeing.
   at: ~Dependency (servers/rendering/storage/utilities.cpp:56)
WARNING: Leaked instance dependency: Bug - did not call instance_notify_deleted when freeing.
   at: ~Dependency (servers/rendering/storage/utilities.cpp:56)
WARNING: Leaked instance dependency: Bug - did not call instance_notify_deleted when freeing.
   at: ~Dependency (servers/rendering/storage/utilities.cpp:56)
WARNING: Leaked instance dependency: Bug - did not call instance_notify_deleted when freeing.
   at: ~Dependency (servers/rendering/storage/utilities.cpp:56)
WARNING: Leaked instance dependency: Bug - did not call instance_notify_deleted when freeing.
   at: ~Dependency (servers/rendering/storage/utilities.cpp:56)
WARNING: Leaked instance dependency: Bug - did not call instance_notify_deleted when freeing.
   at: ~Dependency (servers/rendering/storage/utilities.cpp:56)
WARNING: Leaked instance dependency: Bug - did not call instance_notify_deleted when freeing.
   at: ~Dependency (servers/rendering/storage/utilities.cpp:56)
WARNING: Leaked instance dependency: Bug - did not call instance_notify_deleted when freeing.
   at: ~Dependency (servers/rendering/storage/utilities.cpp:56)
WARNING: Leaked instance dependency: Bug - did not call instance_notify_deleted when freeing.
   at: ~Dependency (servers/rendering/storage/utilities.cpp:56)
WARNING: Leaked instance dependency: Bug - did not call instance_notify_deleted when freeing.
   at: ~Dependency (servers/rendering/storage/utilities.cpp:56)
WARNING: Leaked instance dependency: Bug - did not call instance_notify_deleted when freeing.
   at: ~Dependency (servers/rendering/storage/utilities.cpp:56)
WARNING: Leaked instance dependency: Bug - did not call instance_notify_deleted when freeing.
   at: ~Dependency (servers/rendering/storage/utilities.cpp:56)
WARNING: Leaked instance dependency: Bug - did not call instance_notify_deleted when freeing.
   at: ~Dependency (servers/rendering/storage/utilities.cpp:56)
WARNING: Leaked instance dependency: Bug - did not call instance_notify_deleted when freeing.
   at: ~Dependency (servers/rendering/storage/utilities.cpp:56)
WARNING: Leaked instance dependency: Bug - did not call instance_notify_deleted when freeing.
   at: ~Dependency (servers/rendering/storage/utilities.cpp:56)
WARNING: Leaked instance dependency: Bug - did not call instance_notify_deleted when freeing.
   at: ~Dependency (servers/rendering/storage/utilities.cpp:56)
WARNING: Leaked instance dependency: Bug - did not call instance_notify_deleted when freeing.
   at: ~Dependency (servers/rendering/storage/utilities.cpp:56)
WARNING: Leaked instance dependency: Bug - did not call instance_notify_deleted when freeing.
   at: ~Dependency (servers/rendering/storage/utilities.cpp:56)
WARNING: Leaked instance dependency: Bug - did not call instance_notify_deleted when freeing.
   at: ~Dependency (servers/rendering/storage/utilities.cpp:56)
WARNING: Leaked instance dependency: Bug - did not call instance_notify_deleted when freeing.
   at: ~Dependency (servers/rendering/storage/utilities.cpp:56)
WARNING: Leaked instance dependency: Bug - did not call instance_notify_deleted when freeing.
   at: ~Dependency (servers/rendering/storage/utilities.cpp:56)
WARNING: Leaked instance dependency: Bug - did not call instance_notify_deleted when freeing.
   at: ~Dependency (servers/rendering/storage/utilities.cpp:56)
WARNING: Leaked instance dependency: Bug - did not call instance_notify_deleted when freeing.
   at: ~Dependency (servers/rendering/storage/utilities.cpp:56)
WARNING: Leaked instance dependency: Bug - did not call instance_notify_deleted when freeing.
   at: ~Dependency (servers/rendering/storage/utilities.cpp:56)
WARNING: Leaked instance dependency: Bug - did not call instance_notify_deleted when freeing.
   at: ~Dependency (servers/rendering/storage/utilities.cpp:56)
WARNING: Leaked instance dependency: Bug - did not call instance_notify_deleted when freeing.
   at: ~Dependency (servers/rendering/storage/utilities.cpp:56)
WARNING: Leaked instance dependency: Bug - did not call instance_notify_deleted when freeing.
   at: ~Dependency (servers/rendering/storage/utilities.cpp:56)
WARNING: Leaked instance dependency: Bug - did not call instance_notify_deleted when freeing.
   at: ~Dependency (servers/rendering/storage/utilities.cpp:56)
WARNING: Leaked instance dependency: Bug - did not call instance_notify_deleted when freeing.
   at: ~Dependency (servers/rendering/storage/utilities.cpp:56)
WARNING: Leaked instance dependency: Bug - did not call instance_notify_deleted when freeing.
   at: ~Dependency (servers/rendering/storage/utilities.cpp:56)
WARNING: Leaked instance dependency: Bug - did not call instance_notify_deleted when freeing.
   at: ~Dependency (servers/rendering/storage/utilities.cpp:56)
WARNING: Leaked instance dependency: Bug - did not call instance_notify_deleted when freeing.
   at: ~Dependency (servers/rendering/storage/utilities.cpp:56)
WARNING: Leaked instance dependency: Bug - did not call instance_notify_deleted when freeing.
   at: ~Dependency (servers/rendering/storage/utilities.cpp:56)
WARNING: Leaked instance dependency: Bug - did not call instance_notify_deleted when freeing.
   at: ~Dependency (servers/rendering/storage/utilities.cpp:56)
WARNING: Leaked instance dependency: Bug - did not call instance_notify_deleted when freeing.
   at: ~Dependency (servers/rendering/storage/utilities.cpp:56)
WARNING: Leaked instance dependency: Bug - did not call instance_notify_deleted when freeing.
   at: ~Dependency (servers/rendering/storage/utilities.cpp:56)
WARNING: Leaked instance dependency: Bug - did not call instance_notify_deleted when freeing.
   at: ~Dependency (servers/rendering/storage/utilities.cpp:56)
WARNING: Leaked instance dependency: Bug - did not call instance_notify_deleted when freeing.
   at: ~Dependency (servers/rendering/storage/utilities.cpp:56)
WARNING: Leaked instance dependency: Bug - did not call instance_notify_deleted when freeing.
   at: ~Dependency (servers/rendering/storage/utilities.cpp:56)
WARNING: Leaked instance dependency: Bug - did not call instance_notify_deleted when freeing.
   at: ~Dependency (servers/rendering/storage/utilities.cpp:56)
WARNING: Leaked instance dependency: Bug - did not call instance_notify_deleted when freeing.
   at: ~Dependency (servers/rendering/storage/utilities.cpp:56)
WARNING: Leaked instance dependency: Bug - did not call instance_notify_deleted when freeing.
   at: ~Dependency (servers/rendering/storage/utilities.cpp:56)
WARNING: Leaked instance dependency: Bug - did not call instance_notify_deleted when freeing.
   at: ~Dependency (servers/rendering/storage/utilities.cpp:56)
WARNING: Leaked instance dependency: Bug - did not call instance_notify_deleted when freeing.
   at: ~Dependency (servers/rendering/storage/utilities.cpp:56)
WARNING: Leaked instance dependency: Bug - did not call instance_notify_deleted when freeing.
   at: ~Dependency (servers/rendering/storage/utilities.cpp:56)
WARNING: Leaked instance dependency: Bug - did not call instance_notify_deleted when freeing.
   at: ~Dependency (servers/rendering/storage/utilities.cpp:56)
WARNING: Leaked instance dependency: Bug - did not call instance_notify_deleted when freeing.
   at: ~Dependency (servers/rendering/storage/utilities.cpp:56)
WARNING: Leaked instance dependency: Bug - did not call instance_notify_deleted when freeing.
   at: ~Dependency (servers/rendering/storage/utilities.cpp:56)
WARNING: Leaked instance dependency: Bug - did not call instance_notify_deleted when freeing.
   at: ~Dependency (servers/rendering/storage/utilities.cpp:56)
WARNING: Leaked instance dependency: Bug - did not call instance_notify_deleted when freeing.
   at: ~Dependency (servers/rendering/storage/utilities.cpp:56)
WARNING: Leaked instance dependency: Bug - did not call instance_notify_deleted when freeing.
   at: ~Dependency (servers/rendering/storage/utilities.cpp:56)
WARNING: Leaked instance dependency: Bug - did not call instance_notify_deleted when freeing.
   at: ~Dependency (servers/rendering/storage/utilities.cpp:56)
WARNING: Leaked instance dependency: Bug - did not call instance_notify_deleted when freeing.
   at: ~Dependency (servers/rendering/storage/utilities.cpp:56)
WARNING: Leaked instance dependency: Bug - did not call instance_notify_deleted when freeing.
   at: ~Dependency (servers/rendering/storage/utilities.cpp:56)
WARNING: Leaked instance dependency: Bug - did not call instance_notify_deleted when freeing.
   at: ~Dependency (servers/rendering/storage/utilities.cpp:56)
WARNING: Leaked instance dependency: Bug - did not call instance_notify_deleted when freeing.
   at: ~Dependency (servers/rendering/storage/utilities.cpp:56)
WARNING: Leaked instance dependency: Bug - did not call instance_notify_deleted when freeing.
   at: ~Dependency (servers/rendering/storage/utilities.cpp:56)
WARNING: Leaked instance dependency: Bug - did not call instance_notify_deleted when freeing.
   at: ~Dependency (servers/rendering/storage/utilities.cpp:56)
WARNING: Leaked instance dependency: Bug - did not call instance_notify_deleted when freeing.
   at: ~Dependency (servers/rendering/storage/utilities.cpp:56)
WARNING: Leaked instance dependency: Bug - did not call instance_notify_deleted when freeing.
   at: ~Dependency (servers/rendering/storage/utilities.cpp:56)
WARNING: Leaked instance dependency: Bug - did not call instance_notify_deleted when freeing.
   at: ~Dependency (servers/rendering/storage/utilities.cpp:56)
WARNING: Leaked instance dependency: Bug - did not call instance_notify_deleted when freeing.
   at: ~Dependency (servers/rendering/storage/utilities.cpp:56)
WARNING: Leaked instance dependency: Bug - did not call instance_notify_deleted when freeing.
   at: ~Dependency (servers/rendering/storage/utilities.cpp:56)
WARNING: Leaked instance dependency: Bug - did not call instance_notify_deleted when freeing.
   at: ~Dependency (servers/rendering/storage/utilities.cpp:56)
WARNING: Leaked instance dependency: Bug - did not call instance_notify_deleted when freeing.
   at: ~Dependency (servers/rendering/storage/utilities.cpp:56)
WARNING: Leaked instance dependency: Bug - did not call instance_notify_deleted when freeing.
   at: ~Dependency (servers/rendering/storage/utilities.cpp:56)
WARNING: Leaked instance dependency: Bug - did not call instance_notify_deleted when freeing.
   at: ~Dependency (servers/rendering/storage/utilities.cpp:56)
WARNING: Leaked instance dependency: Bug - did not call instance_notify_deleted when freeing.
   at: ~Dependency (servers/rendering/storage/utilities.cpp:56)
WARNING: Leaked instance dependency: Bug - did not call instance_notify_deleted when freeing.
   at: ~Dependency (servers/rendering/storage/utilities.cpp:56)
WARNING: Leaked instance dependency: Bug - did not call instance_notify_deleted when freeing.
   at: ~Dependency (servers/rendering/storage/utilities.cpp:56)
WARNING: Leaked instance dependency: Bug - did not call instance_notify_deleted when freeing.
   at: ~Dependency (servers/rendering/storage/utilities.cpp:56)
WARNING: Leaked instance dependency: Bug - did not call instance_notify_deleted when freeing.
   at: ~Dependency (servers/rendering/storage/utilities.cpp:56)
WARNING: Leaked instance dependency: Bug - did not call instance_notify_deleted when freeing.
   at: ~Dependency (servers/rendering/storage/utilities.cpp:56)
WARNING: Leaked instance dependency: Bug - did not call instance_notify_deleted when freeing.
   at: ~Dependency (servers/rendering/storage/utilities.cpp:56)
WARNING: Leaked instance dependency: Bug - did not call instance_notify_deleted when freeing.
   at: ~Dependency (servers/rendering/storage/utilities.cpp:56)
WARNING: Leaked instance dependency: Bug - did not call instance_notify_deleted when freeing.
   at: ~Dependency (servers/rendering/storage/utilities.cpp:56)
WARNING: Leaked instance dependency: Bug - did not call instance_notify_deleted when freeing.
   at: ~Dependency (servers/rendering/storage/utilities.cpp:56)
WARNING: Leaked instance dependency: Bug - did not call instance_notify_deleted when freeing.
   at: ~Dependency (servers/rendering/storage/utilities.cpp:56)
WARNING: Leaked instance dependency: Bug - did not call instance_notify_deleted when freeing.
   at: ~Dependency (servers/rendering/storage/utilities.cpp:56)
WARNING: Leaked instance dependency: Bug - did not call instance_notify_deleted when freeing.
   at: ~Dependency (servers/rendering/storage/utilities.cpp:56)
WARNING: Leaked instance dependency: Bug - did not call instance_notify_deleted when freeing.
   at: ~Dependency (servers/rendering/storage/utilities.cpp:56)
WARNING: Leaked instance dependency: Bug - did not call instance_notify_deleted when freeing.
   at: ~Dependency (servers/rendering/storage/utilities.cpp:56)
WARNING: Leaked instance dependency: Bug - did not call instance_notify_deleted when freeing.
   at: ~Dependency (servers/rendering/storage/utilities.cpp:56)
WARNING: Leaked instance dependency: Bug - did not call instance_notify_deleted when freeing.
   at: ~Dependency (servers/rendering/storage/utilities.cpp:56)
WARNING: Leaked instance dependency: Bug - did not call instance_notify_deleted when freeing.
   at: ~Dependency (servers/rendering/storage/utilities.cpp:56)
WARNING: Leaked instance dependency: Bug - did not call instance_notify_deleted when freeing.
   at: ~Dependency (servers/rendering/storage/utilities.cpp:56)
WARNING: Leaked instance dependency: Bug - did not call instance_notify_deleted when freeing.
   at: ~Dependency (servers/rendering/storage/utilities.cpp:56)
WARNING: Leaked instance dependency: Bug - did not call instance_notify_deleted when freeing.
   at: ~Dependency (servers/rendering/storage/utilities.cpp:56)
WARNING: Leaked instance dependency: Bug - did not call instance_notify_deleted when freeing.
   at: ~Dependency (servers/rendering/storage/utilities.cpp:56)
WARNING: Leaked instance dependency: Bug - did not call instance_notify_deleted when freeing.
   at: ~Dependency (servers/rendering/storage/utilities.cpp:56)
WARNING: Leaked instance dependency: Bug - did not call instance_notify_deleted when freeing.
   at: ~Dependency (servers/rendering/storage/utilities.cpp:56)
WARNING: Leaked instance dependency: Bug - did not call instance_notify_deleted when freeing.
   at: ~Dependency (servers/rendering/storage/utilities.cpp:56)
WARNING: Leaked instance dependency: Bug - did not call instance_notify_deleted when freeing.
   at: ~Dependency (servers/rendering/storage/utilities.cpp:56)
WARNING: Leaked instance dependency: Bug - did not call instance_notify_deleted when freeing.
   at: ~Dependency (servers/rendering/storage/utilities.cpp:56)
WARNING: Leaked instance dependency: Bug - did not call instance_notify_deleted when freeing.
   at: ~Dependency (servers/rendering/storage/utilities.cpp:56)
WARNING: Leaked instance dependency: Bug - did not call instance_notify_deleted when freeing.
   at: ~Dependency (servers/rendering/storage/utilities.cpp:56)
WARNING: Leaked instance dependency: Bug - did not call instance_notify_deleted when freeing.
   at: ~Dependency (servers/rendering/storage/utilities.cpp:56)
WARNING: Leaked instance dependency: Bug - did not call instance_notify_deleted when freeing.
   at: ~Dependency (servers/rendering/storage/utilities.cpp:56)
WARNING: Leaked instance dependency: Bug - did not call instance_notify_deleted when freeing.
   at: ~Dependency (servers/rendering/storage/utilities.cpp:56)
WARNING: Leaked instance dependency: Bug - did not call instance_notify_deleted when freeing.
   at: ~Dependency (servers/rendering/storage/utilities.cpp:56)
WARNING: Leaked instance dependency: Bug - did not call instance_notify_deleted when freeing.
   at: ~Dependency (servers/rendering/storage/utilities.cpp:56)
WARNING: Leaked instance dependency: Bug - did not call instance_notify_deleted when freeing.
   at: ~Dependency (servers/rendering/storage/utilities.cpp:56)
WARNING: Leaked instance dependency: Bug - did not call instance_notify_deleted when freeing.
   at: ~Dependency (servers/rendering/storage/utilities.cpp:56)
WARNING: Leaked instance dependency: Bug - did not call instance_notify_deleted when freeing.
   at: ~Dependency (servers/rendering/storage/utilities.cpp:56)
WARNING: Leaked instance dependency: Bug - did not call instance_notify_deleted when freeing.
   at: ~Dependency (servers/rendering/storage/utilities.cpp:56)
WARNING: Leaked instance dependency: Bug - did not call instance_notify_deleted when freeing.
   at: ~Dependency (servers/rendering/storage/utilities.cpp:56)
WARNING: Leaked instance dependency: Bug - did not call instance_notify_deleted when freeing.
   at: ~Dependency (servers/rendering/storage/utilities.cpp:56)
WARNING: Leaked instance dependency: Bug - did not call instance_notify_deleted when freeing.
   at: ~Dependency (servers/rendering/storage/utilities.cpp:56)
WARNING: Leaked instance dependency: Bug - did not call instance_notify_deleted when freeing.
   at: ~Dependency (servers/rendering/storage/utilities.cpp:56)
WARNING: Leaked instance dependency: Bug - did not call instance_notify_deleted when freeing.
   at: ~Dependency (servers/rendering/storage/utilities.cpp:56)
WARNING: Leaked instance dependency: Bug - did not call instance_notify_deleted when freeing.
   at: ~Dependency (servers/rendering/storage/utilities.cpp:56)
WARNING: Leaked instance dependency: Bug - did not call instance_notify_deleted when freeing.
   at: ~Dependency (servers/rendering/storage/utilities.cpp:56)
WARNING: Leaked instance dependency: Bug - did not call instance_notify_deleted when freeing.
   at: ~Dependency (servers/rendering/storage/utilities.cpp:56)
WARNING: Leaked instance dependency: Bug - did not call instance_notify_deleted when freeing.
   at: ~Dependency (servers/rendering/storage/utilities.cpp:56)
WARNING: Leaked instance dependency: Bug - did not call instance_notify_deleted when freeing.
   at: ~Dependency (servers/rendering/storage/utilities.cpp:56)
WARNING: Leaked instance dependency: Bug - did not call instance_notify_deleted when freeing.
   at: ~Dependency (servers/rendering/storage/utilities.cpp:56)
WARNING: Leaked instance dependency: Bug - did not call instance_notify_deleted when freeing.
   at: ~Dependency (servers/rendering/storage/utilities.cpp:56)
WARNING: Leaked instance dependency: Bug - did not call instance_notify_deleted when freeing.
   at: ~Dependency (servers/rendering/storage/utilities.cpp:56)
WARNING: Leaked instance dependency: Bug - did not call instance_notify_deleted when freeing.
   at: ~Dependency (servers/rendering/storage/utilities.cpp:56)
WARNING: Leaked instance dependency: Bug - did not call instance_notify_deleted when freeing.
   at: ~Dependency (servers/rendering/storage/utilities.cpp:56)
WARNING: Leaked instance dependency: Bug - did not call instance_notify_deleted when freeing.
   at: ~Dependency (servers/rendering/storage/utilities.cpp:56)
WARNING: Leaked instance dependency: Bug - did not call instance_notify_deleted when freeing.
   at: ~Dependency (servers/rendering/storage/utilities.cpp:56)
WARNING: Leaked instance dependency: Bug - did not call instance_notify_deleted when freeing.
   at: ~Dependency (servers/rendering/storage/utilities.cpp:56)
WARNING: Leaked instance dependency: Bug - did not call instance_notify_deleted when freeing.
   at: ~Dependency (servers/rendering/storage/utilities.cpp:56)
WARNING: Leaked instance dependency: Bug - did not call instance_notify_deleted when freeing.
   at: ~Dependency (servers/rendering/storage/utilities.cpp:56)
WARNING: Leaked instance dependency: Bug - did not call instance_notify_deleted when freeing.
   at: ~Dependency (servers/rendering/storage/utilities.cpp:56)
WARNING: Leaked instance dependency: Bug - did not call instance_notify_deleted when freeing.
   at: ~Dependency (servers/rendering/storage/utilities.cpp:56)
WARNING: Leaked instance dependency: Bug - did not call instance_notify_deleted when freeing.
   at: ~Dependency (servers/rendering/storage/utilities.cpp:56)
WARNING: Leaked instance dependency: Bug - did not call instance_notify_deleted when freeing.
   at: ~Dependency (servers/rendering/storage/utilities.cpp:56)
WARNING: Leaked instance dependency: Bug - did not call instance_notify_deleted when freeing.
   at: ~Dependency (servers/rendering/storage/utilities.cpp:56)
WARNING: Leaked instance dependency: Bug - did not call instance_notify_deleted when freeing.
   at: ~Dependency (servers/rendering/storage/utilities.cpp:56)
WARNING: Leaked instance dependency: Bug - did not call instance_notify_deleted when freeing.
   at: ~Dependency (servers/rendering/storage/utilities.cpp:56)
WARNING: Leaked instance dependency: Bug - did not call instance_notify_deleted when freeing.
   at: ~Dependency (servers/rendering/storage/utilities.cpp:56)
WARNING: Leaked instance dependency: Bug - did not call instance_notify_deleted when freeing.
   at: ~Dependency (servers/rendering/storage/utilities.cpp:56)
WARNING: Leaked instance dependency: Bug - did not call instance_notify_deleted when freeing.
   at: ~Dependency (servers/rendering/storage/utilities.cpp:56)
WARNING: Leaked instance dependency: Bug - did not call instance_notify_deleted when freeing.
   at: ~Dependency (servers/rendering/storage/utilities.cpp:56)
WARNING: Leaked instance dependency: Bug - did not call instance_notify_deleted when freeing.
   at: ~Dependency (servers/rendering/storage/utilities.cpp:56)
WARNING: Leaked instance dependency: Bug - did not call instance_notify_deleted when freeing.
   at: ~Dependency (servers/rendering/storage/utilities.cpp:56)
WARNING: Leaked instance dependency: Bug - did not call instance_notify_deleted when freeing.
   at: ~Dependency (servers/rendering/storage/utilities.cpp:56)
WARNING: Leaked instance dependency: Bug - did not call instance_notify_deleted when freeing.
   at: ~Dependency (servers/rendering/storage/utilities.cpp:56)
WARNING: Leaked instance dependency: Bug - did not call instance_notify_deleted when freeing.
   at: ~Dependency (servers/rendering/storage/utilities.cpp:56)
WARNING: Leaked instance dependency: Bug - did not call instance_notify_deleted when freeing.
   at: ~Dependency (servers/rendering/storage/utilities.cpp:56)
WARNING: Leaked instance dependency: Bug - did not call instance_notify_deleted when freeing.
   at: ~Dependency (servers/rendering/storage/utilities.cpp:56)
WARNING: Leaked instance dependency: Bug - did not call instance_notify_deleted when freeing.
   at: ~Dependency (servers/rendering/storage/utilities.cpp:56)
WARNING: Leaked instance dependency: Bug - did not call instance_notify_deleted when freeing.
   at: ~Dependency (servers/rendering/storage/utilities.cpp:56)
WARNING: Leaked instance dependency: Bug - did not call instance_notify_deleted when freeing.
   at: ~Dependency (servers/rendering/storage/utilities.cpp:56)
WARNING: Leaked instance dependency: Bug - did not call instance_notify_deleted when freeing.
   at: ~Dependency (servers/rendering/storage/utilities.cpp:56)
WARNING: Leaked instance dependency: Bug - did not call instance_notify_deleted when freeing.
   at: ~Dependency (servers/rendering/storage/utilities.cpp:56)
WARNING: Leaked instance dependency: Bug - did not call instance_notify_deleted when freeing.
   at: ~Dependency (servers/rendering/storage/utilities.cpp:56)
WARNING: Leaked instance dependency: Bug - did not call instance_notify_deleted when freeing.
   at: ~Dependency (servers/rendering/storage/utilities.cpp:56)
WARNING: Leaked instance dependency: Bug - did not call instance_notify_deleted when freeing.
   at: ~Dependency (servers/rendering/storage/utilities.cpp:56)
WARNING: Leaked instance dependency: Bug - did not call instance_notify_deleted when freeing.
   at: ~Dependency (servers/rendering/storage/utilities.cpp:56)
WARNING: Leaked instance dependency: Bug - did not call instance_notify_deleted when freeing.
   at: ~Dependency (servers/rendering/storage/utilities.cpp:56)
WARNING: Leaked instance dependency: Bug - did not call instance_notify_deleted when freeing.
   at: ~Dependency (servers/rendering/storage/utilities.cpp:56)
WARNING: Leaked instance dependency: Bug - did not call instance_notify_deleted when freeing.
   at: ~Dependency (servers/rendering/storage/utilities.cpp:56)
WARNING: Leaked instance dependency: Bug - did not call instance_notify_deleted when freeing.
   at: ~Dependency (servers/rendering/storage/utilities.cpp:56)
WARNING: Leaked instance dependency: Bug - did not call instance_notify_deleted when freeing.
   at: ~Dependency (servers/rendering/storage/utilities.cpp:56)
WARNING: Leaked instance dependency: Bug - did not call instance_notify_deleted when freeing.
   at: ~Dependency (servers/rendering/storage/utilities.cpp:56)
WARNING: Leaked instance dependency: Bug - did not call instance_notify_deleted when freeing.
   at: ~Dependency (servers/rendering/storage/utilities.cpp:56)
WARNING: Leaked instance dependency: Bug - did not call instance_notify_deleted when freeing.
   at: ~Dependency (servers/rendering/storage/utilities.cpp:56)
WARNING: Leaked instance dependency: Bug - did not call instance_notify_deleted when freeing.
   at: ~Dependency (servers/rendering/storage/utilities.cpp:56)
WARNING: Leaked instance dependency: Bug - did not call instance_notify_deleted when freeing.
   at: ~Dependency (servers/rendering/storage/utilities.cpp:56)
WARNING: Leaked instance dependency: Bug - did not call instance_notify_deleted when freeing.
   at: ~Dependency (servers/rendering/storage/utilities.cpp:56)
WARNING: Leaked instance dependency: Bug - did not call instance_notify_deleted when freeing.
   at: ~Dependency (servers/rendering/storage/utilities.cpp:56)
WARNING: Leaked instance dependency: Bug - did not call instance_notify_deleted when freeing.
   at: ~Dependency (servers/rendering/storage/utilities.cpp:56)
WARNING: Leaked instance dependency: Bug - did not call instance_notify_deleted when freeing.
   at: ~Dependency (servers/rendering/storage/utilities.cpp:56)
WARNING: Leaked instance dependency: Bug - did not call instance_notify_deleted when freeing.
   at: ~Dependency (servers/rendering/storage/utilities.cpp:56)
WARNING: Leaked instance dependency: Bug - did not call instance_notify_deleted when freeing.
   at: ~Dependency (servers/rendering/storage/utilities.cpp:56)
WARNING: Leaked instance dependency: Bug - did not call instance_notify_deleted when freeing.
   at: ~Dependency (servers/rendering/storage/utilities.cpp:56)
WARNING: Leaked instance dependency: Bug - did not call instance_notify_deleted when freeing.
   at: ~Dependency (servers/rendering/storage/utilities.cpp:56)
WARNING: Leaked instance dependency: Bug - did not call instance_notify_deleted when freeing.
   at: ~Dependency (servers/rendering/storage/utilities.cpp:56)
WARNING: Leaked instance dependency: Bug - did not call instance_notify_deleted when freeing.
   at: ~Dependency (servers/rendering/storage/utilities.cpp:56)
WARNING: Leaked instance dependency: Bug - did not call instance_notify_deleted when freeing.
   at: ~Dependency (servers/rendering/storage/utilities.cpp:56)
WARNING: Leaked instance dependency: Bug - did not call instance_notify_deleted when freeing.
   at: ~Dependency (servers/rendering/storage/utilities.cpp:56)
WARNING: Leaked instance dependency: Bug - did not call instance_notify_deleted when freeing.
   at: ~Dependency (servers/rendering/storage/utilities.cpp:56)
WARNING: Leaked instance dependency: Bug - did not call instance_notify_deleted when freeing.
   at: ~Dependency (servers/rendering/storage/utilities.cpp:56)
WARNING: Leaked instance dependency: Bug - did not call instance_notify_deleted when freeing.
   at: ~Dependency (servers/rendering/storage/utilities.cpp:56)
WARNING: Leaked instance dependency: Bug - did not call instance_notify_deleted when freeing.
   at: ~Dependency (servers/rendering/storage/utilities.cpp:56)
WARNING: Leaked instance dependency: Bug - did not call instance_notify_deleted when freeing.
   at: ~Dependency (servers/rendering/storage/utilities.cpp:56)
WARNING: Leaked instance dependency: Bug - did not call instance_notify_deleted when freeing.
   at: ~Dependency (servers/rendering/storage/utilities.cpp:56)
WARNING: Leaked instance dependency: Bug - did not call instance_notify_deleted when freeing.
   at: ~Dependency (servers/rendering/storage/utilities.cpp:56)
WARNING: Leaked instance dependency: Bug - did not call instance_notify_deleted when freeing.
   at: ~Dependency (servers/rendering/storage/utilities.cpp:56)
WARNING: Leaked instance dependency: Bug - did not call instance_notify_deleted when freeing.
   at: ~Dependency (servers/rendering/storage/utilities.cpp:56)
WARNING: Leaked instance dependency: Bug - did not call instance_notify_deleted when freeing.
   at: ~Dependency (servers/rendering/storage/utilities.cpp:56)
WARNING: Leaked instance dependency: Bug - did not call instance_notify_deleted when freeing.
   at: ~Dependency (servers/rendering/storage/utilities.cpp:56)
WARNING: Leaked instance dependency: Bug - did not call instance_notify_deleted when freeing.
   at: ~Dependency (servers/rendering/storage/utilities.cpp:56)
WARNING: Leaked instance dependency: Bug - did not call instance_notify_deleted when freeing.
   at: ~Dependency (servers/rendering/storage/utilities.cpp:56)
WARNING: Leaked instance dependency: Bug - did not call instance_notify_deleted when freeing.
   at: ~Dependency (servers/rendering/storage/utilities.cpp:56)
WARNING: Leaked instance dependency: Bug - did not call instance_notify_deleted when freeing.
   at: ~Dependency (servers/rendering/storage/utilities.cpp:56)
WARNING: Leaked instance dependency: Bug - did not call instance_notify_deleted when freeing.
   at: ~Dependency (servers/rendering/storage/utilities.cpp:56)
WARNING: Leaked instance dependency: Bug - did not call instance_notify_deleted when freeing.
   at: ~Dependency (servers/rendering/storage/utilities.cpp:56)
WARNING: Leaked instance dependency: Bug - did not call instance_notify_deleted when freeing.
   at: ~Dependency (servers/rendering/storage/utilities.cpp:56)
WARNING: Leaked instance dependency: Bug - did not call instance_notify_deleted when freeing.
   at: ~Dependency (servers/rendering/storage/utilities.cpp:56)
WARNING: Leaked instance dependency: Bug - did not call instance_notify_deleted when freeing.
   at: ~Dependency (servers/rendering/storage/utilities.cpp:56)
WARNING: Leaked instance dependency: Bug - did not call instance_notify_deleted when freeing.
   at: ~Dependency (servers/rendering/storage/utilities.cpp:56)
WARNING: Leaked instance dependency: Bug - did not call instance_notify_deleted when freeing.
   at: ~Dependency (servers/rendering/storage/utilities.cpp:56)
WARNING: Leaked instance dependency: Bug - did not call instance_notify_deleted when freeing.
   at: ~Dependency (servers/rendering/storage/utilities.cpp:56)
WARNING: Leaked instance dependency: Bug - did not call instance_notify_deleted when freeing.
   at: ~Dependency (servers/rendering/storage/utilities.cpp:56)
WARNING: Leaked instance dependency: Bug - did not call instance_notify_deleted when freeing.
   at: ~Dependency (servers/rendering/storage/utilities.cpp:56)
WARNING: Leaked instance dependency: Bug - did not call instance_notify_deleted when freeing.
   at: ~Dependency (servers/rendering/storage/utilities.cpp:56)
WARNING: Leaked instance dependency: Bug - did not call instance_notify_deleted when freeing.
   at: ~Dependency (servers/rendering/storage/utilities.cpp:56)
WARNING: Leaked instance dependency: Bug - did not call instance_notify_deleted when freeing.
   at: ~Dependency (servers/rendering/storage/utilities.cpp:56)
WARNING: Leaked instance dependency: Bug - did not call instance_notify_deleted when freeing.
   at: ~Dependency (servers/rendering/storage/utilities.cpp:56)
WARNING: Leaked instance dependency: Bug - did not call instance_notify_deleted when freeing.
   at: ~Dependency (servers/rendering/storage/utilities.cpp:56)
WARNING: Leaked instance dependency: Bug - did not call instance_notify_deleted when freeing.
   at: ~Dependency (servers/rendering/storage/utilities.cpp:56)
WARNING: Leaked instance dependency: Bug - did not call instance_notify_deleted when freeing.
   at: ~Dependency (servers/rendering/storage/utilities.cpp:56)
WARNING: Leaked instance dependency: Bug - did not call instance_notify_deleted when freeing.
   at: ~Dependency (servers/rendering/storage/utilities.cpp:56)
WARNING: Leaked instance dependency: Bug - did not call instance_notify_deleted when freeing.
   at: ~Dependency (servers/rendering/storage/utilities.cpp:56)
WARNING: Leaked instance dependency: Bug - did not call instance_notify_deleted when freeing.
   at: ~Dependency (servers/rendering/storage/utilities.cpp:56)
WARNING: Leaked instance dependency: Bug - did not call instance_notify_deleted when freeing.
   at: ~Dependency (servers/rendering/storage/utilities.cpp:56)
WARNING: Leaked instance dependency: Bug - did not call instance_notify_deleted when freeing.
   at: ~Dependency (servers/rendering/storage/utilities.cpp:56)
WARNING: Leaked instance dependency: Bug - did not call instance_notify_deleted when freeing.
   at: ~Dependency (servers/rendering/storage/utilities.cpp:56)
WARNING: Leaked instance dependency: Bug - did not call instance_notify_deleted when freeing.
   at: ~Dependency (servers/rendering/storage/utilities.cpp:56)
WARNING: Leaked instance dependency: Bug - did not call instance_notify_deleted when freeing.
   at: ~Dependency (servers/rendering/storage/utilities.cpp:56)
WARNING: Leaked instance dependency: Bug - did not call instance_notify_deleted when freeing.
   at: ~Dependency (servers/rendering/storage/utilities.cpp:56)
WARNING: Leaked instance dependency: Bug - did not call instance_notify_deleted when freeing.
   at: ~Dependency (servers/rendering/storage/utilities.cpp:56)
WARNING: Leaked instance dependency: Bug - did not call instance_notify_deleted when freeing.
   at: ~Dependency (servers/rendering/storage/utilities.cpp:56)
WARNING: Leaked instance dependency: Bug - did not call instance_notify_deleted when freeing.
   at: ~Dependency (servers/rendering/storage/utilities.cpp:56)
WARNING: Leaked instance dependency: Bug - did not call instance_notify_deleted when freeing.
   at: ~Dependency (servers/rendering/storage/utilities.cpp:56)
WARNING: Leaked instance dependency: Bug - did not call instance_notify_deleted when freeing.
   at: ~Dependency (servers/rendering/storage/utilities.cpp:56)
WARNING: Leaked instance dependency: Bug - did not call instance_notify_deleted when freeing.
   at: ~Dependency (servers/rendering/storage/utilities.cpp:56)
WARNING: Leaked instance dependency: Bug - did not call instance_notify_deleted when freeing.
   at: ~Dependency (servers/rendering/storage/utilities.cpp:56)
WARNING: Leaked instance dependency: Bug - did not call instance_notify_deleted when freeing.
   at: ~Dependency (servers/rendering/storage/utilities.cpp:56)
WARNING: Leaked instance dependency: Bug - did not call instance_notify_deleted when freeing.
   at: ~Dependency (servers/rendering/storage/utilities.cpp:56)
WARNING: Leaked instance dependency: Bug - did not call instance_notify_deleted when freeing.
   at: ~Dependency (servers/rendering/storage/utilities.cpp:56)
WARNING: Leaked instance dependency: Bug - did not call instance_notify_deleted when freeing.
   at: ~Dependency (servers/rendering/storage/utilities.cpp:56)
WARNING: Leaked instance dependency: Bug - did not call instance_notify_deleted when freeing.
   at: ~Dependency (servers/rendering/storage/utilities.cpp:56)
WARNING: Leaked instance dependency: Bug - did not call instance_notify_deleted when freeing.
   at: ~Dependency (servers/rendering/storage/utilities.cpp:56)
WARNING: Leaked instance dependency: Bug - did not call instance_notify_deleted when freeing.
   at: ~Dependency (servers/rendering/storage/utilities.cpp:56)
WARNING: Leaked instance dependency: Bug - did not call instance_notify_deleted when freeing.
   at: ~Dependency (servers/rendering/storage/utilities.cpp:56)
WARNING: Leaked instance dependency: Bug - did not call instance_notify_deleted when freeing.
   at: ~Dependency (servers/rendering/storage/utilities.cpp:56)
WARNING: Leaked instance dependency: Bug - did not call instance_notify_deleted when freeing.
   at: ~Dependency (servers/rendering/storage/utilities.cpp:56)
WARNING: Leaked instance dependency: Bug - did not call instance_notify_deleted when freeing.
   at: ~Dependency (servers/rendering/storage/utilities.cpp:56)
WARNING: Leaked instance dependency: Bug - did not call instance_notify_deleted when freeing.
   at: ~Dependency (servers/rendering/storage/utilities.cpp:56)
WARNING: Leaked instance dependency: Bug - did not call instance_notify_deleted when freeing.
   at: ~Dependency (servers/rendering/storage/utilities.cpp:56)
WARNING: Leaked instance dependency: Bug - did not call instance_notify_deleted when freeing.
   at: ~Dependency (servers/rendering/storage/utilities.cpp:56)
WARNING: Leaked instance dependency: Bug - did not call instance_notify_deleted when freeing.
   at: ~Dependency (servers/rendering/storage/utilities.cpp:56)
WARNING: Leaked instance dependency: Bug - did not call instance_notify_deleted when freeing.
   at: ~Dependency (servers/rendering/storage/utilities.cpp:56)
WARNING: Leaked instance dependency: Bug - did not call instance_notify_deleted when freeing.
   at: ~Dependency (servers/rendering/storage/utilities.cpp:56)
WARNING: Leaked instance dependency: Bug - did not call instance_notify_deleted when freeing.
   at: ~Dependency (servers/rendering/storage/utilities.cpp:56)
WARNING: Leaked instance dependency: Bug - did not call instance_notify_deleted when freeing.
   at: ~Dependency (servers/rendering/storage/utilities.cpp:56)
WARNING: Leaked instance dependency: Bug - did not call instance_notify_deleted when freeing.
   at: ~Dependency (servers/rendering/storage/utilities.cpp:56)
WARNING: Leaked instance dependency: Bug - did not call instance_notify_deleted when freeing.
   at: ~Dependency (servers/rendering/storage/utilities.cpp:56)
WARNING: Leaked instance dependency: Bug - did not call instance_notify_deleted when freeing.
   at: ~Dependency (servers/rendering/storage/utilities.cpp:56)
WARNING: Leaked instance dependency: Bug - did not call instance_notify_deleted when freeing.
   at: ~Dependency (servers/rendering/storage/utilities.cpp:56)
WARNING: Leaked instance dependency: Bug - did not call instance_notify_deleted when freeing.
   at: ~Dependency (servers/rendering/storage/utilities.cpp:56)
WARNING: Leaked instance dependency: Bug - did not call instance_notify_deleted when freeing.
   at: ~Dependency (servers/rendering/storage/utilities.cpp:56)
WARNING: Leaked instance dependency: Bug - did not call instance_notify_deleted when freeing.
   at: ~Dependency (servers/rendering/storage/utilities.cpp:56)
WARNING: Leaked instance dependency: Bug - did not call instance_notify_deleted when freeing.
   at: ~Dependency (servers/rendering/storage/utilities.cpp:56)
WARNING: Leaked instance dependency: Bug - did not call instance_notify_deleted when freeing.
   at: ~Dependency (servers/rendering/storage/utilities.cpp:56)
WARNING: Leaked instance dependency: Bug - did not call instance_notify_deleted when freeing.
   at: ~Dependency (servers/rendering/storage/utilities.cpp:56)
WARNING: Leaked instance dependency: Bug - did not call instance_notify_deleted when freeing.
   at: ~Dependency (servers/rendering/storage/utilities.cpp:56)
WARNING: Leaked instance dependency: Bug - did not call instance_notify_deleted when freeing.
   at: ~Dependency (servers/rendering/storage/utilities.cpp:56)
WARNING: Leaked instance dependency: Bug - did not call instance_notify_deleted when freeing.
   at: ~Dependency (servers/rendering/storage/utilities.cpp:56)
WARNING: Leaked instance dependency: Bug - did not call instance_notify_deleted when freeing.
   at: ~Dependency (servers/rendering/storage/utilities.cpp:56)
WARNING: Leaked instance dependency: Bug - did not call instance_notify_deleted when freeing.
   at: ~Dependency (servers/rendering/storage/utilities.cpp:56)
WARNING: Leaked instance dependency: Bug - did not call instance_notify_deleted when freeing.
   at: ~Dependency (servers/rendering/storage/utilities.cpp:56)
WARNING: Leaked instance dependency: Bug - did not call instance_notify_deleted when freeing.
   at: ~Dependency (servers/rendering/storage/utilities.cpp:56)
WARNING: Leaked instance dependency: Bug - did not call instance_notify_deleted when freeing.
   at: ~Dependency (servers/rendering/storage/utilities.cpp:56)
WARNING: Leaked instance dependency: Bug - did not call instance_notify_deleted when freeing.
   at: ~Dependency (servers/rendering/storage/utilities.cpp:56)
WARNING: Leaked instance dependency: Bug - did not call instance_notify_deleted when freeing.
   at: ~Dependency (servers/rendering/storage/utilities.cpp:56)
WARNING: Leaked instance dependency: Bug - did not call instance_notify_deleted when freeing.
   at: ~Dependency (servers/rendering/storage/utilities.cpp:56)
WARNING: Leaked instance dependency: Bug - did not call instance_notify_deleted when freeing.
   at: ~Dependency (servers/rendering/storage/utilities.cpp:56)
WARNING: Leaked instance dependency: Bug - did not call instance_notify_deleted when freeing.
   at: ~Dependency (servers/rendering/storage/utilities.cpp:56)
WARNING: Leaked instance dependency: Bug - did not call instance_notify_deleted when freeing.
   at: ~Dependency (servers/rendering/storage/utilities.cpp:56)
WARNING: Leaked instance dependency: Bug - did not call instance_notify_deleted when freeing.
   at: ~Dependency (servers/rendering/storage/utilities.cpp:56)
WARNING: Leaked instance dependency: Bug - did not call instance_notify_deleted when freeing.
   at: ~Dependency (servers/rendering/storage/utilities.cpp:56)
WARNING: Leaked instance dependency: Bug - did not call instance_notify_deleted when freeing.
   at: ~Dependency (servers/rendering/storage/utilities.cpp:56)
WARNING: Leaked instance dependency: Bug - did not call instance_notify_deleted when freeing.
   at: ~Dependency (servers/rendering/storage/utilities.cpp:56)
WARNING: Leaked instance dependency: Bug - did not call instance_notify_deleted when freeing.
   at: ~Dependency (servers/rendering/storage/utilities.cpp:56)
WARNING: Leaked instance dependency: Bug - did not call instance_notify_deleted when freeing.
   at: ~Dependency (servers/rendering/storage/utilities.cpp:56)
WARNING: Leaked instance dependency: Bug - did not call instance_notify_deleted when freeing.
   at: ~Dependency (servers/rendering/storage/utilities.cpp:56)
WARNING: Leaked instance dependency: Bug - did not call instance_notify_deleted when freeing.
   at: ~Dependency (servers/rendering/storage/utilities.cpp:56)
WARNING: Leaked instance dependency: Bug - did not call instance_notify_deleted when freeing.
   at: ~Dependency (servers/rendering/storage/utilities.cpp:56)
WARNING: Leaked instance dependency: Bug - did not call instance_notify_deleted when freeing.
   at: ~Dependency (servers/rendering/storage/utilities.cpp:56)
WARNING: Leaked instance dependency: Bug - did not call instance_notify_deleted when freeing.
   at: ~Dependency (servers/rendering/storage/utilities.cpp:56)
WARNING: Leaked instance dependency: Bug - did not call instance_notify_deleted when freeing.
   at: ~Dependency (servers/rendering/storage/utilities.cpp:56)
WARNING: Leaked instance dependency: Bug - did not call instance_notify_deleted when freeing.
   at: ~Dependency (servers/rendering/storage/utilities.cpp:56)
WARNING: Leaked instance dependency: Bug - did not call instance_notify_deleted when freeing.
   at: ~Dependency (servers/rendering/storage/utilities.cpp:56)
WARNING: Leaked instance dependency: Bug - did not call instance_notify_deleted when freeing.
   at: ~Dependency (servers/rendering/storage/utilities.cpp:56)
WARNING: Leaked instance dependency: Bug - did not call instance_notify_deleted when freeing.
   at: ~Dependency (servers/rendering/storage/utilities.cpp:56)
WARNING: Leaked instance dependency: Bug - did not call instance_notify_deleted when freeing.
   at: ~Dependency (servers/rendering/storage/utilities.cpp:56)
WARNING: Leaked instance dependency: Bug - did not call instance_notify_deleted when freeing.
   at: ~Dependency (servers/rendering/storage/utilities.cpp:56)
WARNING: Leaked instance dependency: Bug - did not call instance_notify_deleted when freeing.
   at: ~Dependency (servers/rendering/storage/utilities.cpp:56)
WARNING: Leaked instance dependency: Bug - did not call instance_notify_deleted when freeing.
   at: ~Dependency (servers/rendering/storage/utilities.cpp:56)
WARNING: Leaked instance dependency: Bug - did not call instance_notify_deleted when freeing.
   at: ~Dependency (servers/rendering/storage/utilities.cpp:56)
WARNING: Leaked instance dependency: Bug - did not call instance_notify_deleted when freeing.
   at: ~Dependency (servers/rendering/storage/utilities.cpp:56)
WARNING: Leaked instance dependency: Bug - did not call instance_notify_deleted when freeing.
   at: ~Dependency (servers/rendering/storage/utilities.cpp:56)
WARNING: Leaked instance dependency: Bug - did not call instance_notify_deleted when freeing.
   at: ~Dependency (servers/rendering/storage/utilities.cpp:56)
WARNING: Leaked instance dependency: Bug - did not call instance_notify_deleted when freeing.
   at: ~Dependency (servers/rendering/storage/utilities.cpp:56)
WARNING: Leaked instance dependency: Bug - did not call instance_notify_deleted when freeing.
   at: ~Dependency (servers/rendering/storage/utilities.cpp:56)
WARNING: Leaked instance dependency: Bug - did not call instance_notify_deleted when freeing.
   at: ~Dependency (servers/rendering/storage/utilities.cpp:56)
WARNING: Leaked instance dependency: Bug - did not call instance_notify_deleted when freeing.
   at: ~Dependency (servers/rendering/storage/utilities.cpp:56)
WARNING: Leaked instance dependency: Bug - did not call instance_notify_deleted when freeing.
   at: ~Dependency (servers/rendering/storage/utilities.cpp:56)
WARNING: Leaked instance dependency: Bug - did not call instance_notify_deleted when freeing.
   at: ~Dependency (servers/rendering/storage/utilities.cpp:56)
WARNING: Leaked instance dependency: Bug - did not call instance_notify_deleted when freeing.
   at: ~Dependency (servers/rendering/storage/utilities.cpp:56)
WARNING: Leaked instance dependency: Bug - did not call instance_notify_deleted when freeing.
   at: ~Dependency (servers/rendering/storage/utilities.cpp:56)
WARNING: Leaked instance dependency: Bug - did not call instance_notify_deleted when freeing.
   at: ~Dependency (servers/rendering/storage/utilities.cpp:56)
WARNING: Leaked instance dependency: Bug - did not call instance_notify_deleted when freeing.
   at: ~Dependency (servers/rendering/storage/utilities.cpp:56)
WARNING: Leaked instance dependency: Bug - did not call instance_notify_deleted when freeing.
   at: ~Dependency (servers/rendering/storage/utilities.cpp:56)
WARNING: Leaked instance dependency: Bug - did not call instance_notify_deleted when freeing.
   at: ~Dependency (servers/rendering/storage/utilities.cpp:56)
WARNING: Leaked instance dependency: Bug - did not call instance_notify_deleted when freeing.
   at: ~Dependency (servers/rendering/storage/utilities.cpp:56)
WARNING: Leaked instance dependency: Bug - did not call instance_notify_deleted when freeing.
   at: ~Dependency (servers/rendering/storage/utilities.cpp:56)
WARNING: Leaked instance dependency: Bug - did not call instance_notify_deleted when freeing.
   at: ~Dependency (servers/rendering/storage/utilities.cpp:56)
WARNING: Leaked instance dependency: Bug - did not call instance_notify_deleted when freeing.
   at: ~Dependency (servers/rendering/storage/utilities.cpp:56)
WARNING: Leaked instance dependency: Bug - did not call instance_notify_deleted when freeing.
   at: ~Dependency (servers/rendering/storage/utilities.cpp:56)
WARNING: Leaked instance dependency: Bug - did not call instance_notify_deleted when freeing.
   at: ~Dependency (servers/rendering/storage/utilities.cpp:56)
WARNING: Leaked instance dependency: Bug - did not call instance_notify_deleted when freeing.
   at: ~Dependency (servers/rendering/storage/utilities.cpp:56)
WARNING: Leaked instance dependency: Bug - did not call instance_notify_deleted when freeing.
   at: ~Dependency (servers/rendering/storage/utilities.cpp:56)
WARNING: Leaked instance dependency: Bug - did not call instance_notify_deleted when freeing.
   at: ~Dependency (servers/rendering/storage/utilities.cpp:56)
WARNING: Leaked instance dependency: Bug - did not call instance_notify_deleted when freeing.
   at: ~Dependency (servers/rendering/storage/utilities.cpp:56)
WARNING: Leaked instance dependency: Bug - did not call instance_notify_deleted when freeing.
   at: ~Dependency (servers/rendering/storage/utilities.cpp:56)
WARNING: Leaked instance dependency: Bug - did not call instance_notify_deleted when freeing.
   at: ~Dependency (servers/rendering/storage/utilities.cpp:56)
WARNING: Leaked instance dependency: Bug - did not call instance_notify_deleted when freeing.
   at: ~Dependency (servers/rendering/storage/utilities.cpp:56)
WARNING: Leaked instance dependency: Bug - did not call instance_notify_deleted when freeing.
   at: ~Dependency (servers/rendering/storage/utilities.cpp:56)
WARNING: Leaked instance dependency: Bug - did not call instance_notify_deleted when freeing.
   at: ~Dependency (servers/rendering/storage/utilities.cpp:56)
WARNING: Leaked instance dependency: Bug - did not call instance_notify_deleted when freeing.
   at: ~Dependency (servers/rendering/storage/utilities.cpp:56)
WARNING: Leaked instance dependency: Bug - did not call instance_notify_deleted when freeing.
   at: ~Dependency (servers/rendering/storage/utilities.cpp:56)
WARNING: Leaked instance dependency: Bug - did not call instance_notify_deleted when freeing.
   at: ~Dependency (servers/rendering/storage/utilities.cpp:56)
WARNING: Leaked instance dependency: Bug - did not call instance_notify_deleted when freeing.
   at: ~Dependency (servers/rendering/storage/utilities.cpp:56)
WARNING: Leaked instance dependency: Bug - did not call instance_notify_deleted when freeing.
   at: ~Dependency (servers/rendering/storage/utilities.cpp:56)
WARNING: Leaked instance dependency: Bug - did not call instance_notify_deleted when freeing.
   at: ~Dependency (servers/rendering/storage/utilities.cpp:56)
WARNING: Leaked instance dependency: Bug - did not call instance_notify_deleted when freeing.
   at: ~Dependency (servers/rendering/storage/utilities.cpp:56)
WARNING: Leaked instance dependency: Bug - did not call instance_notify_deleted when freeing.
   at: ~Dependency (servers/rendering/storage/utilities.cpp:56)
WARNING: Leaked instance dependency: Bug - did not call instance_notify_deleted when freeing.
   at: ~Dependency (servers/rendering/storage/utilities.cpp:56)
WARNING: Leaked instance dependency: Bug - did not call instance_notify_deleted when freeing.
   at: ~Dependency (servers/rendering/storage/utilities.cpp:56)
WARNING: Leaked instance dependency: Bug - did not call instance_notify_deleted when freeing.
   at: ~Dependency (servers/rendering/storage/utilities.cpp:56)
WARNING: Leaked instance dependency: Bug - did not call instance_notify_deleted when freeing.
   at: ~Dependency (servers/rendering/storage/utilities.cpp:56)
WARNING: Leaked instance dependency: Bug - did not call instance_notify_deleted when freeing.
   at: ~Dependency (servers/rendering/storage/utilities.cpp:56)
WARNING: Leaked instance dependency: Bug - did not call instance_notify_deleted when freeing.
   at: ~Dependency (servers/rendering/storage/utilities.cpp:56)
WARNING: Leaked instance dependency: Bug - did not call instance_notify_deleted when freeing.
   at: ~Dependency (servers/rendering/storage/utilities.cpp:56)
WARNING: Leaked instance dependency: Bug - did not call instance_notify_deleted when freeing.
   at: ~Dependency (servers/rendering/storage/utilities.cpp:56)
WARNING: Leaked instance dependency: Bug - did not call instance_notify_deleted when freeing.
   at: ~Dependency (servers/rendering/storage/utilities.cpp:56)
WARNING: Leaked instance dependency: Bug - did not call instance_notify_deleted when freeing.
   at: ~Dependency (servers/rendering/storage/utilities.cpp:56)
WARNING: Leaked instance dependency: Bug - did not call instance_notify_deleted when freeing.
   at: ~Dependency (servers/rendering/storage/utilities.cpp:56)
WARNING: Leaked instance dependency: Bug - did not call instance_notify_deleted when freeing.
   at: ~Dependency (servers/rendering/storage/utilities.cpp:56)
WARNING: Leaked instance dependency: Bug - did not call instance_notify_deleted when freeing.
   at: ~Dependency (servers/rendering/storage/utilities.cpp:56)
WARNING: Leaked instance dependency: Bug - did not call instance_notify_deleted when freeing.
   at: ~Dependency (servers/rendering/storage/utilities.cpp:56)
WARNING: Leaked instance dependency: Bug - did not call instance_notify_deleted when freeing.
   at: ~Dependency (servers/rendering/storage/utilities.cpp:56)
WARNING: Leaked instance dependency: Bug - did not call instance_notify_deleted when freeing.
   at: ~Dependency (servers/rendering/storage/utilities.cpp:56)
WARNING: Leaked instance dependency: Bug - did not call instance_notify_deleted when freeing.
   at: ~Dependency (servers/rendering/storage/utilities.cpp:56)
WARNING: Leaked instance dependency: Bug - did not call instance_notify_deleted when freeing.
   at: ~Dependency (servers/rendering/storage/utilities.cpp:56)
WARNING: Leaked instance dependency: Bug - did not call instance_notify_deleted when freeing.
   at: ~Dependency (servers/rendering/storage/utilities.cpp:56)
WARNING: Leaked instance dependency: Bug - did not call instance_notify_deleted when freeing.
   at: ~Dependency (servers/rendering/storage/utilities.cpp:56)
WARNING: Leaked instance dependency: Bug - did not call instance_notify_deleted when freeing.
   at: ~Dependency (servers/rendering/storage/utilities.cpp:56)
WARNING: Leaked instance dependency: Bug - did not call instance_notify_deleted when freeing.
   at: ~Dependency (servers/rendering/storage/utilities.cpp:56)
WARNING: Leaked instance dependency: Bug - did not call instance_notify_deleted when freeing.
   at: ~Dependency (servers/rendering/storage/utilities.cpp:56)
WARNING: Leaked instance dependency: Bug - did not call instance_notify_deleted when freeing.
   at: ~Dependency (servers/rendering/storage/utilities.cpp:56)
WARNING: Leaked instance dependency: Bug - did not call instance_notify_deleted when freeing.
   at: ~Dependency (servers/rendering/storage/utilities.cpp:56)
WARNING: Leaked instance dependency: Bug - did not call instance_notify_deleted when freeing.
   at: ~Dependency (servers/rendering/storage/utilities.cpp:56)
WARNING: Leaked instance dependency: Bug - did not call instance_notify_deleted when freeing.
   at: ~Dependency (servers/rendering/storage/utilities.cpp:56)
WARNING: Leaked instance dependency: Bug - did not call instance_notify_deleted when freeing.
   at: ~Dependency (servers/rendering/storage/utilities.cpp:56)
WARNING: Leaked instance dependency: Bug - did not call instance_notify_deleted when freeing.
   at: ~Dependency (servers/rendering/storage/utilities.cpp:56)
WARNING: Leaked instance dependency: Bug - did not call instance_notify_deleted when freeing.
   at: ~Dependency (servers/rendering/storage/utilities.cpp:56)
WARNING: Leaked instance dependency: Bug - did not call instance_notify_deleted when freeing.
   at: ~Dependency (servers/rendering/storage/utilities.cpp:56)
WARNING: Leaked instance dependency: Bug - did not call instance_notify_deleted when freeing.
   at: ~Dependency (servers/rendering/storage/utilities.cpp:56)
WARNING: Leaked instance dependency: Bug - did not call instance_notify_deleted when freeing.
   at: ~Dependency (servers/rendering/storage/utilities.cpp:56)
WARNING: Leaked instance dependency: Bug - did not call instance_notify_deleted when freeing.
   at: ~Dependency (servers/rendering/storage/utilities.cpp:56)
WARNING: Leaked instance dependency: Bug - did not call instance_notify_deleted when freeing.
   at: ~Dependency (servers/rendering/storage/utilities.cpp:56)
WARNING: Leaked instance dependency: Bug - did not call instance_notify_deleted when freeing.
   at: ~Dependency (servers/rendering/storage/utilities.cpp:56)
WARNING: Leaked instance dependency: Bug - did not call instance_notify_deleted when freeing.
   at: ~Dependency (servers/rendering/storage/utilities.cpp:56)
WARNING: Leaked instance dependency: Bug - did not call instance_notify_deleted when freeing.
   at: ~Dependency (servers/rendering/storage/utilities.cpp:56)
WARNING: Leaked instance dependency: Bug - did not call instance_notify_deleted when freeing.
   at: ~Dependency (servers/rendering/storage/utilities.cpp:56)
WARNING: Leaked instance dependency: Bug - did not call instance_notify_deleted when freeing.
   at: ~Dependency (servers/rendering/storage/utilities.cpp:56)
WARNING: Leaked instance dependency: Bug - did not call instance_notify_deleted when freeing.
   at: ~Dependency (servers/rendering/storage/utilities.cpp:56)
WARNING: Leaked instance dependency: Bug - did not call instance_notify_deleted when freeing.
   at: ~Dependency (servers/rendering/storage/utilities.cpp:56)
WARNING: Leaked instance dependency: Bug - did not call instance_notify_deleted when freeing.
   at: ~Dependency (servers/rendering/storage/utilities.cpp:56)
WARNING: Leaked instance dependency: Bug - did not call instance_notify_deleted when freeing.
   at: ~Dependency (servers/rendering/storage/utilities.cpp:56)
WARNING: Leaked instance dependency: Bug - did not call instance_notify_deleted when freeing.
   at: ~Dependency (servers/rendering/storage/utilities.cpp:56)
WARNING: Leaked instance dependency: Bug - did not call instance_notify_deleted when freeing.
   at: ~Dependency (servers/rendering/storage/utilities.cpp:56)
WARNING: Leaked instance dependency: Bug - did not call instance_notify_deleted when freeing.
   at: ~Dependency (servers/rendering/storage/utilities.cpp:56)
WARNING: Leaked instance dependency: Bug - did not call instance_notify_deleted when freeing.
   at: ~Dependency (servers/rendering/storage/utilities.cpp:56)
WARNING: Leaked instance dependency: Bug - did not call instance_notify_deleted when freeing.
   at: ~Dependency (servers/rendering/storage/utilities.cpp:56)
WARNING: Leaked instance dependency: Bug - did not call instance_notify_deleted when freeing.
   at: ~Dependency (servers/rendering/storage/utilities.cpp:56)
WARNING: Leaked instance dependency: Bug - did not call instance_notify_deleted when freeing.
   at: ~Dependency (servers/rendering/storage/utilities.cpp:56)
WARNING: Leaked instance dependency: Bug - did not call instance_notify_deleted when freeing.
   at: ~Dependency (servers/rendering/storage/utilities.cpp:56)
WARNING: Leaked instance dependency: Bug - did not call instance_notify_deleted when freeing.
   at: ~Dependency (servers/rendering/storage/utilities.cpp:56)
WARNING: Leaked instance dependency: Bug - did not call instance_notify_deleted when freeing.
   at: ~Dependency (servers/rendering/storage/utilities.cpp:56)
WARNING: Leaked instance dependency: Bug - did not call instance_notify_deleted when freeing.
   at: ~Dependency (servers/rendering/storage/utilities.cpp:56)
WARNING: Leaked instance dependency: Bug - did not call instance_notify_deleted when freeing.
   at: ~Dependency (servers/rendering/storage/utilities.cpp:56)
WARNING: Leaked instance dependency: Bug - did not call instance_notify_deleted when freeing.
   at: ~Dependency (servers/rendering/storage/utilities.cpp:56)
WARNING: Leaked instance dependency: Bug - did not call instance_notify_deleted when freeing.
   at: ~Dependency (servers/rendering/storage/utilities.cpp:56)
WARNING: Leaked instance dependency: Bug - did not call instance_notify_deleted when freeing.
   at: ~Dependency (servers/rendering/storage/utilities.cpp:56)
WARNING: Leaked instance dependency: Bug - did not call instance_notify_deleted when freeing.
   at: ~Dependency (servers/rendering/storage/utilities.cpp:56)
WARNING: Leaked instance dependency: Bug - did not call instance_notify_deleted when freeing.
   at: ~Dependency (servers/rendering/storage/utilities.cpp:56)
WARNING: Leaked instance dependency: Bug - did not call instance_notify_deleted when freeing.
   at: ~Dependency (servers/rendering/storage/utilities.cpp:56)
WARNING: Leaked instance dependency: Bug - did not call instance_notify_deleted when freeing.
   at: ~Dependency (servers/rendering/storage/utilities.cpp:56)
WARNING: Leaked instance dependency: Bug - did not call instance_notify_deleted when freeing.
   at: ~Dependency (servers/rendering/storage/utilities.cpp:56)
WARNING: Leaked instance dependency: Bug - did not call instance_notify_deleted when freeing.
   at: ~Dependency (servers/rendering/storage/utilities.cpp:56)
WARNING: Leaked instance dependency: Bug - did not call instance_notify_deleted when freeing.
   at: ~Dependency (servers/rendering/storage/utilities.cpp:56)
WARNING: Leaked instance dependency: Bug - did not call instance_notify_deleted when freeing.
   at: ~Dependency (servers/rendering/storage/utilities.cpp:56)
WARNING: Leaked instance dependency: Bug - did not call instance_notify_deleted when freeing.
   at: ~Dependency (servers/rendering/storage/utilities.cpp:56)
WARNING: Leaked instance dependency: Bug - did not call instance_notify_deleted when freeing.
   at: ~Dependency (servers/rendering/storage/utilities.cpp:56)
WARNING: Leaked instance dependency: Bug - did not call instance_notify_deleted when freeing.
   at: ~Dependency (servers/rendering/storage/utilities.cpp:56)
WARNING: Leaked instance dependency: Bug - did not call instance_notify_deleted when freeing.
   at: ~Dependency (servers/rendering/storage/utilities.cpp:56)
WARNING: Leaked instance dependency: Bug - did not call instance_notify_deleted when freeing.
   at: ~Dependency (servers/rendering/storage/utilities.cpp:56)
WARNING: Leaked instance dependency: Bug - did not call instance_notify_deleted when freeing.
   at: ~Dependency (servers/rendering/storage/utilities.cpp:56)
WARNING: Leaked instance dependency: Bug - did not call instance_notify_deleted when freeing.
   at: ~Dependency (servers/rendering/storage/utilities.cpp:56)
WARNING: Leaked instance dependency: Bug - did not call instance_notify_deleted when freeing.
   at: ~Dependency (servers/rendering/storage/utilities.cpp:56)
WARNING: Leaked instance dependency: Bug - did not call instance_notify_deleted when freeing.
   at: ~Dependency (servers/rendering/storage/utilities.cpp:56)
WARNING: Leaked instance dependency: Bug - did not call instance_notify_deleted when freeing.
   at: ~Dependency (servers/rendering/storage/utilities.cpp:56)
WARNING: Leaked instance dependency: Bug - did not call instance_notify_deleted when freeing.
   at: ~Dependency (servers/rendering/storage/utilities.cpp:56)
WARNING: Leaked instance dependency: Bug - did not call instance_notify_deleted when freeing.
   at: ~Dependency (servers/rendering/storage/utilities.cpp:56)
WARNING: Leaked instance dependency: Bug - did not call instance_notify_deleted when freeing.
   at: ~Dependency (servers/rendering/storage/utilities.cpp:56)
WARNING: Leaked instance dependency: Bug - did not call instance_notify_deleted when freeing.
   at: ~Dependency (servers/rendering/storage/utilities.cpp:56)
WARNING: Leaked instance dependency: Bug - did not call instance_notify_deleted when freeing.
   at: ~Dependency (servers/rendering/storage/utilities.cpp:56)
WARNING: Leaked instance dependency: Bug - did not call instance_notify_deleted when freeing.
   at: ~Dependency (servers/rendering/storage/utilities.cpp:56)
WARNING: Leaked instance dependency: Bug - did not call instance_notify_deleted when freeing.
   at: ~Dependency (servers/rendering/storage/utilities.cpp:56)
WARNING: Leaked instance dependency: Bug - did not call instance_notify_deleted when freeing.
   at: ~Dependency (servers/rendering/storage/utilities.cpp:56)
WARNING: Leaked instance dependency: Bug - did not call instance_notify_deleted when freeing.
   at: ~Dependency (servers/rendering/storage/utilities.cpp:56)
WARNING: Leaked instance dependency: Bug - did not call instance_notify_deleted when freeing.
   at: ~Dependency (servers/rendering/storage/utilities.cpp:56)
WARNING: Leaked instance dependency: Bug - did not call instance_notify_deleted when freeing.
   at: ~Dependency (servers/rendering/storage/utilities.cpp:56)
WARNING: Leaked instance dependency: Bug - did not call instance_notify_deleted when freeing.
   at: ~Dependency (servers/rendering/storage/utilities.cpp:56)
WARNING: Leaked instance dependency: Bug - did not call instance_notify_deleted when freeing.
   at: ~Dependency (servers/rendering/storage/utilities.cpp:56)
WARNING: Leaked instance dependency: Bug - did not call instance_notify_deleted when freeing.
   at: ~Dependency (servers/rendering/storage/utilities.cpp:56)
WARNING: Leaked instance dependency: Bug - did not call instance_notify_deleted when freeing.
   at: ~Dependency (servers/rendering/storage/utilities.cpp:56)
WARNING: Leaked instance dependency: Bug - did not call instance_notify_deleted when freeing.
   at: ~Dependency (servers/rendering/storage/utilities.cpp:56)
WARNING: Leaked instance dependency: Bug - did not call instance_notify_deleted when freeing.
   at: ~Dependency (servers/rendering/storage/utilities.cpp:56)
WARNING: Leaked instance dependency: Bug - did not call instance_notify_deleted when freeing.
   at: ~Dependency (servers/rendering/storage/utilities.cpp:56)
WARNING: Leaked instance dependency: Bug - did not call instance_notify_deleted when freeing.
   at: ~Dependency (servers/rendering/storage/utilities.cpp:56)
WARNING: Leaked instance dependency: Bug - did not call instance_notify_deleted when freeing.
   at: ~Dependency (servers/rendering/storage/utilities.cpp:56)
WARNING: Leaked instance dependency: Bug - did not call instance_notify_deleted when freeing.
   at: ~Dependency (servers/rendering/storage/utilities.cpp:56)
WARNING: Leaked instance dependency: Bug - did not call instance_notify_deleted when freeing.
   at: ~Dependency (servers/rendering/storage/utilities.cpp:56)
WARNING: Leaked instance dependency: Bug - did not call instance_notify_deleted when freeing.
   at: ~Dependency (servers/rendering/storage/utilities.cpp:56)
WARNING: Leaked instance dependency: Bug - did not call instance_notify_deleted when freeing.
   at: ~Dependency (servers/rendering/storage/utilities.cpp:56)
WARNING: Leaked instance dependency: Bug - did not call instance_notify_deleted when freeing.
   at: ~Dependency (servers/rendering/storage/utilities.cpp:56)
WARNING: Leaked instance dependency: Bug - did not call instance_notify_deleted when freeing.
   at: ~Dependency (servers/rendering/storage/utilities.cpp:56)
WARNING: Leaked instance dependency: Bug - did not call instance_notify_deleted when freeing.
   at: ~Dependency (servers/rendering/storage/utilities.cpp:56)
WARNING: Leaked instance dependency: Bug - did not call instance_notify_deleted when freeing.
   at: ~Dependency (servers/rendering/storage/utilities.cpp:56)
WARNING: Leaked instance dependency: Bug - did not call instance_notify_deleted when freeing.
   at: ~Dependency (servers/rendering/storage/utilities.cpp:56)
WARNING: Leaked instance dependency: Bug - did not call instance_notify_deleted when freeing.
   at: ~Dependency (servers/rendering/storage/utilities.cpp:56)
WARNING: Leaked instance dependency: Bug - did not call instance_notify_deleted when freeing.
   at: ~Dependency (servers/rendering/storage/utilities.cpp:56)
WARNING: Leaked instance dependency: Bug - did not call instance_notify_deleted when freeing.
   at: ~Dependency (servers/rendering/storage/utilities.cpp:56)
WARNING: Leaked instance dependency: Bug - did not call instance_notify_deleted when freeing.
   at: ~Dependency (servers/rendering/storage/utilities.cpp:56)
WARNING: Leaked instance dependency: Bug - did not call instance_notify_deleted when freeing.
   at: ~Dependency (servers/rendering/storage/utilities.cpp:56)
WARNING: Leaked instance dependency: Bug - did not call instance_notify_deleted when freeing.
   at: ~Dependency (servers/rendering/storage/utilities.cpp:56)
WARNING: Leaked instance dependency: Bug - did not call instance_notify_deleted when freeing.
   at: ~Dependency (servers/rendering/storage/utilities.cpp:56)
WARNING: Leaked instance dependency: Bug - did not call instance_notify_deleted when freeing.
   at: ~Dependency (servers/rendering/storage/utilities.cpp:56)
WARNING: Leaked instance dependency: Bug - did not call instance_notify_deleted when freeing.
   at: ~Dependency (servers/rendering/storage/utilities.cpp:56)
WARNING: Leaked instance dependency: Bug - did not call instance_notify_deleted when freeing.
   at: ~Dependency (servers/rendering/storage/utilities.cpp:56)
WARNING: Leaked instance dependency: Bug - did not call instance_notify_deleted when freeing.
   at: ~Dependency (servers/rendering/storage/utilities.cpp:56)
WARNING: Leaked instance dependency: Bug - did not call instance_notify_deleted when freeing.
   at: ~Dependency (servers/rendering/storage/utilities.cpp:56)
WARNING: Leaked instance dependency: Bug - did not call instance_notify_deleted when freeing.
   at: ~Dependency (servers/rendering/storage/utilities.cpp:56)
WARNING: Leaked instance dependency: Bug - did not call instance_notify_deleted when freeing.
   at: ~Dependency (servers/rendering/storage/utilities.cpp:56)
WARNING: Leaked instance dependency: Bug - did not call instance_notify_deleted when freeing.
   at: ~Dependency (servers/rendering/storage/utilities.cpp:56)
WARNING: Leaked instance dependency: Bug - did not call instance_notify_deleted when freeing.
   at: ~Dependency (servers/rendering/storage/utilities.cpp:56)
WARNING: Leaked instance dependency: Bug - did not call instance_notify_deleted when freeing.
   at: ~Dependency (servers/rendering/storage/utilities.cpp:56)
WARNING: Leaked instance dependency: Bug - did not call instance_notify_deleted when freeing.
   at: ~Dependency (servers/rendering/storage/utilities.cpp:56)
WARNING: Leaked instance dependency: Bug - did not call instance_notify_deleted when freeing.
   at: ~Dependency (servers/rendering/storage/utilities.cpp:56)
WARNING: Leaked instance dependency: Bug - did not call instance_notify_deleted when freeing.
   at: ~Dependency (servers/rendering/storage/utilities.cpp:56)
WARNING: Leaked instance dependency: Bug - did not call instance_notify_deleted when freeing.
   at: ~Dependency (servers/rendering/storage/utilities.cpp:56)
WARNING: Leaked instance dependency: Bug - did not call instance_notify_deleted when freeing.
   at: ~Dependency (servers/rendering/storage/utilities.cpp:56)
WARNING: Leaked instance dependency: Bug - did not call instance_notify_deleted when freeing.
   at: ~Dependency (servers/rendering/storage/utilities.cpp:56)
WARNING: Leaked instance dependency: Bug - did not call instance_notify_deleted when freeing.
   at: ~Dependency (servers/rendering/storage/utilities.cpp:56)
WARNING: Leaked instance dependency: Bug - did not call instance_notify_deleted when freeing.
   at: ~Dependency (servers/rendering/storage/utilities.cpp:56)
WARNING: Leaked instance dependency: Bug - did not call instance_notify_deleted when freeing.
   at: ~Dependency (servers/rendering/storage/utilities.cpp:56)
WARNING: Leaked instance dependency: Bug - did not call instance_notify_deleted when freeing.
   at: ~Dependency (servers/rendering/storage/utilities.cpp:56)
WARNING: Leaked instance dependency: Bug - did not call instance_notify_deleted when freeing.
   at: ~Dependency (servers/rendering/storage/utilities.cpp:56)
WARNING: Leaked instance dependency: Bug - did not call instance_notify_deleted when freeing.
   at: ~Dependency (servers/rendering/storage/utilities.cpp:56)
WARNING: Leaked instance dependency: Bug - did not call instance_notify_deleted when freeing.
   at: ~Dependency (servers/rendering/storage/utilities.cpp:56)
WARNING: Leaked instance dependency: Bug - did not call instance_notify_deleted when freeing.
   at: ~Dependency (servers/rendering/storage/utilities.cpp:56)
WARNING: Leaked instance dependency: Bug - did not call instance_notify_deleted when freeing.
   at: ~Dependency (servers/rendering/storage/utilities.cpp:56)
WARNING: Leaked instance dependency: Bug - did not call instance_notify_deleted when freeing.
   at: ~Dependency (servers/rendering/storage/utilities.cpp:56)
WARNING: Leaked instance dependency: Bug - did not call instance_notify_deleted when freeing.
   at: ~Dependency (servers/rendering/storage/utilities.cpp:56)
WARNING: Leaked instance dependency: Bug - did not call instance_notify_deleted when freeing.
   at: ~Dependency (servers/rendering/storage/utilities.cpp:56)
WARNING: Leaked instance dependency: Bug - did not call instance_notify_deleted when freeing.
   at: ~Dependency (servers/rendering/storage/utilities.cpp:56)
WARNING: Leaked instance dependency: Bug - did not call instance_notify_deleted when freeing.
   at: ~Dependency (servers/rendering/storage/utilities.cpp:56)
WARNING: Leaked instance dependency: Bug - did not call instance_notify_deleted when freeing.
   at: ~Dependency (servers/rendering/storage/utilities.cpp:56)
WARNING: Leaked instance dependency: Bug - did not call instance_notify_deleted when freeing.
   at: ~Dependency (servers/rendering/storage/utilities.cpp:56)
WARNING: Leaked instance dependency: Bug - did not call instance_notify_deleted when freeing.
   at: ~Dependency (servers/rendering/storage/utilities.cpp:56)
WARNING: Leaked instance dependency: Bug - did not call instance_notify_deleted when freeing.
   at: ~Dependency (servers/rendering/storage/utilities.cpp:56)
WARNING: Leaked instance dependency: Bug - did not call instance_notify_deleted when freeing.
   at: ~Dependency (servers/rendering/storage/utilities.cpp:56)
WARNING: Leaked instance dependency: Bug - did not call instance_notify_deleted when freeing.
   at: ~Dependency (servers/rendering/storage/utilities.cpp:56)
WARNING: Leaked instance dependency: Bug - did not call instance_notify_deleted when freeing.
   at: ~Dependency (servers/rendering/storage/utilities.cpp:56)
WARNING: Leaked instance dependency: Bug - did not call instance_notify_deleted when freeing.
   at: ~Dependency (servers/rendering/storage/utilities.cpp:56)
WARNING: Leaked instance dependency: Bug - did not call instance_notify_deleted when freeing.
   at: ~Dependency (servers/rendering/storage/utilities.cpp:56)
WARNING: Leaked instance dependency: Bug - did not call instance_notify_deleted when freeing.
   at: ~Dependency (servers/rendering/storage/utilities.cpp:56)
WARNING: Leaked instance dependency: Bug - did not call instance_notify_deleted when freeing.
   at: ~Dependency (servers/rendering/storage/utilities.cpp:56)
WARNING: Leaked instance dependency: Bug - did not call instance_notify_deleted when freeing.
   at: ~Dependency (servers/rendering/storage/utilities.cpp:56)
WARNING: Leaked instance dependency: Bug - did not call instance_notify_deleted when freeing.
   at: ~Dependency (servers/rendering/storage/utilities.cpp:56)
WARNING: Leaked instance dependency: Bug - did not call instance_notify_deleted when freeing.
   at: ~Dependency (servers/rendering/storage/utilities.cpp:56)
WARNING: Leaked instance dependency: Bug - did not call instance_notify_deleted when freeing.
   at: ~Dependency (servers/rendering/storage/utilities.cpp:56)
WARNING: Leaked instance dependency: Bug - did not call instance_notify_deleted when freeing.
   at: ~Dependency (servers/rendering/storage/utilities.cpp:56)
WARNING: Leaked instance dependency: Bug - did not call instance_notify_deleted when freeing.
   at: ~Dependency (servers/rendering/storage/utilities.cpp:56)
WARNING: Leaked instance dependency: Bug - did not call instance_notify_deleted when freeing.
   at: ~Dependency (servers/rendering/storage/utilities.cpp:56)
WARNING: Leaked instance dependency: Bug - did not call instance_notify_deleted when freeing.
   at: ~Dependency (servers/rendering/storage/utilities.cpp:56)
WARNING: Leaked instance dependency: Bug - did not call instance_notify_deleted when freeing.
   at: ~Dependency (servers/rendering/storage/utilities.cpp:56)
WARNING: Leaked instance dependency: Bug - did not call instance_notify_deleted when freeing.
   at: ~Dependency (servers/rendering/storage/utilities.cpp:56)
WARNING: Leaked instance dependency: Bug - did not call instance_notify_deleted when freeing.
   at: ~Dependency (servers/rendering/storage/utilities.cpp:56)
WARNING: Leaked instance dependency: Bug - did not call instance_notify_deleted when freeing.
   at: ~Dependency (servers/rendering/storage/utilities.cpp:56)
WARNING: Leaked instance dependency: Bug - did not call instance_notify_deleted when freeing.
   at: ~Dependency (servers/rendering/storage/utilities.cpp:56)
WARNING: Leaked instance dependency: Bug - did not call instance_notify_deleted when freeing.
   at: ~Dependency (servers/rendering/storage/utilities.cpp:56)
WARNING: Leaked instance dependency: Bug - did not call instance_notify_deleted when freeing.
   at: ~Dependency (servers/rendering/storage/utilities.cpp:56)
WARNING: Leaked instance dependency: Bug - did not call instance_notify_deleted when freeing.
   at: ~Dependency (servers/rendering/storage/utilities.cpp:56)
WARNING: Leaked instance dependency: Bug - did not call instance_notify_deleted when freeing.
   at: ~Dependency (servers/rendering/storage/utilities.cpp:56)
WARNING: Leaked instance dependency: Bug - did not call instance_notify_deleted when freeing.
   at: ~Dependency (servers/rendering/storage/utilities.cpp:56)
WARNING: Leaked instance dependency: Bug - did not call instance_notify_deleted when freeing.
   at: ~Dependency (servers/rendering/storage/utilities.cpp:56)
WARNING: Leaked instance dependency: Bug - did not call instance_notify_deleted when freeing.
   at: ~Dependency (servers/rendering/storage/utilities.cpp:56)
WARNING: Leaked instance dependency: Bug - did not call instance_notify_deleted when freeing.
   at: ~Dependency (servers/rendering/storage/utilities.cpp:56)
WARNING: Leaked instance dependency: Bug - did not call instance_notify_deleted when freeing.
   at: ~Dependency (servers/rendering/storage/utilities.cpp:56)
WARNING: Leaked instance dependency: Bug - did not call instance_notify_deleted when freeing.
   at: ~Dependency (servers/rendering/storage/utilities.cpp:56)
WARNING: Leaked instance dependency: Bug - did not call instance_notify_deleted when freeing.
   at: ~Dependency (servers/rendering/storage/utilities.cpp:56)
WARNING: Leaked instance dependency: Bug - did not call instance_notify_deleted when freeing.
   at: ~Dependency (servers/rendering/storage/utilities.cpp:56)
WARNING: Leaked instance dependency: Bug - did not call instance_notify_deleted when freeing.
   at: ~Dependency (servers/rendering/storage/utilities.cpp:56)
WARNING: Leaked instance dependency: Bug - did not call instance_notify_deleted when freeing.
   at: ~Dependency (servers/rendering/storage/utilities.cpp:56)
WARNING: Leaked instance dependency: Bug - did not call instance_notify_deleted when freeing.
   at: ~Dependency (servers/rendering/storage/utilities.cpp:56)
WARNING: Leaked instance dependency: Bug - did not call instance_notify_deleted when freeing.
   at: ~Dependency (servers/rendering/storage/utilities.cpp:56)
WARNING: Leaked instance dependency: Bug - did not call instance_notify_deleted when freeing.
   at: ~Dependency (servers/rendering/storage/utilities.cpp:56)
WARNING: Leaked instance dependency: Bug - did not call instance_notify_deleted when freeing.
   at: ~Dependency (servers/rendering/storage/utilities.cpp:56)
WARNING: Leaked instance dependency: Bug - did not call instance_notify_deleted when freeing.
   at: ~Dependency (servers/rendering/storage/utilities.cpp:56)
WARNING: Leaked instance dependency: Bug - did not call instance_notify_deleted when freeing.
   at: ~Dependency (servers/rendering/storage/utilities.cpp:56)
WARNING: Leaked instance dependency: Bug - did not call instance_notify_deleted when freeing.
   at: ~Dependency (servers/rendering/storage/utilities.cpp:56)
WARNING: Leaked instance dependency: Bug - did not call instance_notify_deleted when freeing.
   at: ~Dependency (servers/rendering/storage/utilities.cpp:56)
WARNING: Leaked instance dependency: Bug - did not call instance_notify_deleted when freeing.
   at: ~Dependency (servers/rendering/storage/utilities.cpp:56)
WARNING: Leaked instance dependency: Bug - did not call instance_notify_deleted when freeing.
   at: ~Dependency (servers/rendering/storage/utilities.cpp:56)
WARNING: Leaked instance dependency: Bug - did not call instance_notify_deleted when freeing.
   at: ~Dependency (servers/rendering/storage/utilities.cpp:56)
WARNING: Leaked instance dependency: Bug - did not call instance_notify_deleted when freeing.
   at: ~Dependency (servers/rendering/storage/utilities.cpp:56)
WARNING: Leaked instance dependency: Bug - did not call instance_notify_deleted when freeing.
   at: ~Dependency (servers/rendering/storage/utilities.cpp:56)
WARNING: Leaked instance dependency: Bug - did not call instance_notify_deleted when freeing.
   at: ~Dependency (servers/rendering/storage/utilities.cpp:56)
WARNING: Leaked instance dependency: Bug - did not call instance_notify_deleted when freeing.
   at: ~Dependency (servers/rendering/storage/utilities.cpp:56)
WARNING: Leaked instance dependency: Bug - did not call instance_notify_deleted when freeing.
   at: ~Dependency (servers/rendering/storage/utilities.cpp:56)
WARNING: Leaked instance dependency: Bug - did not call instance_notify_deleted when freeing.
   at: ~Dependency (servers/rendering/storage/utilities.cpp:56)
WARNING: Leaked instance dependency: Bug - did not call instance_notify_deleted when freeing.
   at: ~Dependency (servers/rendering/storage/utilities.cpp:56)
WARNING: Leaked instance dependency: Bug - did not call instance_notify_deleted when freeing.
   at: ~Dependency (servers/rendering/storage/utilities.cpp:56)
WARNING: Leaked instance dependency: Bug - did not call instance_notify_deleted when freeing.
   at: ~Dependency (servers/rendering/storage/utilities.cpp:56)
WARNING: Leaked instance dependency: Bug - did not call instance_notify_deleted when freeing.
   at: ~Dependency (servers/rendering/storage/utilities.cpp:56)
WARNING: Leaked instance dependency: Bug - did not call instance_notify_deleted when freeing.
   at: ~Dependency (servers/rendering/storage/utilities.cpp:56)
WARNING: Leaked instance dependency: Bug - did not call instance_notify_deleted when freeing.
   at: ~Dependency (servers/rendering/storage/utilities.cpp:56)
WARNING: Leaked instance dependency: Bug - did not call instance_notify_deleted when freeing.
   at: ~Dependency (servers/rendering/storage/utilities.cpp:56)
WARNING: Leaked instance dependency: Bug - did not call instance_notify_deleted when freeing.
   at: ~Dependency (servers/rendering/storage/utilities.cpp:56)
WARNING: Leaked instance dependency: Bug - did not call instance_notify_deleted when freeing.
   at: ~Dependency (servers/rendering/storage/utilities.cpp:56)
WARNING: Leaked instance dependency: Bug - did not call instance_notify_deleted when freeing.
   at: ~Dependency (servers/rendering/storage/utilities.cpp:56)
WARNING: Leaked instance dependency: Bug - did not call instance_notify_deleted when freeing.
   at: ~Dependency (servers/rendering/storage/utilities.cpp:56)
WARNING: Leaked instance dependency: Bug - did not call instance_notify_deleted when freeing.
   at: ~Dependency (servers/rendering/storage/utilities.cpp:56)
WARNING: Leaked instance dependency: Bug - did not call instance_notify_deleted when freeing.
   at: ~Dependency (servers/rendering/storage/utilities.cpp:56)
WARNING: Leaked instance dependency: Bug - did not call instance_notify_deleted when freeing.
   at: ~Dependency (servers/rendering/storage/utilities.cpp:56)
WARNING: Leaked instance dependency: Bug - did not call instance_notify_deleted when freeing.
   at: ~Dependency (servers/rendering/storage/utilities.cpp:56)
WARNING: Leaked instance dependency: Bug - did not call instance_notify_deleted when freeing.
   at: ~Dependency (servers/rendering/storage/utilities.cpp:56)
WARNING: Leaked instance dependency: Bug - did not call instance_notify_deleted when freeing.
   at: ~Dependency (servers/rendering/storage/utilities.cpp:56)
WARNING: Leaked instance dependency: Bug - did not call instance_notify_deleted when freeing.
   at: ~Dependency (servers/rendering/storage/utilities.cpp:56)
WARNING: Leaked instance dependency: Bug - did not call instance_notify_deleted when freeing.
   at: ~Dependency (servers/rendering/storage/utilities.cpp:56)
WARNING: Leaked instance dependency: Bug - did not call instance_notify_deleted when freeing.
   at: ~Dependency (servers/rendering/storage/utilities.cpp:56)
WARNING: Leaked instance dependency: Bug - did not call instance_notify_deleted when freeing.
   at: ~Dependency (servers/rendering/storage/utilities.cpp:56)
WARNING: Leaked instance dependency: Bug - did not call instance_notify_deleted when freeing.
   at: ~Dependency (servers/rendering/storage/utilities.cpp:56)
WARNING: Leaked instance dependency: Bug - did not call instance_notify_deleted when freeing.
   at: ~Dependency (servers/rendering/storage/utilities.cpp:56)
WARNING: Leaked instance dependency: Bug - did not call instance_notify_deleted when freeing.
   at: ~Dependency (servers/rendering/storage/utilities.cpp:56)
WARNING: Leaked instance dependency: Bug - did not call instance_notify_deleted when freeing.
   at: ~Dependency (servers/rendering/storage/utilities.cpp:56)
WARNING: Leaked instance dependency: Bug - did not call instance_notify_deleted when freeing.
   at: ~Dependency (servers/rendering/storage/utilities.cpp:56)
WARNING: Leaked instance dependency: Bug - did not call instance_notify_deleted when freeing.
   at: ~Dependency (servers/rendering/storage/utilities.cpp:56)
WARNING: Leaked instance dependency: Bug - did not call instance_notify_deleted when freeing.
   at: ~Dependency (servers/rendering/storage/utilities.cpp:56)
WARNING: Leaked instance dependency: Bug - did not call instance_notify_deleted when freeing.
   at: ~Dependency (servers/rendering/storage/utilities.cpp:56)
WARNING: Leaked instance dependency: Bug - did not call instance_notify_deleted when freeing.
   at: ~Dependency (servers/rendering/storage/utilities.cpp:56)
WARNING: Leaked instance dependency: Bug - did not call instance_notify_deleted when freeing.
   at: ~Dependency (servers/rendering/storage/utilities.cpp:56)
WARNING: Leaked instance dependency: Bug - did not call instance_notify_deleted when freeing.
   at: ~Dependency (servers/rendering/storage/utilities.cpp:56)
WARNING: Leaked instance dependency: Bug - did not call instance_notify_deleted when freeing.
   at: ~Dependency (servers/rendering/storage/utilities.cpp:56)
WARNING: Leaked instance dependency: Bug - did not call instance_notify_deleted when freeing.
   at: ~Dependency (servers/rendering/storage/utilities.cpp:56)
WARNING: Leaked instance dependency: Bug - did not call instance_notify_deleted when freeing.
   at: ~Dependency (servers/rendering/storage/utilities.cpp:56)
WARNING: Leaked instance dependency: Bug - did not call instance_notify_deleted when freeing.
   at: ~Dependency (servers/rendering/storage/utilities.cpp:56)
WARNING: Leaked instance dependency: Bug - did not call instance_notify_deleted when freeing.
   at: ~Dependency (servers/rendering/storage/utilities.cpp:56)
WARNING: Leaked instance dependency: Bug - did not call instance_notify_deleted when freeing.
   at: ~Dependency (servers/rendering/storage/utilities.cpp:56)
WARNING: Leaked instance dependency: Bug - did not call instance_notify_deleted when freeing.
   at: ~Dependency (servers/rendering/storage/utilities.cpp:56)
WARNING: Leaked instance dependency: Bug - did not call instance_notify_deleted when freeing.
   at: ~Dependency (servers/rendering/storage/utilities.cpp:56)
WARNING: Leaked instance dependency: Bug - did not call instance_notify_deleted when freeing.
   at: ~Dependency (servers/rendering/storage/utilities.cpp:56)
WARNING: Leaked instance dependency: Bug - did not call instance_notify_deleted when freeing.
   at: ~Dependency (servers/rendering/storage/utilities.cpp:56)
WARNING: Leaked instance dependency: Bug - did not call instance_notify_deleted when freeing.
   at: ~Dependency (servers/rendering/storage/utilities.cpp:56)
WARNING: Leaked instance dependency: Bug - did not call instance_notify_deleted when freeing.
   at: ~Dependency (servers/rendering/storage/utilities.cpp:56)
WARNING: Leaked instance dependency: Bug - did not call instance_notify_deleted when freeing.
   at: ~Dependency (servers/rendering/storage/utilities.cpp:56)
WARNING: Leaked instance dependency: Bug - did not call instance_notify_deleted when freeing.
   at: ~Dependency (servers/rendering/storage/utilities.cpp:56)
WARNING: Leaked instance dependency: Bug - did not call instance_notify_deleted when freeing.
   at: ~Dependency (servers/rendering/storage/utilities.cpp:56)
WARNING: Leaked instance dependency: Bug - did not call instance_notify_deleted when freeing.
   at: ~Dependency (servers/rendering/storage/utilities.cpp:56)
WARNING: Leaked instance dependency: Bug - did not call instance_notify_deleted when freeing.
   at: ~Dependency (servers/rendering/storage/utilities.cpp:56)
WARNING: Leaked instance dependency: Bug - did not call instance_notify_deleted when freeing.
   at: ~Dependency (servers/rendering/storage/utilities.cpp:56)
WARNING: Leaked instance dependency: Bug - did not call instance_notify_deleted when freeing.
   at: ~Dependency (servers/rendering/storage/utilities.cpp:56)
WARNING: Leaked instance dependency: Bug - did not call instance_notify_deleted when freeing.
   at: ~Dependency (servers/rendering/storage/utilities.cpp:56)
WARNING: Leaked instance dependency: Bug - did not call instance_notify_deleted when freeing.
   at: ~Dependency (servers/rendering/storage/utilities.cpp:56)
WARNING: Leaked instance dependency: Bug - did not call instance_notify_deleted when freeing.
   at: ~Dependency (servers/rendering/storage/utilities.cpp:56)
WARNING: Leaked instance dependency: Bug - did not call instance_notify_deleted when freeing.
   at: ~Dependency (servers/rendering/storage/utilities.cpp:56)
WARNING: Leaked instance dependency: Bug - did not call instance_notify_deleted when freeing.
   at: ~Dependency (servers/rendering/storage/utilities.cpp:56)
WARNING: Leaked instance dependency: Bug - did not call instance_notify_deleted when freeing.
   at: ~Dependency (servers/rendering/storage/utilities.cpp:56)
WARNING: Leaked instance dependency: Bug - did not call instance_notify_deleted when freeing.
   at: ~Dependency (servers/rendering/storage/utilities.cpp:56)
WARNING: Leaked instance dependency: Bug - did not call instance_notify_deleted when freeing.
   at: ~Dependency (servers/rendering/storage/utilities.cpp:56)
WARNING: Leaked instance dependency: Bug - did not call instance_notify_deleted when freeing.
   at: ~Dependency (servers/rendering/storage/utilities.cpp:56)
WARNING: Leaked instance dependency: Bug - did not call instance_notify_deleted when freeing.
   at: ~Dependency (servers/rendering/storage/utilities.cpp:56)
WARNING: Leaked instance dependency: Bug - did not call instance_notify_deleted when freeing.
   at: ~Dependency (servers/rendering/storage/utilities.cpp:56)
WARNING: Leaked instance dependency: Bug - did not call instance_notify_deleted when freeing.
   at: ~Dependency (servers/rendering/storage/utilities.cpp:56)
WARNING: Leaked instance dependency: Bug - did not call instance_notify_deleted when freeing.
   at: ~Dependency (servers/rendering/storage/utilities.cpp:56)
WARNING: Leaked instance dependency: Bug - did not call instance_notify_deleted when freeing.
   at: ~Dependency (servers/rendering/storage/utilities.cpp:56)
WARNING: Leaked instance dependency: Bug - did not call instance_notify_deleted when freeing.
   at: ~Dependency (servers/rendering/storage/utilities.cpp:56)
WARNING: Leaked instance dependency: Bug - did not call instance_notify_deleted when freeing.
   at: ~Dependency (servers/rendering/storage/utilities.cpp:56)
WARNING: Leaked instance dependency: Bug - did not call instance_notify_deleted when freeing.
   at: ~Dependency (servers/rendering/storage/utilities.cpp:56)
WARNING: Leaked instance dependency: Bug - did not call instance_notify_deleted when freeing.
   at: ~Dependency (servers/rendering/storage/utilities.cpp:56)
WARNING: Leaked instance dependency: Bug - did not call instance_notify_deleted when freeing.
   at: ~Dependency (servers/rendering/storage/utilities.cpp:56)
WARNING: Leaked instance dependency: Bug - did not call instance_notify_deleted when freeing.
   at: ~Dependency (servers/rendering/storage/utilities.cpp:56)
WARNING: Leaked instance dependency: Bug - did not call instance_notify_deleted when freeing.
   at: ~Dependency (servers/rendering/storage/utilities.cpp:56)
WARNING: Leaked instance dependency: Bug - did not call instance_notify_deleted when freeing.
   at: ~Dependency (servers/rendering/storage/utilities.cpp:56)
WARNING: Leaked instance dependency: Bug - did not call instance_notify_deleted when freeing.
   at: ~Dependency (servers/rendering/storage/utilities.cpp:56)
WARNING: Leaked instance dependency: Bug - did not call instance_notify_deleted when freeing.
   at: ~Dependency (servers/rendering/storage/utilities.cpp:56)
WARNING: Leaked instance dependency: Bug - did not call instance_notify_deleted when freeing.
   at: ~Dependency (servers/rendering/storage/utilities.cpp:56)
WARNING: Leaked instance dependency: Bug - did not call instance_notify_deleted when freeing.
   at: ~Dependency (servers/rendering/storage/utilities.cpp:56)
WARNING: Leaked instance dependency: Bug - did not call instance_notify_deleted when freeing.
   at: ~Dependency (servers/rendering/storage/utilities.cpp:56)
WARNING: Leaked instance dependency: Bug - did not call instance_notify_deleted when freeing.
   at: ~Dependency (servers/rendering/storage/utilities.cpp:56)
WARNING: Leaked instance dependency: Bug - did not call instance_notify_deleted when freeing.
   at: ~Dependency (servers/rendering/storage/utilities.cpp:56)
WARNING: Leaked instance dependency: Bug - did not call instance_notify_deleted when freeing.
   at: ~Dependency (servers/rendering/storage/utilities.cpp:56)
WARNING: Leaked instance dependency: Bug - did not call instance_notify_deleted when freeing.
   at: ~Dependency (servers/rendering/storage/utilities.cpp:56)
WARNING: Leaked instance dependency: Bug - did not call instance_notify_deleted when freeing.
   at: ~Dependency (servers/rendering/storage/utilities.cpp:56)
WARNING: Leaked instance dependency: Bug - did not call instance_notify_deleted when freeing.
   at: ~Dependency (servers/rendering/storage/utilities.cpp:56)
WARNING: Leaked instance dependency: Bug - did not call instance_notify_deleted when freeing.
   at: ~Dependency (servers/rendering/storage/utilities.cpp:56)
WARNING: Leaked instance dependency: Bug - did not call instance_notify_deleted when freeing.
   at: ~Dependency (servers/rendering/storage/utilities.cpp:56)
WARNING: Leaked instance dependency: Bug - did not call instance_notify_deleted when freeing.
   at: ~Dependency (servers/rendering/storage/utilities.cpp:56)
WARNING: Leaked instance dependency: Bug - did not call instance_notify_deleted when freeing.
   at: ~Dependency (servers/rendering/storage/utilities.cpp:56)
WARNING: Leaked instance dependency: Bug - did not call instance_notify_deleted when freeing.
   at: ~Dependency (servers/rendering/storage/utilities.cpp:56)
WARNING: Leaked instance dependency: Bug - did not call instance_notify_deleted when freeing.
   at: ~Dependency (servers/rendering/storage/utilities.cpp:56)
WARNING: Leaked instance dependency: Bug - did not call instance_notify_deleted when freeing.
   at: ~Dependency (servers/rendering/storage/utilities.cpp:56)
WARNING: Leaked instance dependency: Bug - did not call instance_notify_deleted when freeing.
   at: ~Dependency (servers/rendering/storage/utilities.cpp:56)
WARNING: Leaked instance dependency: Bug - did not call instance_notify_deleted when freeing.
   at: ~Dependency (servers/rendering/storage/utilities.cpp:56)
WARNING: Leaked instance dependency: Bug - did not call instance_notify_deleted when freeing.
   at: ~Dependency (servers/rendering/storage/utilities.cpp:56)
WARNING: Leaked instance dependency: Bug - did not call instance_notify_deleted when freeing.
   at: ~Dependency (servers/rendering/storage/utilities.cpp:56)
WARNING: Leaked instance dependency: Bug - did not call instance_notify_deleted when freeing.
   at: ~Dependency (servers/rendering/storage/utilities.cpp:56)
WARNING: Leaked instance dependency: Bug - did not call instance_notify_deleted when freeing.
   at: ~Dependency (servers/rendering/storage/utilities.cpp:56)
WARNING: Leaked instance dependency: Bug - did not call instance_notify_deleted when freeing.
   at: ~Dependency (servers/rendering/storage/utilities.cpp:56)
WARNING: Leaked instance dependency: Bug - did not call instance_notify_deleted when freeing.
   at: ~Dependency (servers/rendering/storage/utilities.cpp:56)
WARNING: Leaked instance dependency: Bug - did not call instance_notify_deleted when freeing.
   at: ~Dependency (servers/rendering/storage/utilities.cpp:56)
WARNING: Leaked instance dependency: Bug - did not call instance_notify_deleted when freeing.
   at: ~Dependency (servers/rendering/storage/utilities.cpp:56)
WARNING: Leaked instance dependency: Bug - did not call instance_notify_deleted when freeing.
   at: ~Dependency (servers/rendering/storage/utilities.cpp:56)
WARNING: Leaked instance dependency: Bug - did not call instance_notify_deleted when freeing.
   at: ~Dependency (servers/rendering/storage/utilities.cpp:56)
WARNING: Leaked instance dependency: Bug - did not call instance_notify_deleted when freeing.
   at: ~Dependency (servers/rendering/storage/utilities.cpp:56)
WARNING: Leaked instance dependency: Bug - did not call instance_notify_deleted when freeing.
   at: ~Dependency (servers/rendering/storage/utilities.cpp:56)
WARNING: Leaked instance dependency: Bug - did not call instance_notify_deleted when freeing.
   at: ~Dependency (servers/rendering/storage/utilities.cpp:56)
WARNING: Leaked instance dependency: Bug - did not call instance_notify_deleted when freeing.
   at: ~Dependency (servers/rendering/storage/utilities.cpp:56)
WARNING: Leaked instance dependency: Bug - did not call instance_notify_deleted when freeing.
   at: ~Dependency (servers/rendering/storage/utilities.cpp:56)
WARNING: Leaked instance dependency: Bug - did not call instance_notify_deleted when freeing.
   at: ~Dependency (servers/rendering/storage/utilities.cpp:56)
WARNING: Leaked instance dependency: Bug - did not call instance_notify_deleted when freeing.
   at: ~Dependency (servers/rendering/storage/utilities.cpp:56)
WARNING: Leaked instance dependency: Bug - did not call instance_notify_deleted when freeing.
   at: ~Dependency (servers/rendering/storage/utilities.cpp:56)
WARNING: Leaked instance dependency: Bug - did not call instance_notify_deleted when freeing.
   at: ~Dependency (servers/rendering/storage/utilities.cpp:56)
WARNING: Leaked instance dependency: Bug - did not call instance_notify_deleted when freeing.
   at: ~Dependency (servers/rendering/storage/utilities.cpp:56)
WARNING: Leaked instance dependency: Bug - did not call instance_notify_deleted when freeing.
   at: ~Dependency (servers/rendering/storage/utilities.cpp:56)
WARNING: Leaked instance dependency: Bug - did not call instance_notify_deleted when freeing.
   at: ~Dependency (servers/rendering/storage/utilities.cpp:56)
WARNING: Leaked instance dependency: Bug - did not call instance_notify_deleted when freeing.
   at: ~Dependency (servers/rendering/storage/utilities.cpp:56)
WARNING: Leaked instance dependency: Bug - did not call instance_notify_deleted when freeing.
   at: ~Dependency (servers/rendering/storage/utilities.cpp:56)
WARNING: Leaked instance dependency: Bug - did not call instance_notify_deleted when freeing.
   at: ~Dependency (servers/rendering/storage/utilities.cpp:56)
WARNING: Leaked instance dependency: Bug - did not call instance_notify_deleted when freeing.
   at: ~Dependency (servers/rendering/storage/utilities.cpp:56)
WARNING: Leaked instance dependency: Bug - did not call instance_notify_deleted when freeing.
   at: ~Dependency (servers/rendering/storage/utilities.cpp:56)
WARNING: Leaked instance dependency: Bug - did not call instance_notify_deleted when freeing.
   at: ~Dependency (servers/rendering/storage/utilities.cpp:56)
WARNING: Leaked instance dependency: Bug - did not call instance_notify_deleted when freeing.
   at: ~Dependency (servers/rendering/storage/utilities.cpp:56)
WARNING: Leaked instance dependency: Bug - did not call instance_notify_deleted when freeing.
   at: ~Dependency (servers/rendering/storage/utilities.cpp:56)
WARNING: Leaked instance dependency: Bug - did not call instance_notify_deleted when freeing.
   at: ~Dependency (servers/rendering/storage/utilities.cpp:56)
WARNING: Leaked instance dependency: Bug - did not call instance_notify_deleted when freeing.
   at: ~Dependency (servers/rendering/storage/utilities.cpp:56)
WARNING: Leaked instance dependency: Bug - did not call instance_notify_deleted when freeing.
   at: ~Dependency (servers/rendering/storage/utilities.cpp:56)
WARNING: Leaked instance dependency: Bug - did not call instance_notify_deleted when freeing.
   at: ~Dependency (servers/rendering/storage/utilities.cpp:56)
WARNING: Leaked instance dependency: Bug - did not call instance_notify_deleted when freeing.
   at: ~Dependency (servers/rendering/storage/utilities.cpp:56)
WARNING: Leaked instance dependency: Bug - did not call instance_notify_deleted when freeing.
   at: ~Dependency (servers/rendering/storage/utilities.cpp:56)
WARNING: Leaked instance dependency: Bug - did not call instance_notify_deleted when freeing.
   at: ~Dependency (servers/rendering/storage/utilities.cpp:56)
WARNING: Leaked instance dependency: Bug - did not call instance_notify_deleted when freeing.
   at: ~Dependency (servers/rendering/storage/utilities.cpp:56)
WARNING: Leaked instance dependency: Bug - did not call instance_notify_deleted when freeing.
   at: ~Dependency (servers/rendering/storage/utilities.cpp:56)
WARNING: Leaked instance dependency: Bug - did not call instance_notify_deleted when freeing.
   at: ~Dependency (servers/rendering/storage/utilities.cpp:56)
WARNING: Leaked instance dependency: Bug - did not call instance_notify_deleted when freeing.
   at: ~Dependency (servers/rendering/storage/utilities.cpp:56)
WARNING: Leaked instance dependency: Bug - did not call instance_notify_deleted when freeing.
   at: ~Dependency (servers/rendering/storage/utilities.cpp:56)
WARNING: Leaked instance dependency: Bug - did not call instance_notify_deleted when freeing.
   at: ~Dependency (servers/rendering/storage/utilities.cpp:56)
WARNING: Leaked instance dependency: Bug - did not call instance_notify_deleted when freeing.
   at: ~Dependency (servers/rendering/storage/utilities.cpp:56)
WARNING: Leaked instance dependency: Bug - did not call instance_notify_deleted when freeing.
   at: ~Dependency (servers/rendering/storage/utilities.cpp:56)
WARNING: Leaked instance dependency: Bug - did not call instance_notify_deleted when freeing.
   at: ~Dependency (servers/rendering/storage/utilities.cpp:56)
WARNING: Leaked instance dependency: Bug - did not call instance_notify_deleted when freeing.
   at: ~Dependency (servers/rendering/storage/utilities.cpp:56)
WARNING: Leaked instance dependency: Bug - did not call instance_notify_deleted when freeing.
   at: ~Dependency (servers/rendering/storage/utilities.cpp:56)
WARNING: Leaked instance dependency: Bug - did not call instance_notify_deleted when freeing.
   at: ~Dependency (servers/rendering/storage/utilities.cpp:56)
WARNING: Leaked instance dependency: Bug - did not call instance_notify_deleted when freeing.
   at: ~Dependency (servers/rendering/storage/utilities.cpp:56)
WARNING: Leaked instance dependency: Bug - did not call instance_notify_deleted when freeing.
   at: ~Dependency (servers/rendering/storage/utilities.cpp:56)
WARNING: Leaked instance dependency: Bug - did not call instance_notify_deleted when freeing.
   at: ~Dependency (servers/rendering/storage/utilities.cpp:56)
WARNING: Leaked instance dependency: Bug - did not call instance_notify_deleted when freeing.
   at: ~Dependency (servers/rendering/storage/utilities.cpp:56)
WARNING: Leaked instance dependency: Bug - did not call instance_notify_deleted when freeing.
   at: ~Dependency (servers/rendering/storage/utilities.cpp:56)
WARNING: Leaked instance dependency: Bug - did not call instance_notify_deleted when freeing.
   at: ~Dependency (servers/rendering/storage/utilities.cpp:56)
WARNING: Leaked instance dependency: Bug - did not call instance_notify_deleted when freeing.
   at: ~Dependency (servers/rendering/storage/utilities.cpp:56)
WARNING: Leaked instance dependency: Bug - did not call instance_notify_deleted when freeing.
   at: ~Dependency (servers/rendering/storage/utilities.cpp:56)
WARNING: Leaked instance dependency: Bug - did not call instance_notify_deleted when freeing.
   at: ~Dependency (servers/rendering/storage/utilities.cpp:56)
WARNING: Leaked instance dependency: Bug - did not call instance_notify_deleted when freeing.
   at: ~Dependency (servers/rendering/storage/utilities.cpp:56)
WARNING: Leaked instance dependency: Bug - did not call instance_notify_deleted when freeing.
   at: ~Dependency (servers/rendering/storage/utilities.cpp:56)
WARNING: Leaked instance dependency: Bug - did not call instance_notify_deleted when freeing.
   at: ~Dependency (servers/rendering/storage/utilities.cpp:56)
WARNING: Leaked instance dependency: Bug - did not call instance_notify_deleted when freeing.
   at: ~Dependency (servers/rendering/storage/utilities.cpp:56)
WARNING: Leaked instance dependency: Bug - did not call instance_notify_deleted when freeing.
   at: ~Dependency (servers/rendering/storage/utilities.cpp:56)
WARNING: Leaked instance dependency: Bug - did not call instance_notify_deleted when freeing.
   at: ~Dependency (servers/rendering/storage/utilities.cpp:56)
WARNING: Leaked instance dependency: Bug - did not call instance_notify_deleted when freeing.
   at: ~Dependency (servers/rendering/storage/utilities.cpp:56)
WARNING: Leaked instance dependency: Bug - did not call instance_notify_deleted when freeing.
   at: ~Dependency (servers/rendering/storage/utilities.cpp:56)
WARNING: Leaked instance dependency: Bug - did not call instance_notify_deleted when freeing.
   at: ~Dependency (servers/rendering/storage/utilities.cpp:56)
WARNING: Leaked instance dependency: Bug - did not call instance_notify_deleted when freeing.
   at: ~Dependency (servers/rendering/storage/utilities.cpp:56)
WARNING: Leaked instance dependency: Bug - did not call instance_notify_deleted when freeing.
   at: ~Dependency (servers/rendering/storage/utilities.cpp:56)
WARNING: Leaked instance dependency: Bug - did not call instance_notify_deleted when freeing.
   at: ~Dependency (servers/rendering/storage/utilities.cpp:56)
WARNING: Leaked instance dependency: Bug - did not call instance_notify_deleted when freeing.
   at: ~Dependency (servers/rendering/storage/utilities.cpp:56)
WARNING: Leaked instance dependency: Bug - did not call instance_notify_deleted when freeing.
   at: ~Dependency (servers/rendering/storage/utilities.cpp:56)
WARNING: Leaked instance dependency: Bug - did not call instance_notify_deleted when freeing.
   at: ~Dependency (servers/rendering/storage/utilities.cpp:56)
WARNING: Leaked instance dependency: Bug - did not call instance_notify_deleted when freeing.
   at: ~Dependency (servers/rendering/storage/utilities.cpp:56)
WARNING: Leaked instance dependency: Bug - did not call instance_notify_deleted when freeing.
   at: ~Dependency (servers/rendering/storage/utilities.cpp:56)
WARNING: Leaked instance dependency: Bug - did not call instance_notify_deleted when freeing.
   at: ~Dependency (servers/rendering/storage/utilities.cpp:56)
WARNING: Leaked instance dependency: Bug - did not call instance_notify_deleted when freeing.
   at: ~Dependency (servers/rendering/storage/utilities.cpp:56)
WARNING: Leaked instance dependency: Bug - did not call instance_notify_deleted when freeing.
   at: ~Dependency (servers/rendering/storage/utilities.cpp:56)
WARNING: Leaked instance dependency: Bug - did not call instance_notify_deleted when freeing.
   at: ~Dependency (servers/rendering/storage/utilities.cpp:56)
WARNING: Leaked instance dependency: Bug - did not call instance_notify_deleted when freeing.
   at: ~Dependency (servers/rendering/storage/utilities.cpp:56)
WARNING: Leaked instance dependency: Bug - did not call instance_notify_deleted when freeing.
   at: ~Dependency (servers/rendering/storage/utilities.cpp:56)
WARNING: Leaked instance dependency: Bug - did not call instance_notify_deleted when freeing.
   at: ~Dependency (servers/rendering/storage/utilities.cpp:56)
WARNING: Leaked instance dependency: Bug - did not call instance_notify_deleted when freeing.
   at: ~Dependency (servers/rendering/storage/utilities.cpp:56)
WARNING: Leaked instance dependency: Bug - did not call instance_notify_deleted when freeing.
   at: ~Dependency (servers/rendering/storage/utilities.cpp:56)
WARNING: Leaked instance dependency: Bug - did not call instance_notify_deleted when freeing.
   at: ~Dependency (servers/rendering/storage/utilities.cpp:56)
WARNING: Leaked instance dependency: Bug - did not call instance_notify_deleted when freeing.
   at: ~Dependency (servers/rendering/storage/utilities.cpp:56)
WARNING: Leaked instance dependency: Bug - did not call instance_notify_deleted when freeing.
   at: ~Dependency (servers/rendering/storage/utilities.cpp:56)
WARNING: Leaked instance dependency: Bug - did not call instance_notify_deleted when freeing.
   at: ~Dependency (servers/rendering/storage/utilities.cpp:56)
WARNING: Leaked instance dependency: Bug - did not call instance_notify_deleted when freeing.
   at: ~Dependency (servers/rendering/storage/utilities.cpp:56)
WARNING: Leaked instance dependency: Bug - did not call instance_notify_deleted when freeing.
   at: ~Dependency (servers/rendering/storage/utilities.cpp:56)
WARNING: Leaked instance dependency: Bug - did not call instance_notify_deleted when freeing.
   at: ~Dependency (servers/rendering/storage/utilities.cpp:56)
WARNING: Leaked instance dependency: Bug - did not call instance_notify_deleted when freeing.
   at: ~Dependency (servers/rendering/storage/utilities.cpp:56)
WARNING: Leaked instance dependency: Bug - did not call instance_notify_deleted when freeing.
   at: ~Dependency (servers/rendering/storage/utilities.cpp:56)
WARNING: Leaked instance dependency: Bug - did not call instance_notify_deleted when freeing.
   at: ~Dependency (servers/rendering/storage/utilities.cpp:56)
WARNING: Leaked instance dependency: Bug - did not call instance_notify_deleted when freeing.
   at: ~Dependency (servers/rendering/storage/utilities.cpp:56)
WARNING: Leaked instance dependency: Bug - did not call instance_notify_deleted when freeing.
   at: ~Dependency (servers/rendering/storage/utilities.cpp:56)
WARNING: Leaked instance dependency: Bug - did not call instance_notify_deleted when freeing.
   at: ~Dependency (servers/rendering/storage/utilities.cpp:56)
WARNING: Leaked instance dependency: Bug - did not call instance_notify_deleted when freeing.
   at: ~Dependency (servers/rendering/storage/utilities.cpp:56)
WARNING: Leaked instance dependency: Bug - did not call instance_notify_deleted when freeing.
   at: ~Dependency (servers/rendering/storage/utilities.cpp:56)
WARNING: Leaked instance dependency: Bug - did not call instance_notify_deleted when freeing.
   at: ~Dependency (servers/rendering/storage/utilities.cpp:56)
WARNING: Leaked instance dependency: Bug - did not call instance_notify_deleted when freeing.
   at: ~Dependency (servers/rendering/storage/utilities.cpp:56)
WARNING: Leaked instance dependency: Bug - did not call instance_notify_deleted when freeing.
   at: ~Dependency (servers/rendering/storage/utilities.cpp:56)
WARNING: Leaked instance dependency: Bug - did not call instance_notify_deleted when freeing.
   at: ~Dependency (servers/rendering/storage/utilities.cpp:56)
WARNING: Leaked instance dependency: Bug - did not call instance_notify_deleted when freeing.
   at: ~Dependency (servers/rendering/storage/utilities.cpp:56)
WARNING: Leaked instance dependency: Bug - did not call instance_notify_deleted when freeing.
   at: ~Dependency (servers/rendering/storage/utilities.cpp:56)
WARNING: Leaked instance dependency: Bug - did not call instance_notify_deleted when freeing.
   at: ~Dependency (servers/rendering/storage/utilities.cpp:56)
WARNING: Leaked instance dependency: Bug - did not call instance_notify_deleted when freeing.
   at: ~Dependency (servers/rendering/storage/utilities.cpp:56)
WARNING: Leaked instance dependency: Bug - did not call instance_notify_deleted when freeing.
   at: ~Dependency (servers/rendering/storage/utilities.cpp:56)
WARNING: Leaked instance dependency: Bug - did not call instance_notify_deleted when freeing.
   at: ~Dependency (servers/rendering/storage/utilities.cpp:56)
WARNING: Leaked instance dependency: Bug - did not call instance_notify_deleted when freeing.
   at: ~Dependency (servers/rendering/storage/utilities.cpp:56)
WARNING: Leaked instance dependency: Bug - did not call instance_notify_deleted when freeing.
   at: ~Dependency (servers/rendering/storage/utilities.cpp:56)
WARNING: Leaked instance dependency: Bug - did not call instance_notify_deleted when freeing.
   at: ~Dependency (servers/rendering/storage/utilities.cpp:56)
WARNING: Leaked instance dependency: Bug - did not call instance_notify_deleted when freeing.
   at: ~Dependency (servers/rendering/storage/utilities.cpp:56)
WARNING: Leaked instance dependency: Bug - did not call instance_notify_deleted when freeing.
   at: ~Dependency (servers/rendering/storage/utilities.cpp:56)
WARNING: Leaked instance dependency: Bug - did not call instance_notify_deleted when freeing.
   at: ~Dependency (servers/rendering/storage/utilities.cpp:56)
WARNING: Leaked instance dependency: Bug - did not call instance_notify_deleted when freeing.
   at: ~Dependency (servers/rendering/storage/utilities.cpp:56)
WARNING: Leaked instance dependency: Bug - did not call instance_notify_deleted when freeing.
   at: ~Dependency (servers/rendering/storage/utilities.cpp:56)
WARNING: Leaked instance dependency: Bug - did not call instance_notify_deleted when freeing.
   at: ~Dependency (servers/rendering/storage/utilities.cpp:56)
WARNING: Leaked instance dependency: Bug - did not call instance_notify_deleted when freeing.
   at: ~Dependency (servers/rendering/storage/utilities.cpp:56)
WARNING: Leaked instance dependency: Bug - did not call instance_notify_deleted when freeing.
   at: ~Dependency (servers/rendering/storage/utilities.cpp:56)
WARNING: Leaked instance dependency: Bug - did not call instance_notify_deleted when freeing.
   at: ~Dependency (servers/rendering/storage/utilities.cpp:56)
WARNING: Leaked instance dependency: Bug - did not call instance_notify_deleted when freeing.
   at: ~Dependency (servers/rendering/storage/utilities.cpp:56)
WARNING: Leaked instance dependency: Bug - did not call instance_notify_deleted when freeing.
   at: ~Dependency (servers/rendering/storage/utilities.cpp:56)
WARNING: Leaked instance dependency: Bug - did not call instance_notify_deleted when freeing.
   at: ~Dependency (servers/rendering/storage/utilities.cpp:56)
WARNING: Leaked instance dependency: Bug - did not call instance_notify_deleted when freeing.
   at: ~Dependency (servers/rendering/storage/utilities.cpp:56)
WARNING: Leaked instance dependency: Bug - did not call instance_notify_deleted when freeing.
   at: ~Dependency (servers/rendering/storage/utilities.cpp:56)
WARNING: Leaked instance dependency: Bug - did not call instance_notify_deleted when freeing.
   at: ~Dependency (servers/rendering/storage/utilities.cpp:56)
WARNING: Leaked instance dependency: Bug - did not call instance_notify_deleted when freeing.
   at: ~Dependency (servers/rendering/storage/utilities.cpp:56)
WARNING: Leaked instance dependency: Bug - did not call instance_notify_deleted when freeing.
   at: ~Dependency (servers/rendering/storage/utilities.cpp:56)
WARNING: Leaked instance dependency: Bug - did not call instance_notify_deleted when freeing.
   at: ~Dependency (servers/rendering/storage/utilities.cpp:56)
WARNING: Leaked instance dependency: Bug - did not call instance_notify_deleted when freeing.
   at: ~Dependency (servers/rendering/storage/utilities.cpp:56)
WARNING: Leaked instance dependency: Bug - did not call instance_notify_deleted when freeing.
   at: ~Dependency (servers/rendering/storage/utilities.cpp:56)
WARNING: Leaked instance dependency: Bug - did not call instance_notify_deleted when freeing.
   at: ~Dependency (servers/rendering/storage/utilities.cpp:56)
WARNING: Leaked instance dependency: Bug - did not call instance_notify_deleted when freeing.
   at: ~Dependency (servers/rendering/storage/utilities.cpp:56)
WARNING: Leaked instance dependency: Bug - did not call instance_notify_deleted when freeing.
   at: ~Dependency (servers/rendering/storage/utilities.cpp:56)
WARNING: Leaked instance dependency: Bug - did not call instance_notify_deleted when freeing.
   at: ~Dependency (servers/rendering/storage/utilities.cpp:56)
WARNING: Leaked instance dependency: Bug - did not call instance_notify_deleted when freeing.
   at: ~Dependency (servers/rendering/storage/utilities.cpp:56)
WARNING: Leaked instance dependency: Bug - did not call instance_notify_deleted when freeing.
   at: ~Dependency (servers/rendering/storage/utilities.cpp:56)
WARNING: Leaked instance dependency: Bug - did not call instance_notify_deleted when freeing.
   at: ~Dependency (servers/rendering/storage/utilities.cpp:56)
WARNING: Leaked instance dependency: Bug - did not call instance_notify_deleted when freeing.
   at: ~Dependency (servers/rendering/storage/utilities.cpp:56)
WARNING: Leaked instance dependency: Bug - did not call instance_notify_deleted when freeing.
   at: ~Dependency (servers/rendering/storage/utilities.cpp:56)
WARNING: Leaked instance dependency: Bug - did not call instance_notify_deleted when freeing.
   at: ~Dependency (servers/rendering/storage/utilities.cpp:56)
WARNING: Leaked instance dependency: Bug - did not call instance_notify_deleted when freeing.
   at: ~Dependency (servers/rendering/storage/utilities.cpp:56)
WARNING: Leaked instance dependency: Bug - did not call instance_notify_deleted when freeing.
   at: ~Dependency (servers/rendering/storage/utilities.cpp:56)
WARNING: Leaked instance dependency: Bug - did not call instance_notify_deleted when freeing.
   at: ~Dependency (servers/rendering/storage/utilities.cpp:56)
WARNING: Leaked instance dependency: Bug - did not call instance_notify_deleted when freeing.
   at: ~Dependency (servers/rendering/storage/utilities.cpp:56)
WARNING: Leaked instance dependency: Bug - did not call instance_notify_deleted when freeing.
   at: ~Dependency (servers/rendering/storage/utilities.cpp:56)
WARNING: Leaked instance dependency: Bug - did not call instance_notify_deleted when freeing.
   at: ~Dependency (servers/rendering/storage/utilities.cpp:56)
WARNING: Leaked instance dependency: Bug - did not call instance_notify_deleted when freeing.
   at: ~Dependency (servers/rendering/storage/utilities.cpp:56)
WARNING: Leaked instance dependency: Bug - did not call instance_notify_deleted when freeing.
   at: ~Dependency (servers/rendering/storage/utilities.cpp:56)
WARNING: Leaked instance dependency: Bug - did not call instance_notify_deleted when freeing.
   at: ~Dependency (servers/rendering/storage/utilities.cpp:56)
WARNING: Leaked instance dependency: Bug - did not call instance_notify_deleted when freeing.
   at: ~Dependency (servers/rendering/storage/utilities.cpp:56)
WARNING: Leaked instance dependency: Bug - did not call instance_notify_deleted when freeing.
   at: ~Dependency (servers/rendering/storage/utilities.cpp:56)
WARNING: Leaked instance dependency: Bug - did not call instance_notify_deleted when freeing.
   at: ~Dependency (servers/rendering/storage/utilities.cpp:56)
WARNING: Leaked instance dependency: Bug - did not call instance_notify_deleted when freeing.
   at: ~Dependency (servers/rendering/storage/utilities.cpp:56)
WARNING: Leaked instance dependency: Bug - did not call instance_notify_deleted when freeing.
   at: ~Dependency (servers/rendering/storage/utilities.cpp:56)
WARNING: Leaked instance dependency: Bug - did not call instance_notify_deleted when freeing.
   at: ~Dependency (servers/rendering/storage/utilities.cpp:56)
WARNING: Leaked instance dependency: Bug - did not call instance_notify_deleted when freeing.
   at: ~Dependency (servers/rendering/storage/utilities.cpp:56)
WARNING: Leaked instance dependency: Bug - did not call instance_notify_deleted when freeing.
   at: ~Dependency (servers/rendering/storage/utilities.cpp:56)
WARNING: Leaked instance dependency: Bug - did not call instance_notify_deleted when freeing.
   at: ~Dependency (servers/rendering/storage/utilities.cpp:56)
WARNING: Leaked instance dependency: Bug - did not call instance_notify_deleted when freeing.
   at: ~Dependency (servers/rendering/storage/utilities.cpp:56)
WARNING: Leaked instance dependency: Bug - did not call instance_notify_deleted when freeing.
   at: ~Dependency (servers/rendering/storage/utilities.cpp:56)
WARNING: Leaked instance dependency: Bug - did not call instance_notify_deleted when freeing.
   at: ~Dependency (servers/rendering/storage/utilities.cpp:56)
WARNING: Leaked instance dependency: Bug - did not call instance_notify_deleted when freeing.
   at: ~Dependency (servers/rendering/storage/utilities.cpp:56)
WARNING: Leaked instance dependency: Bug - did not call instance_notify_deleted when freeing.
   at: ~Dependency (servers/rendering/storage/utilities.cpp:56)
WARNING: Leaked instance dependency: Bug - did not call instance_notify_deleted when freeing.
   at: ~Dependency (servers/rendering/storage/utilities.cpp:56)
WARNING: Leaked instance dependency: Bug - did not call instance_notify_deleted when freeing.
   at: ~Dependency (servers/rendering/storage/utilities.cpp:56)
WARNING: Leaked instance dependency: Bug - did not call instance_notify_deleted when freeing.
   at: ~Dependency (servers/rendering/storage/utilities.cpp:56)
WARNING: Leaked instance dependency: Bug - did not call instance_notify_deleted when freeing.
   at: ~Dependency (servers/rendering/storage/utilities.cpp:56)
WARNING: Leaked instance dependency: Bug - did not call instance_notify_deleted when freeing.
   at: ~Dependency (servers/rendering/storage/utilities.cpp:56)
WARNING: Leaked instance dependency: Bug - did not call instance_notify_deleted when freeing.
   at: ~Dependency (servers/rendering/storage/utilities.cpp:56)
WARNING: Leaked instance dependency: Bug - did not call instance_notify_deleted when freeing.
   at: ~Dependency (servers/rendering/storage/utilities.cpp:56)
WARNING: Leaked instance dependency: Bug - did not call instance_notify_deleted when freeing.
   at: ~Dependency (servers/rendering/storage/utilities.cpp:56)
WARNING: Leaked instance dependency: Bug - did not call instance_notify_deleted when freeing.
   at: ~Dependency (servers/rendering/storage/utilities.cpp:56)
WARNING: Leaked instance dependency: Bug - did not call instance_notify_deleted when freeing.
   at: ~Dependency (servers/rendering/storage/utilities.cpp:56)
WARNING: Leaked instance dependency: Bug - did not call instance_notify_deleted when freeing.
   at: ~Dependency (servers/rendering/storage/utilities.cpp:56)
WARNING: Leaked instance dependency: Bug - did not call instance_notify_deleted when freeing.
   at: ~Dependency (servers/rendering/storage/utilities.cpp:56)
WARNING: Leaked instance dependency: Bug - did not call instance_notify_deleted when freeing.
   at: ~Dependency (servers/rendering/storage/utilities.cpp:56)
WARNING: Leaked instance dependency: Bug - did not call instance_notify_deleted when freeing.
   at: ~Dependency (servers/rendering/storage/utilities.cpp:56)
WARNING: Leaked instance dependency: Bug - did not call instance_notify_deleted when freeing.
   at: ~Dependency (servers/rendering/storage/utilities.cpp:56)
WARNING: Leaked instance dependency: Bug - did not call instance_notify_deleted when freeing.
   at: ~Dependency (servers/rendering/storage/utilities.cpp:56)
WARNING: Leaked instance dependency: Bug - did not call instance_notify_deleted when freeing.
   at: ~Dependency (servers/rendering/storage/utilities.cpp:56)
WARNING: Leaked instance dependency: Bug - did not call instance_notify_deleted when freeing.
   at: ~Dependency (servers/rendering/storage/utilities.cpp:56)
WARNING: Leaked instance dependency: Bug - did not call instance_notify_deleted when freeing.
   at: ~Dependency (servers/rendering/storage/utilities.cpp:56)
WARNING: Leaked instance dependency: Bug - did not call instance_notify_deleted when freeing.
   at: ~Dependency (servers/rendering/storage/utilities.cpp:56)
WARNING: Leaked instance dependency: Bug - did not call instance_notify_deleted when freeing.
   at: ~Dependency (servers/rendering/storage/utilities.cpp:56)
WARNING: Leaked instance dependency: Bug - did not call instance_notify_deleted when freeing.
   at: ~Dependency (servers/rendering/storage/utilities.cpp:56)
WARNING: Leaked instance dependency: Bug - did not call instance_notify_deleted when freeing.
   at: ~Dependency (servers/rendering/storage/utilities.cpp:56)
WARNING: Leaked instance dependency: Bug - did not call instance_notify_deleted when freeing.
   at: ~Dependency (servers/rendering/storage/utilities.cpp:56)
WARNING: Leaked instance dependency: Bug - did not call instance_notify_deleted when freeing.
   at: ~Dependency (servers/rendering/storage/utilities.cpp:56)
WARNING: Leaked instance dependency: Bug - did not call instance_notify_deleted when freeing.
   at: ~Dependency (servers/rendering/storage/utilities.cpp:56)
WARNING: Leaked instance dependency: Bug - did not call instance_notify_deleted when freeing.
   at: ~Dependency (servers/rendering/storage/utilities.cpp:56)
WARNING: Leaked instance dependency: Bug - did not call instance_notify_deleted when freeing.
   at: ~Dependency (servers/rendering/storage/utilities.cpp:56)
WARNING: Leaked instance dependency: Bug - did not call instance_notify_deleted when freeing.
   at: ~Dependency (servers/rendering/storage/utilities.cpp:56)
WARNING: Leaked instance dependency: Bug - did not call instance_notify_deleted when freeing.
   at: ~Dependency (servers/rendering/storage/utilities.cpp:56)
WARNING: Leaked instance dependency: Bug - did not call instance_notify_deleted when freeing.
   at: ~Dependency (servers/rendering/storage/utilities.cpp:56)
WARNING: Leaked instance dependency: Bug - did not call instance_notify_deleted when freeing.
   at: ~Dependency (servers/rendering/storage/utilities.cpp:56)
WARNING: Leaked instance dependency: Bug - did not call instance_notify_deleted when freeing.
   at: ~Dependency (servers/rendering/storage/utilities.cpp:56)
WARNING: Leaked instance dependency: Bug - did not call instance_notify_deleted when freeing.
   at: ~Dependency (servers/rendering/storage/utilities.cpp:56)
WARNING: Leaked instance dependency: Bug - did not call instance_notify_deleted when freeing.
   at: ~Dependency (servers/rendering/storage/utilities.cpp:56)
WARNING: Leaked instance dependency: Bug - did not call instance_notify_deleted when freeing.
   at: ~Dependency (servers/rendering/storage/utilities.cpp:56)
WARNING: Leaked instance dependency: Bug - did not call instance_notify_deleted when freeing.
   at: ~Dependency (servers/rendering/storage/utilities.cpp:56)
WARNING: Leaked instance dependency: Bug - did not call instance_notify_deleted when freeing.
   at: ~Dependency (servers/rendering/storage/utilities.cpp:56)
WARNING: Leaked instance dependency: Bug - did not call instance_notify_deleted when freeing.
   at: ~Dependency (servers/rendering/storage/utilities.cpp:56)
WARNING: Leaked instance dependency: Bug - did not call instance_notify_deleted when freeing.
   at: ~Dependency (servers/rendering/storage/utilities.cpp:56)
WARNING: Leaked instance dependency: Bug - did not call instance_notify_deleted when freeing.
   at: ~Dependency (servers/rendering/storage/utilities.cpp:56)
WARNING: Leaked instance dependency: Bug - did not call instance_notify_deleted when freeing.
   at: ~Dependency (servers/rendering/storage/utilities.cpp:56)
WARNING: Leaked instance dependency: Bug - did not call instance_notify_deleted when freeing.
   at: ~Dependency (servers/rendering/storage/utilities.cpp:56)
WARNING: Leaked instance dependency: Bug - did not call instance_notify_deleted when freeing.
   at: ~Dependency (servers/rendering/storage/utilities.cpp:56)
WARNING: Leaked instance dependency: Bug - did not call instance_notify_deleted when freeing.
   at: ~Dependency (servers/rendering/storage/utilities.cpp:56)
WARNING: Leaked instance dependency: Bug - did not call instance_notify_deleted when freeing.
   at: ~Dependency (servers/rendering/storage/utilities.cpp:56)
WARNING: Leaked instance dependency: Bug - did not call instance_notify_deleted when freeing.
   at: ~Dependency (servers/rendering/storage/utilities.cpp:56)
WARNING: Leaked instance dependency: Bug - did not call instance_notify_deleted when freeing.
   at: ~Dependency (servers/rendering/storage/utilities.cpp:56)
WARNING: Leaked instance dependency: Bug - did not call instance_notify_deleted when freeing.
   at: ~Dependency (servers/rendering/storage/utilities.cpp:56)
WARNING: Leaked instance dependency: Bug - did not call instance_notify_deleted when freeing.
   at: ~Dependency (servers/rendering/storage/utilities.cpp:56)
WARNING: Leaked instance dependency: Bug - did not call instance_notify_deleted when freeing.
   at: ~Dependency (servers/rendering/storage/utilities.cpp:56)
WARNING: Leaked instance dependency: Bug - did not call instance_notify_deleted when freeing.
   at: ~Dependency (servers/rendering/storage/utilities.cpp:56)
WARNING: Leaked instance dependency: Bug - did not call instance_notify_deleted when freeing.
   at: ~Dependency (servers/rendering/storage/utilities.cpp:56)
WARNING: Leaked instance dependency: Bug - did not call instance_notify_deleted when freeing.
   at: ~Dependency (servers/rendering/storage/utilities.cpp:56)
WARNING: Leaked instance dependency: Bug - did not call instance_notify_deleted when freeing.
   at: ~Dependency (servers/rendering/storage/utilities.cpp:56)
WARNING: Leaked instance dependency: Bug - did not call instance_notify_deleted when freeing.
   at: ~Dependency (servers/rendering/storage/utilities.cpp:56)
WARNING: Leaked instance dependency: Bug - did not call instance_notify_deleted when freeing.
   at: ~Dependency (servers/rendering/storage/utilities.cpp:56)
WARNING: Leaked instance dependency: Bug - did not call instance_notify_deleted when freeing.
   at: ~Dependency (servers/rendering/storage/utilities.cpp:56)
WARNING: Leaked instance dependency: Bug - did not call instance_notify_deleted when freeing.
   at: ~Dependency (servers/rendering/storage/utilities.cpp:56)
WARNING: Leaked instance dependency: Bug - did not call instance_notify_deleted when freeing.
   at: ~Dependency (servers/rendering/storage/utilities.cpp:56)
WARNING: Leaked instance dependency: Bug - did not call instance_notify_deleted when freeing.
   at: ~Dependency (servers/rendering/storage/utilities.cpp:56)
WARNING: Leaked instance dependency: Bug - did not call instance_notify_deleted when freeing.
   at: ~Dependency (servers/rendering/storage/utilities.cpp:56)
WARNING: Leaked instance dependency: Bug - did not call instance_notify_deleted when freeing.
   at: ~Dependency (servers/rendering/storage/utilities.cpp:56)
WARNING: Leaked instance dependency: Bug - did not call instance_notify_deleted when freeing.
   at: ~Dependency (servers/rendering/storage/utilities.cpp:56)
WARNING: Leaked instance dependency: Bug - did not call instance_notify_deleted when freeing.
   at: ~Dependency (servers/rendering/storage/utilities.cpp:56)
WARNING: Leaked instance dependency: Bug - did not call instance_notify_deleted when freeing.
   at: ~Dependency (servers/rendering/storage/utilities.cpp:56)
WARNING: Leaked instance dependency: Bug - did not call instance_notify_deleted when freeing.
   at: ~Dependency (servers/rendering/storage/utilities.cpp:56)
WARNING: Leaked instance dependency: Bug - did not call instance_notify_deleted when freeing.
   at: ~Dependency (servers/rendering/storage/utilities.cpp:56)
WARNING: Leaked instance dependency: Bug - did not call instance_notify_deleted when freeing.
   at: ~Dependency (servers/rendering/storage/utilities.cpp:56)
WARNING: Leaked instance dependency: Bug - did not call instance_notify_deleted when freeing.
   at: ~Dependency (servers/rendering/storage/utilities.cpp:56)
WARNING: Leaked instance dependency: Bug - did not call instance_notify_deleted when freeing.
   at: ~Dependency (servers/rendering/storage/utilities.cpp:56)
WARNING: Leaked instance dependency: Bug - did not call instance_notify_deleted when freeing.
   at: ~Dependency (servers/rendering/storage/utilities.cpp:56)
WARNING: Leaked instance dependency: Bug - did not call instance_notify_deleted when freeing.
   at: ~Dependency (servers/rendering/storage/utilities.cpp:56)
WARNING: Leaked instance dependency: Bug - did not call instance_notify_deleted when freeing.
   at: ~Dependency (servers/rendering/storage/utilities.cpp:56)
WARNING: Leaked instance dependency: Bug - did not call instance_notify_deleted when freeing.
   at: ~Dependency (servers/rendering/storage/utilities.cpp:56)
WARNING: Leaked instance dependency: Bug - did not call instance_notify_deleted when freeing.
   at: ~Dependency (servers/rendering/storage/utilities.cpp:56)
WARNING: Leaked instance dependency: Bug - did not call instance_notify_deleted when freeing.
   at: ~Dependency (servers/rendering/storage/utilities.cpp:56)
WARNING: Leaked instance dependency: Bug - did not call instance_notify_deleted when freeing.
   at: ~Dependency (servers/rendering/storage/utilities.cpp:56)
WARNING: Leaked instance dependency: Bug - did not call instance_notify_deleted when freeing.
   at: ~Dependency (servers/rendering/storage/utilities.cpp:56)
WARNING: Leaked instance dependency: Bug - did not call instance_notify_deleted when freeing.
   at: ~Dependency (servers/rendering/storage/utilities.cpp:56)
WARNING: Leaked instance dependency: Bug - did not call instance_notify_deleted when freeing.
   at: ~Dependency (servers/rendering/storage/utilities.cpp:56)
WARNING: Leaked instance dependency: Bug - did not call instance_notify_deleted when freeing.
   at: ~Dependency (servers/rendering/storage/utilities.cpp:56)
WARNING: Leaked instance dependency: Bug - did not call instance_notify_deleted when freeing.
   at: ~Dependency (servers/rendering/storage/utilities.cpp:56)
WARNING: Leaked instance dependency: Bug - did not call instance_notify_deleted when freeing.
   at: ~Dependency (servers/rendering/storage/utilities.cpp:56)
WARNING: Leaked instance dependency: Bug - did not call instance_notify_deleted when freeing.
   at: ~Dependency (servers/rendering/storage/utilities.cpp:56)
WARNING: Leaked instance dependency: Bug - did not call instance_notify_deleted when freeing.
   at: ~Dependency (servers/rendering/storage/utilities.cpp:56)
WARNING: Leaked instance dependency: Bug - did not call instance_notify_deleted when freeing.
   at: ~Dependency (servers/rendering/storage/utilities.cpp:56)
WARNING: Leaked instance dependency: Bug - did not call instance_notify_deleted when freeing.
   at: ~Dependency (servers/rendering/storage/utilities.cpp:56)
WARNING: Leaked instance dependency: Bug - did not call instance_notify_deleted when freeing.
   at: ~Dependency (servers/rendering/storage/utilities.cpp:56)
WARNING: Leaked instance dependency: Bug - did not call instance_notify_deleted when freeing.
   at: ~Dependency (servers/rendering/storage/utilities.cpp:56)
WARNING: Leaked instance dependency: Bug - did not call instance_notify_deleted when freeing.
   at: ~Dependency (servers/rendering/storage/utilities.cpp:56)
WARNING: Leaked instance dependency: Bug - did not call instance_notify_deleted when freeing.
   at: ~Dependency (servers/rendering/storage/utilities.cpp:56)
WARNING: Leaked instance dependency: Bug - did not call instance_notify_deleted when freeing.
   at: ~Dependency (servers/rendering/storage/utilities.cpp:56)
WARNING: Leaked instance dependency: Bug - did not call instance_notify_deleted when freeing.
   at: ~Dependency (servers/rendering/storage/utilities.cpp:56)
WARNING: Leaked instance dependency: Bug - did not call instance_notify_deleted when freeing.
   at: ~Dependency (servers/rendering/storage/utilities.cpp:56)
WARNING: Leaked instance dependency: Bug - did not call instance_notify_deleted when freeing.
   at: ~Dependency (servers/rendering/storage/utilities.cpp:56)
WARNING: Leaked instance dependency: Bug - did not call instance_notify_deleted when freeing.
   at: ~Dependency (servers/rendering/storage/utilities.cpp:56)
WARNING: Leaked instance dependency: Bug - did not call instance_notify_deleted when freeing.
   at: ~Dependency (servers/rendering/storage/utilities.cpp:56)
WARNING: Leaked instance dependency: Bug - did not call instance_notify_deleted when freeing.
   at: ~Dependency (servers/rendering/storage/utilities.cpp:56)
WARNING: Leaked instance dependency: Bug - did not call instance_notify_deleted when freeing.
   at: ~Dependency (servers/rendering/storage/utilities.cpp:56)
WARNING: Leaked instance dependency: Bug - did not call instance_notify_deleted when freeing.
   at: ~Dependency (servers/rendering/storage/utilities.cpp:56)
WARNING: Leaked instance dependency: Bug - did not call instance_notify_deleted when freeing.
   at: ~Dependency (servers/rendering/storage/utilities.cpp:56)
WARNING: Leaked instance dependency: Bug - did not call instance_notify_deleted when freeing.
   at: ~Dependency (servers/rendering/storage/utilities.cpp:56)
WARNING: Leaked instance dependency: Bug - did not call instance_notify_deleted when freeing.
   at: ~Dependency (servers/rendering/storage/utilities.cpp:56)
WARNING: Leaked instance dependency: Bug - did not call instance_notify_deleted when freeing.
   at: ~Dependency (servers/rendering/storage/utilities.cpp:56)
WARNING: Leaked instance dependency: Bug - did not call instance_notify_deleted when freeing.
   at: ~Dependency (servers/rendering/storage/utilities.cpp:56)
WARNING: Leaked instance dependency: Bug - did not call instance_notify_deleted when freeing.
   at: ~Dependency (servers/rendering/storage/utilities.cpp:56)
WARNING: Leaked instance dependency: Bug - did not call instance_notify_deleted when freeing.
   at: ~Dependency (servers/rendering/storage/utilities.cpp:56)
WARNING: Leaked instance dependency: Bug - did not call instance_notify_deleted when freeing.
   at: ~Dependency (servers/rendering/storage/utilities.cpp:56)
WARNING: Leaked instance dependency: Bug - did not call instance_notify_deleted when freeing.
   at: ~Dependency (servers/rendering/storage/utilities.cpp:56)
WARNING: Leaked instance dependency: Bug - did not call instance_notify_deleted when freeing.
   at: ~Dependency (servers/rendering/storage/utilities.cpp:56)
WARNING: Leaked instance dependency: Bug - did not call instance_notify_deleted when freeing.
   at: ~Dependency (servers/rendering/storage/utilities.cpp:56)
WARNING: Leaked instance dependency: Bug - did not call instance_notify_deleted when freeing.
   at: ~Dependency (servers/rendering/storage/utilities.cpp:56)
WARNING: Leaked instance dependency: Bug - did not call instance_notify_deleted when freeing.
   at: ~Dependency (servers/rendering/storage/utilities.cpp:56)
WARNING: Leaked instance dependency: Bug - did not call instance_notify_deleted when freeing.
   at: ~Dependency (servers/rendering/storage/utilities.cpp:56)
WARNING: Leaked instance dependency: Bug - did not call instance_notify_deleted when freeing.
   at: ~Dependency (servers/rendering/storage/utilities.cpp:56)
WARNING: Leaked instance dependency: Bug - did not call instance_notify_deleted when freeing.
   at: ~Dependency (servers/rendering/storage/utilities.cpp:56)
WARNING: Leaked instance dependency: Bug - did not call instance_notify_deleted when freeing.
   at: ~Dependency (servers/rendering/storage/utilities.cpp:56)
WARNING: Leaked instance dependency: Bug - did not call instance_notify_deleted when freeing.
   at: ~Dependency (servers/rendering/storage/utilities.cpp:56)
WARNING: Leaked instance dependency: Bug - did not call instance_notify_deleted when freeing.
   at: ~Dependency (servers/rendering/storage/utilities.cpp:56)
WARNING: Leaked instance dependency: Bug - did not call instance_notify_deleted when freeing.
   at: ~Dependency (servers/rendering/storage/utilities.cpp:56)
WARNING: Leaked instance dependency: Bug - did not call instance_notify_deleted when freeing.
   at: ~Dependency (servers/rendering/storage/utilities.cpp:56)
WARNING: Leaked instance dependency: Bug - did not call instance_notify_deleted when freeing.
   at: ~Dependency (servers/rendering/storage/utilities.cpp:56)
WARNING: Leaked instance dependency: Bug - did not call instance_notify_deleted when freeing.
   at: ~Dependency (servers/rendering/storage/utilities.cpp:56)
WARNING: Leaked instance dependency: Bug - did not call instance_notify_deleted when freeing.
   at: ~Dependency (servers/rendering/storage/utilities.cpp:56)
WARNING: Leaked instance dependency: Bug - did not call instance_notify_deleted when freeing.
   at: ~Dependency (servers/rendering/storage/utilities.cpp:56)
WARNING: Leaked instance dependency: Bug - did not call instance_notify_deleted when freeing.
   at: ~Dependency (servers/rendering/storage/utilities.cpp:56)
WARNING: Leaked instance dependency: Bug - did not call instance_notify_deleted when freeing.
   at: ~Dependency (servers/rendering/storage/utilities.cpp:56)
WARNING: Leaked instance dependency: Bug - did not call instance_notify_deleted when freeing.
   at: ~Dependency (servers/rendering/storage/utilities.cpp:56)
WARNING: Leaked instance dependency: Bug - did not call instance_notify_deleted when freeing.
   at: ~Dependency (servers/rendering/storage/utilities.cpp:56)
WARNING: Leaked instance dependency: Bug - did not call instance_notify_deleted when freeing.
   at: ~Dependency (servers/rendering/storage/utilities.cpp:56)
WARNING: Leaked instance dependency: Bug - did not call instance_notify_deleted when freeing.
   at: ~Dependency (servers/rendering/storage/utilities.cpp:56)
WARNING: Leaked instance dependency: Bug - did not call instance_notify_deleted when freeing.
   at: ~Dependency (servers/rendering/storage/utilities.cpp:56)
WARNING: Leaked instance dependency: Bug - did not call instance_notify_deleted when freeing.
   at: ~Dependency (servers/rendering/storage/utilities.cpp:56)
WARNING: Leaked instance dependency: Bug - did not call instance_notify_deleted when freeing.
   at: ~Dependency (servers/rendering/storage/utilities.cpp:56)
WARNING: Leaked instance dependency: Bug - did not call instance_notify_deleted when freeing.
   at: ~Dependency (servers/rendering/storage/utilities.cpp:56)
WARNING: Leaked instance dependency: Bug - did not call instance_notify_deleted when freeing.
   at: ~Dependency (servers/rendering/storage/utilities.cpp:56)
WARNING: Leaked instance dependency: Bug - did not call instance_notify_deleted when freeing.
   at: ~Dependency (servers/rendering/storage/utilities.cpp:56)
WARNING: Leaked instance dependency: Bug - did not call instance_notify_deleted when freeing.
   at: ~Dependency (servers/rendering/storage/utilities.cpp:56)
WARNING: Leaked instance dependency: Bug - did not call instance_notify_deleted when freeing.
   at: ~Dependency (servers/rendering/storage/utilities.cpp:56)
WARNING: Leaked instance dependency: Bug - did not call instance_notify_deleted when freeing.
   at: ~Dependency (servers/rendering/storage/utilities.cpp:56)
WARNING: Leaked instance dependency: Bug - did not call instance_notify_deleted when freeing.
   at: ~Dependency (servers/rendering/storage/utilities.cpp:56)
WARNING: Leaked instance dependency: Bug - did not call instance_notify_deleted when freeing.
   at: ~Dependency (servers/rendering/storage/utilities.cpp:56)
WARNING: Leaked instance dependency: Bug - did not call instance_notify_deleted when freeing.
   at: ~Dependency (servers/rendering/storage/utilities.cpp:56)
WARNING: Leaked instance dependency: Bug - did not call instance_notify_deleted when freeing.
   at: ~Dependency (servers/rendering/storage/utilities.cpp:56)
WARNING: Leaked instance dependency: Bug - did not call instance_notify_deleted when freeing.
   at: ~Dependency (servers/rendering/storage/utilities.cpp:56)
WARNING: Leaked instance dependency: Bug - did not call instance_notify_deleted when freeing.
   at: ~Dependency (servers/rendering/storage/utilities.cpp:56)
WARNING: Leaked instance dependency: Bug - did not call instance_notify_deleted when freeing.
   at: ~Dependency (servers/rendering/storage/utilities.cpp:56)
WARNING: Leaked instance dependency: Bug - did not call instance_notify_deleted when freeing.
   at: ~Dependency (servers/rendering/storage/utilities.cpp:56)
WARNING: Leaked instance dependency: Bug - did not call instance_notify_deleted when freeing.
   at: ~Dependency (servers/rendering/storage/utilities.cpp:56)
WARNING: Leaked instance dependency: Bug - did not call instance_notify_deleted when freeing.
   at: ~Dependency (servers/rendering/storage/utilities.cpp:56)
WARNING: Leaked instance dependency: Bug - did not call instance_notify_deleted when freeing.
   at: ~Dependency (servers/rendering/storage/utilities.cpp:56)
WARNING: Leaked instance dependency: Bug - did not call instance_notify_deleted when freeing.
   at: ~Dependency (servers/rendering/storage/utilities.cpp:56)
WARNING: Leaked instance dependency: Bug - did not call instance_notify_deleted when freeing.
   at: ~Dependency (servers/rendering/storage/utilities.cpp:56)
WARNING: Leaked instance dependency: Bug - did not call instance_notify_deleted when freeing.
   at: ~Dependency (servers/rendering/storage/utilities.cpp:56)
WARNING: Leaked instance dependency: Bug - did not call instance_notify_deleted when freeing.
   at: ~Dependency (servers/rendering/storage/utilities.cpp:56)
WARNING: Leaked instance dependency: Bug - did not call instance_notify_deleted when freeing.
   at: ~Dependency (servers/rendering/storage/utilities.cpp:56)
WARNING: Leaked instance dependency: Bug - did not call instance_notify_deleted when freeing.
   at: ~Dependency (servers/rendering/storage/utilities.cpp:56)
WARNING: Leaked instance dependency: Bug - did not call instance_notify_deleted when freeing.
   at: ~Dependency (servers/rendering/storage/utilities.cpp:56)
WARNING: Leaked instance dependency: Bug - did not call instance_notify_deleted when freeing.
   at: ~Dependency (servers/rendering/storage/utilities.cpp:56)
WARNING: Leaked instance dependency: Bug - did not call instance_notify_deleted when freeing.
   at: ~Dependency (servers/rendering/storage/utilities.cpp:56)
WARNING: Leaked instance dependency: Bug - did not call instance_notify_deleted when freeing.
   at: ~Dependency (servers/rendering/storage/utilities.cpp:56)
WARNING: Leaked instance dependency: Bug - did not call instance_notify_deleted when freeing.
   at: ~Dependency (servers/rendering/storage/utilities.cpp:56)
WARNING: Leaked instance dependency: Bug - did not call instance_notify_deleted when freeing.
   at: ~Dependency (servers/rendering/storage/utilities.cpp:56)
WARNING: Leaked instance dependency: Bug - did not call instance_notify_deleted when freeing.
   at: ~Dependency (servers/rendering/storage/utilities.cpp:56)
WARNING: Leaked instance dependency: Bug - did not call instance_notify_deleted when freeing.
   at: ~Dependency (servers/rendering/storage/utilities.cpp:56)
WARNING: Leaked instance dependency: Bug - did not call instance_notify_deleted when freeing.
   at: ~Dependency (servers/rendering/storage/utilities.cpp:56)
WARNING: Leaked instance dependency: Bug - did not call instance_notify_deleted when freeing.
   at: ~Dependency (servers/rendering/storage/utilities.cpp:56)
WARNING: Leaked instance dependency: Bug - did not call instance_notify_deleted when freeing.
   at: ~Dependency (servers/rendering/storage/utilities.cpp:56)
WARNING: Leaked instance dependency: Bug - did not call instance_notify_deleted when freeing.
   at: ~Dependency (servers/rendering/storage/utilities.cpp:56)
WARNING: Leaked instance dependency: Bug - did not call instance_notify_deleted when freeing.
   at: ~Dependency (servers/rendering/storage/utilities.cpp:56)
WARNING: Leaked instance dependency: Bug - did not call instance_notify_deleted when freeing.
   at: ~Dependency (servers/rendering/storage/utilities.cpp:56)
WARNING: Leaked instance dependency: Bug - did not call instance_notify_deleted when freeing.
   at: ~Dependency (servers/rendering/storage/utilities.cpp:56)
WARNING: Leaked instance dependency: Bug - did not call instance_notify_deleted when freeing.
   at: ~Dependency (servers/rendering/storage/utilities.cpp:56)
WARNING: Leaked instance dependency: Bug - did not call instance_notify_deleted when freeing.
   at: ~Dependency (servers/rendering/storage/utilities.cpp:56)
WARNING: Leaked instance dependency: Bug - did not call instance_notify_deleted when freeing.
   at: ~Dependency (servers/rendering/storage/utilities.cpp:56)
WARNING: Leaked instance dependency: Bug - did not call instance_notify_deleted when freeing.
   at: ~Dependency (servers/rendering/storage/utilities.cpp:56)
WARNING: Leaked instance dependency: Bug - did not call instance_notify_deleted when freeing.
   at: ~Dependency (servers/rendering/storage/utilities.cpp:56)
WARNING: Leaked instance dependency: Bug - did not call instance_notify_deleted when freeing.
   at: ~Dependency (servers/rendering/storage/utilities.cpp:56)
WARNING: Leaked instance dependency: Bug - did not call instance_notify_deleted when freeing.
   at: ~Dependency (servers/rendering/storage/utilities.cpp:56)
WARNING: Leaked instance dependency: Bug - did not call instance_notify_deleted when freeing.
   at: ~Dependency (servers/rendering/storage/utilities.cpp:56)
WARNING: Leaked instance dependency: Bug - did not call instance_notify_deleted when freeing.
   at: ~Dependency (servers/rendering/storage/utilities.cpp:56)
WARNING: Leaked instance dependency: Bug - did not call instance_notify_deleted when freeing.
   at: ~Dependency (servers/rendering/storage/utilities.cpp:56)
WARNING: Leaked instance dependency: Bug - did not call instance_notify_deleted when freeing.
   at: ~Dependency (servers/rendering/storage/utilities.cpp:56)
WARNING: Leaked instance dependency: Bug - did not call instance_notify_deleted when freeing.
   at: ~Dependency (servers/rendering/storage/utilities.cpp:56)
WARNING: Leaked instance dependency: Bug - did not call instance_notify_deleted when freeing.
   at: ~Dependency (servers/rendering/storage/utilities.cpp:56)
WARNING: Leaked instance dependency: Bug - did not call instance_notify_deleted when freeing.
   at: ~Dependency (servers/rendering/storage/utilities.cpp:56)
WARNING: Leaked instance dependency: Bug - did not call instance_notify_deleted when freeing.
   at: ~Dependency (servers/rendering/storage/utilities.cpp:56)
WARNING: Leaked instance dependency: Bug - did not call instance_notify_deleted when freeing.
   at: ~Dependency (servers/rendering/storage/utilities.cpp:56)
WARNING: Leaked instance dependency: Bug - did not call instance_notify_deleted when freeing.
   at: ~Dependency (servers/rendering/storage/utilities.cpp:56)
WARNING: Leaked instance dependency: Bug - did not call instance_notify_deleted when freeing.
   at: ~Dependency (servers/rendering/storage/utilities.cpp:56)
WARNING: Leaked instance dependency: Bug - did not call instance_notify_deleted when freeing.
   at: ~Dependency (servers/rendering/storage/utilities.cpp:56)
WARNING: Leaked instance dependency: Bug - did not call instance_notify_deleted when freeing.
   at: ~Dependency (servers/rendering/storage/utilities.cpp:56)
WARNING: Leaked instance dependency: Bug - did not call instance_notify_deleted when freeing.
   at: ~Dependency (servers/rendering/storage/utilities.cpp:56)
WARNING: Leaked instance dependency: Bug - did not call instance_notify_deleted when freeing.
   at: ~Dependency (servers/rendering/storage/utilities.cpp:56)
WARNING: Leaked instance dependency: Bug - did not call instance_notify_deleted when freeing.
   at: ~Dependency (servers/rendering/storage/utilities.cpp:56)
WARNING: Leaked instance dependency: Bug - did not call instance_notify_deleted when freeing.
   at: ~Dependency (servers/rendering/storage/utilities.cpp:56)
WARNING: Leaked instance dependency: Bug - did not call instance_notify_deleted when freeing.
   at: ~Dependency (servers/rendering/storage/utilities.cpp:56)
WARNING: Leaked instance dependency: Bug - did not call instance_notify_deleted when freeing.
   at: ~Dependency (servers/rendering/storage/utilities.cpp:56)
WARNING: Leaked instance dependency: Bug - did not call instance_notify_deleted when freeing.
   at: ~Dependency (servers/rendering/storage/utilities.cpp:56)
WARNING: Leaked instance dependency: Bug - did not call instance_notify_deleted when freeing.
   at: ~Dependency (servers/rendering/storage/utilities.cpp:56)
WARNING: Leaked instance dependency: Bug - did not call instance_notify_deleted when freeing.
   at: ~Dependency (servers/rendering/storage/utilities.cpp:56)
WARNING: Leaked instance dependency: Bug - did not call instance_notify_deleted when freeing.
   at: ~Dependency (servers/rendering/storage/utilities.cpp:56)
WARNING: Leaked instance dependency: Bug - did not call instance_notify_deleted when freeing.
   at: ~Dependency (servers/rendering/storage/utilities.cpp:56)
WARNING: Leaked instance dependency: Bug - did not call instance_notify_deleted when freeing.
   at: ~Dependency (servers/rendering/storage/utilities.cpp:56)
WARNING: Leaked instance dependency: Bug - did not call instance_notify_deleted when freeing.
   at: ~Dependency (servers/rendering/storage/utilities.cpp:56)
WARNING: Leaked instance dependency: Bug - did not call instance_notify_deleted when freeing.
   at: ~Dependency (servers/rendering/storage/utilities.cpp:56)
WARNING: Leaked instance dependency: Bug - did not call instance_notify_deleted when freeing.
   at: ~Dependency (servers/rendering/storage/utilities.cpp:56)
WARNING: Leaked instance dependency: Bug - did not call instance_notify_deleted when freeing.
   at: ~Dependency (servers/rendering/storage/utilities.cpp:56)
WARNING: Leaked instance dependency: Bug - did not call instance_notify_deleted when freeing.
   at: ~Dependency (servers/rendering/storage/utilities.cpp:56)
WARNING: Leaked instance dependency: Bug - did not call instance_notify_deleted when freeing.
   at: ~Dependency (servers/rendering/storage/utilities.cpp:56)
WARNING: Leaked instance dependency: Bug - did not call instance_notify_deleted when freeing.
   at: ~Dependency (servers/rendering/storage/utilities.cpp:56)
WARNING: Leaked instance dependency: Bug - did not call instance_notify_deleted when freeing.
   at: ~Dependency (servers/rendering/storage/utilities.cpp:56)
WARNING: Leaked instance dependency: Bug - did not call instance_notify_deleted when freeing.
   at: ~Dependency (servers/rendering/storage/utilities.cpp:56)
WARNING: Leaked instance dependency: Bug - did not call instance_notify_deleted when freeing.
   at: ~Dependency (servers/rendering/storage/utilities.cpp:56)
WARNING: Leaked instance dependency: Bug - did not call instance_notify_deleted when freeing.
   at: ~Dependency (servers/rendering/storage/utilities.cpp:56)
WARNING: Leaked instance dependency: Bug - did not call instance_notify_deleted when freeing.
   at: ~Dependency (servers/rendering/storage/utilities.cpp:56)
WARNING: Leaked instance dependency: Bug - did not call instance_notify_deleted when freeing.
   at: ~Dependency (servers/rendering/storage/utilities.cpp:56)
WARNING: Leaked instance dependency: Bug - did not call instance_notify_deleted when freeing.
   at: ~Dependency (servers/rendering/storage/utilities.cpp:56)
WARNING: Leaked instance dependency: Bug - did not call instance_notify_deleted when freeing.
   at: ~Dependency (servers/rendering/storage/utilities.cpp:56)
WARNING: Leaked instance dependency: Bug - did not call instance_notify_deleted when freeing.
   at: ~Dependency (servers/rendering/storage/utilities.cpp:56)
WARNING: Leaked instance dependency: Bug - did not call instance_notify_deleted when freeing.
   at: ~Dependency (servers/rendering/storage/utilities.cpp:56)
WARNING: Leaked instance dependency: Bug - did not call instance_notify_deleted when freeing.
   at: ~Dependency (servers/rendering/storage/utilities.cpp:56)
WARNING: Leaked instance dependency: Bug - did not call instance_notify_deleted when freeing.
   at: ~Dependency (servers/rendering/storage/utilities.cpp:56)
WARNING: Leaked instance dependency: Bug - did not call instance_notify_deleted when freeing.
   at: ~Dependency (servers/rendering/storage/utilities.cpp:56)
WARNING: Leaked instance dependency: Bug - did not call instance_notify_deleted when freeing.
   at: ~Dependency (servers/rendering/storage/utilities.cpp:56)
WARNING: Leaked instance dependency: Bug - did not call instance_notify_deleted when freeing.
   at: ~Dependency (servers/rendering/storage/utilities.cpp:56)
WARNING: Leaked instance dependency: Bug - did not call instance_notify_deleted when freeing.
   at: ~Dependency (servers/rendering/storage/utilities.cpp:56)
WARNING: Leaked instance dependency: Bug - did not call instance_notify_deleted when freeing.
   at: ~Dependency (servers/rendering/storage/utilities.cpp:56)
WARNING: Leaked instance dependency: Bug - did not call instance_notify_deleted when freeing.
   at: ~Dependency (servers/rendering/storage/utilities.cpp:56)
WARNING: Leaked instance dependency: Bug - did not call instance_notify_deleted when freeing.
   at: ~Dependency (servers/rendering/storage/utilities.cpp:56)
WARNING: Leaked instance dependency: Bug - did not call instance_notify_deleted when freeing.
   at: ~Dependency (servers/rendering/storage/utilities.cpp:56)
WARNING: Leaked instance dependency: Bug - did not call instance_notify_deleted when freeing.
   at: ~Dependency (servers/rendering/storage/utilities.cpp:56)
WARNING: Leaked instance dependency: Bug - did not call instance_notify_deleted when freeing.
   at: ~Dependency (servers/rendering/storage/utilities.cpp:56)
WARNING: Leaked instance dependency: Bug - did not call instance_notify_deleted when freeing.
   at: ~Dependency (servers/rendering/storage/utilities.cpp:56)
WARNING: Leaked instance dependency: Bug - did not call instance_notify_deleted when freeing.
   at: ~Dependency (servers/rendering/storage/utilities.cpp:56)
WARNING: Leaked instance dependency: Bug - did not call instance_notify_deleted when freeing.
   at: ~Dependency (servers/rendering/storage/utilities.cpp:56)
WARNING: Leaked instance dependency: Bug - did not call instance_notify_deleted when freeing.
   at: ~Dependency (servers/rendering/storage/utilities.cpp:56)
WARNING: Leaked instance dependency: Bug - did not call instance_notify_deleted when freeing.
   at: ~Dependency (servers/rendering/storage/utilities.cpp:56)
WARNING: Leaked instance dependency: Bug - did not call instance_notify_deleted when freeing.
   at: ~Dependency (servers/rendering/storage/utilities.cpp:56)
WARNING: Leaked instance dependency: Bug - did not call instance_notify_deleted when freeing.
   at: ~Dependency (servers/rendering/storage/utilities.cpp:56)
WARNING: Leaked instance dependency: Bug - did not call instance_notify_deleted when freeing.
   at: ~Dependency (servers/rendering/storage/utilities.cpp:56)
WARNING: Leaked instance dependency: Bug - did not call instance_notify_deleted when freeing.
   at: ~Dependency (servers/rendering/storage/utilities.cpp:56)
WARNING: Leaked instance dependency: Bug - did not call instance_notify_deleted when freeing.
   at: ~Dependency (servers/rendering/storage/utilities.cpp:56)
WARNING: Leaked instance dependency: Bug - did not call instance_notify_deleted when freeing.
   at: ~Dependency (servers/rendering/storage/utilities.cpp:56)
WARNING: Leaked instance dependency: Bug - did not call instance_notify_deleted when freeing.
   at: ~Dependency (servers/rendering/storage/utilities.cpp:56)
WARNING: Leaked instance dependency: Bug - did not call instance_notify_deleted when freeing.
   at: ~Dependency (servers/rendering/storage/utilities.cpp:56)
WARNING: Leaked instance dependency: Bug - did not call instance_notify_deleted when freeing.
   at: ~Dependency (servers/rendering/storage/utilities.cpp:56)
WARNING: Leaked instance dependency: Bug - did not call instance_notify_deleted when freeing.
   at: ~Dependency (servers/rendering/storage/utilities.cpp:56)
WARNING: Leaked instance dependency: Bug - did not call instance_notify_deleted when freeing.
   at: ~Dependency (servers/rendering/storage/utilities.cpp:56)
WARNING: Leaked instance dependency: Bug - did not call instance_notify_deleted when freeing.
   at: ~Dependency (servers/rendering/storage/utilities.cpp:56)
WARNING: Leaked instance dependency: Bug - did not call instance_notify_deleted when freeing.
   at: ~Dependency (servers/rendering/storage/utilities.cpp:56)
WARNING: Leaked instance dependency: Bug - did not call instance_notify_deleted when freeing.
   at: ~Dependency (servers/rendering/storage/utilities.cpp:56)
WARNING: Leaked instance dependency: Bug - did not call instance_notify_deleted when freeing.
   at: ~Dependency (servers/rendering/storage/utilities.cpp:56)
WARNING: Leaked instance dependency: Bug - did not call instance_notify_deleted when freeing.
   at: ~Dependency (servers/rendering/storage/utilities.cpp:56)
WARNING: Leaked instance dependency: Bug - did not call instance_notify_deleted when freeing.
   at: ~Dependency (servers/rendering/storage/utilities.cpp:56)
WARNING: Leaked instance dependency: Bug - did not call instance_notify_deleted when freeing.
   at: ~Dependency (servers/rendering/storage/utilities.cpp:56)
WARNING: Leaked instance dependency: Bug - did not call instance_notify_deleted when freeing.
   at: ~Dependency (servers/rendering/storage/utilities.cpp:56)
WARNING: Leaked instance dependency: Bug - did not call instance_notify_deleted when freeing.
   at: ~Dependency (servers/rendering/storage/utilities.cpp:56)
WARNING: Leaked instance dependency: Bug - did not call instance_notify_deleted when freeing.
   at: ~Dependency (servers/rendering/storage/utilities.cpp:56)
WARNING: Leaked instance dependency: Bug - did not call instance_notify_deleted when freeing.
   at: ~Dependency (servers/rendering/storage/utilities.cpp:56)
WARNING: Leaked instance dependency: Bug - did not call instance_notify_deleted when freeing.
   at: ~Dependency (servers/rendering/storage/utilities.cpp:56)
WARNING: Leaked instance dependency: Bug - did not call instance_notify_deleted when freeing.
   at: ~Dependency (servers/rendering/storage/utilities.cpp:56)
WARNING: Leaked instance dependency: Bug - did not call instance_notify_deleted when freeing.
   at: ~Dependency (servers/rendering/storage/utilities.cpp:56)
WARNING: Leaked instance dependency: Bug - did not call instance_notify_deleted when freeing.
   at: ~Dependency (servers/rendering/storage/utilities.cpp:56)
WARNING: Leaked instance dependency: Bug - did not call instance_notify_deleted when freeing.
   at: ~Dependency (servers/rendering/storage/utilities.cpp:56)
WARNING: Leaked instance dependency: Bug - did not call instance_notify_deleted when freeing.
   at: ~Dependency (servers/rendering/storage/utilities.cpp:56)
WARNING: Leaked instance dependency: Bug - did not call instance_notify_deleted when freeing.
   at: ~Dependency (servers/rendering/storage/utilities.cpp:56)
WARNING: Leaked instance dependency: Bug - did not call instance_notify_deleted when freeing.
   at: ~Dependency (servers/rendering/storage/utilities.cpp:56)
WARNING: Leaked instance dependency: Bug - did not call instance_notify_deleted when freeing.
   at: ~Dependency (servers/rendering/storage/utilities.cpp:56)
WARNING: Leaked instance dependency: Bug - did not call instance_notify_deleted when freeing.
   at: ~Dependency (servers/rendering/storage/utilities.cpp:56)
WARNING: Leaked instance dependency: Bug - did not call instance_notify_deleted when freeing.
   at: ~Dependency (servers/rendering/storage/utilities.cpp:56)
WARNING: Leaked instance dependency: Bug - did not call instance_notify_deleted when freeing.
   at: ~Dependency (servers/rendering/storage/utilities.cpp:56)
WARNING: Leaked instance dependency: Bug - did not call instance_notify_deleted when freeing.
   at: ~Dependency (servers/rendering/storage/utilities.cpp:56)
WARNING: Leaked instance dependency: Bug - did not call instance_notify_deleted when freeing.
   at: ~Dependency (servers/rendering/storage/utilities.cpp:56)
WARNING: Leaked instance dependency: Bug - did not call instance_notify_deleted when freeing.
   at: ~Dependency (servers/rendering/storage/utilities.cpp:56)
WARNING: Leaked instance dependency: Bug - did not call instance_notify_deleted when freeing.
   at: ~Dependency (servers/rendering/storage/utilities.cpp:56)
WARNING: Leaked instance dependency: Bug - did not call instance_notify_deleted when freeing.
   at: ~Dependency (servers/rendering/storage/utilities.cpp:56)
WARNING: Leaked instance dependency: Bug - did not call instance_notify_deleted when freeing.
   at: ~Dependency (servers/rendering/storage/utilities.cpp:56)
WARNING: Leaked instance dependency: Bug - did not call instance_notify_deleted when freeing.
   at: ~Dependency (servers/rendering/storage/utilities.cpp:56)
WARNING: Leaked instance dependency: Bug - did not call instance_notify_deleted when freeing.
   at: ~Dependency (servers/rendering/storage/utilities.cpp:56)
WARNING: Leaked instance dependency: Bug - did not call instance_notify_deleted when freeing.
   at: ~Dependency (servers/rendering/storage/utilities.cpp:56)
WARNING: Leaked instance dependency: Bug - did not call instance_notify_deleted when freeing.
   at: ~Dependency (servers/rendering/storage/utilities.cpp:56)
WARNING: Leaked instance dependency: Bug - did not call instance_notify_deleted when freeing.
   at: ~Dependency (servers/rendering/storage/utilities.cpp:56)
WARNING: Leaked instance dependency: Bug - did not call instance_notify_deleted when freeing.
   at: ~Dependency (servers/rendering/storage/utilities.cpp:56)
WARNING: Leaked instance dependency: Bug - did not call instance_notify_deleted when freeing.
   at: ~Dependency (servers/rendering/storage/utilities.cpp:56)
WARNING: Leaked instance dependency: Bug - did not call instance_notify_deleted when freeing.
   at: ~Dependency (servers/rendering/storage/utilities.cpp:56)
WARNING: Leaked instance dependency: Bug - did not call instance_notify_deleted when freeing.
   at: ~Dependency (servers/rendering/storage/utilities.cpp:56)
WARNING: Leaked instance dependency: Bug - did not call instance_notify_deleted when freeing.
   at: ~Dependency (servers/rendering/storage/utilities.cpp:56)
WARNING: Leaked instance dependency: Bug - did not call instance_notify_deleted when freeing.
   at: ~Dependency (servers/rendering/storage/utilities.cpp:56)
WARNING: Leaked instance dependency: Bug - did not call instance_notify_deleted when freeing.
   at: ~Dependency (servers/rendering/storage/utilities.cpp:56)
WARNING: Leaked instance dependency: Bug - did not call instance_notify_deleted when freeing.
   at: ~Dependency (servers/rendering/storage/utilities.cpp:56)
WARNING: Leaked instance dependency: Bug - did not call instance_notify_deleted when freeing.
   at: ~Dependency (servers/rendering/storage/utilities.cpp:56)
WARNING: Leaked instance dependency: Bug - did not call instance_notify_deleted when freeing.
   at: ~Dependency (servers/rendering/storage/utilities.cpp:56)
WARNING: Leaked instance dependency: Bug - did not call instance_notify_deleted when freeing.
   at: ~Dependency (servers/rendering/storage/utilities.cpp:56)
WARNING: Leaked instance dependency: Bug - did not call instance_notify_deleted when freeing.
   at: ~Dependency (servers/rendering/storage/utilities.cpp:56)
WARNING: Leaked instance dependency: Bug - did not call instance_notify_deleted when freeing.
   at: ~Dependency (servers/rendering/storage/utilities.cpp:56)
WARNING: Leaked instance dependency: Bug - did not call instance_notify_deleted when freeing.
   at: ~Dependency (servers/rendering/storage/utilities.cpp:56)
WARNING: Leaked instance dependency: Bug - did not call instance_notify_deleted when freeing.
   at: ~Dependency (servers/rendering/storage/utilities.cpp:56)
WARNING: Leaked instance dependency: Bug - did not call instance_notify_deleted when freeing.
   at: ~Dependency (servers/rendering/storage/utilities.cpp:56)
WARNING: Leaked instance dependency: Bug - did not call instance_notify_deleted when freeing.
   at: ~Dependency (servers/rendering/storage/utilities.cpp:56)
WARNING: Leaked instance dependency: Bug - did not call instance_notify_deleted when freeing.
   at: ~Dependency (servers/rendering/storage/utilities.cpp:56)
WARNING: Leaked instance dependency: Bug - did not call instance_notify_deleted when freeing.
   at: ~Dependency (servers/rendering/storage/utilities.cpp:56)
WARNING: Leaked instance dependency: Bug - did not call instance_notify_deleted when freeing.
   at: ~Dependency (servers/rendering/storage/utilities.cpp:56)
WARNING: Leaked instance dependency: Bug - did not call instance_notify_deleted when freeing.
   at: ~Dependency (servers/rendering/storage/utilities.cpp:56)
WARNING: Leaked instance dependency: Bug - did not call instance_notify_deleted when freeing.
   at: ~Dependency (servers/rendering/storage/utilities.cpp:56)
WARNING: Leaked instance dependency: Bug - did not call instance_notify_deleted when freeing.
   at: ~Dependency (servers/rendering/storage/utilities.cpp:56)
WARNING: Leaked instance dependency: Bug - did not call instance_notify_deleted when freeing.
   at: ~Dependency (servers/rendering/storage/utilities.cpp:56)
WARNING: Leaked instance dependency: Bug - did not call instance_notify_deleted when freeing.
   at: ~Dependency (servers/rendering/storage/utilities.cpp:56)
WARNING: Leaked instance dependency: Bug - did not call instance_notify_deleted when freeing.
   at: ~Dependency (servers/rendering/storage/utilities.cpp:56)
WARNING: Leaked instance dependency: Bug - did not call instance_notify_deleted when freeing.
   at: ~Dependency (servers/rendering/storage/utilities.cpp:56)
WARNING: Leaked instance dependency: Bug - did not call instance_notify_deleted when freeing.
   at: ~Dependency (servers/rendering/storage/utilities.cpp:56)
WARNING: Leaked instance dependency: Bug - did not call instance_notify_deleted when freeing.
   at: ~Dependency (servers/rendering/storage/utilities.cpp:56)
WARNING: Leaked instance dependency: Bug - did not call instance_notify_deleted when freeing.
   at: ~Dependency (servers/rendering/storage/utilities.cpp:56)
WARNING: Leaked instance dependency: Bug - did not call instance_notify_deleted when freeing.
   at: ~Dependency (servers/rendering/storage/utilities.cpp:56)
WARNING: Leaked instance dependency: Bug - did not call instance_notify_deleted when freeing.
   at: ~Dependency (servers/rendering/storage/utilities.cpp:56)
WARNING: Leaked instance dependency: Bug - did not call instance_notify_deleted when freeing.
   at: ~Dependency (servers/rendering/storage/utilities.cpp:56)
WARNING: Leaked instance dependency: Bug - did not call instance_notify_deleted when freeing.
   at: ~Dependency (servers/rendering/storage/utilities.cpp:56)
WARNING: Leaked instance dependency: Bug - did not call instance_notify_deleted when freeing.
   at: ~Dependency (servers/rendering/storage/utilities.cpp:56)
WARNING: Leaked instance dependency: Bug - did not call instance_notify_deleted when freeing.
   at: ~Dependency (servers/rendering/storage/utilities.cpp:56)
WARNING: Leaked instance dependency: Bug - did not call instance_notify_deleted when freeing.
   at: ~Dependency (servers/rendering/storage/utilities.cpp:56)
WARNING: Leaked instance dependency: Bug - did not call instance_notify_deleted when freeing.
   at: ~Dependency (servers/rendering/storage/utilities.cpp:56)
WARNING: Leaked instance dependency: Bug - did not call instance_notify_deleted when freeing.
   at: ~Dependency (servers/rendering/storage/utilities.cpp:56)
WARNING: Leaked instance dependency: Bug - did not call instance_notify_deleted when freeing.
   at: ~Dependency (servers/rendering/storage/utilities.cpp:56)
WARNING: Leaked instance dependency: Bug - did not call instance_notify_deleted when freeing.
   at: ~Dependency (servers/rendering/storage/utilities.cpp:56)
WARNING: Leaked instance dependency: Bug - did not call instance_notify_deleted when freeing.
   at: ~Dependency (servers/rendering/storage/utilities.cpp:56)
WARNING: Leaked instance dependency: Bug - did not call instance_notify_deleted when freeing.
   at: ~Dependency (servers/rendering/storage/utilities.cpp:56)
WARNING: Leaked instance dependency: Bug - did not call instance_notify_deleted when freeing.
   at: ~Dependency (servers/rendering/storage/utilities.cpp:56)
WARNING: Leaked instance dependency: Bug - did not call instance_notify_deleted when freeing.
   at: ~Dependency (servers/rendering/storage/utilities.cpp:56)
WARNING: Leaked instance dependency: Bug - did not call instance_notify_deleted when freeing.
   at: ~Dependency (servers/rendering/storage/utilities.cpp:56)
WARNING: Leaked instance dependency: Bug - did not call instance_notify_deleted when freeing.
   at: ~Dependency (servers/rendering/storage/utilities.cpp:56)
WARNING: Leaked instance dependency: Bug - did not call instance_notify_deleted when freeing.
   at: ~Dependency (servers/rendering/storage/utilities.cpp:56)
WARNING: Leaked instance dependency: Bug - did not call instance_notify_deleted when freeing.
   at: ~Dependency (servers/rendering/storage/utilities.cpp:56)
WARNING: Leaked instance dependency: Bug - did not call instance_notify_deleted when freeing.
   at: ~Dependency (servers/rendering/storage/utilities.cpp:56)
WARNING: Leaked instance dependency: Bug - did not call instance_notify_deleted when freeing.
   at: ~Dependency (servers/rendering/storage/utilities.cpp:56)
WARNING: Leaked instance dependency: Bug - did not call instance_notify_deleted when freeing.
   at: ~Dependency (servers/rendering/storage/utilities.cpp:56)
WARNING: Leaked instance dependency: Bug - did not call instance_notify_deleted when freeing.
   at: ~Dependency (servers/rendering/storage/utilities.cpp:56)
WARNING: Leaked instance dependency: Bug - did not call instance_notify_deleted when freeing.
   at: ~Dependency (servers/rendering/storage/utilities.cpp:56)
WARNING: Leaked instance dependency: Bug - did not call instance_notify_deleted when freeing.
   at: ~Dependency (servers/rendering/storage/utilities.cpp:56)
WARNING: Leaked instance dependency: Bug - did not call instance_notify_deleted when freeing.
   at: ~Dependency (servers/rendering/storage/utilities.cpp:56)
WARNING: Leaked instance dependency: Bug - did not call instance_notify_deleted when freeing.
   at: ~Dependency (servers/rendering/storage/utilities.cpp:56)
WARNING: Leaked instance dependency: Bug - did not call instance_notify_deleted when freeing.
   at: ~Dependency (servers/rendering/storage/utilities.cpp:56)
WARNING: Leaked instance dependency: Bug - did not call instance_notify_deleted when freeing.
   at: ~Dependency (servers/rendering/storage/utilities.cpp:56)
WARNING: Leaked instance dependency: Bug - did not call instance_notify_deleted when freeing.
   at: ~Dependency (servers/rendering/storage/utilities.cpp:56)
WARNING: Leaked instance dependency: Bug - did not call instance_notify_deleted when freeing.
   at: ~Dependency (servers/rendering/storage/utilities.cpp:56)
WARNING: Leaked instance dependency: Bug - did not call instance_notify_deleted when freeing.
   at: ~Dependency (servers/rendering/storage/utilities.cpp:56)
WARNING: Leaked instance dependency: Bug - did not call instance_notify_deleted when freeing.
   at: ~Dependency (servers/rendering/storage/utilities.cpp:56)
WARNING: Leaked instance dependency: Bug - did not call instance_notify_deleted when freeing.
   at: ~Dependency (servers/rendering/storage/utilities.cpp:56)
WARNING: Leaked instance dependency: Bug - did not call instance_notify_deleted when freeing.
   at: ~Dependency (servers/rendering/storage/utilities.cpp:56)
WARNING: Leaked instance dependency: Bug - did not call instance_notify_deleted when freeing.
   at: ~Dependency (servers/rendering/storage/utilities.cpp:56)
WARNING: Leaked instance dependency: Bug - did not call instance_notify_deleted when freeing.
   at: ~Dependency (servers/rendering/storage/utilities.cpp:56)
WARNING: Leaked instance dependency: Bug - did not call instance_notify_deleted when freeing.
   at: ~Dependency (servers/rendering/storage/utilities.cpp:56)
WARNING: Leaked instance dependency: Bug - did not call instance_notify_deleted when freeing.
   at: ~Dependency (servers/rendering/storage/utilities.cpp:56)
WARNING: Leaked instance dependency: Bug - did not call instance_notify_deleted when freeing.
   at: ~Dependency (servers/rendering/storage/utilities.cpp:56)
WARNING: Leaked instance dependency: Bug - did not call instance_notify_deleted when freeing.
   at: ~Dependency (servers/rendering/storage/utilities.cpp:56)
WARNING: Leaked instance dependency: Bug - did not call instance_notify_deleted when freeing.
   at: ~Dependency (servers/rendering/storage/utilities.cpp:56)
WARNING: Leaked instance dependency: Bug - did not call instance_notify_deleted when freeing.
   at: ~Dependency (servers/rendering/storage/utilities.cpp:56)
WARNING: Leaked instance dependency: Bug - did not call instance_notify_deleted when freeing.
   at: ~Dependency (servers/rendering/storage/utilities.cpp:56)
WARNING: Leaked instance dependency: Bug - did not call instance_notify_deleted when freeing.
   at: ~Dependency (servers/rendering/storage/utilities.cpp:56)
WARNING: Leaked instance dependency: Bug - did not call instance_notify_deleted when freeing.
   at: ~Dependency (servers/rendering/storage/utilities.cpp:56)
WARNING: Leaked instance dependency: Bug - did not call instance_notify_deleted when freeing.
   at: ~Dependency (servers/rendering/storage/utilities.cpp:56)
WARNING: Leaked instance dependency: Bug - did not call instance_notify_deleted when freeing.
   at: ~Dependency (servers/rendering/storage/utilities.cpp:56)
WARNING: Leaked instance dependency: Bug - did not call instance_notify_deleted when freeing.
   at: ~Dependency (servers/rendering/storage/utilities.cpp:56)
WARNING: Leaked instance dependency: Bug - did not call instance_notify_deleted when freeing.
   at: ~Dependency (servers/rendering/storage/utilities.cpp:56)
WARNING: Leaked instance dependency: Bug - did not call instance_notify_deleted when freeing.
   at: ~Dependency (servers/rendering/storage/utilities.cpp:56)
WARNING: Leaked instance dependency: Bug - did not call instance_notify_deleted when freeing.
   at: ~Dependency (servers/rendering/storage/utilities.cpp:56)
WARNING: Leaked instance dependency: Bug - did not call instance_notify_deleted when freeing.
   at: ~Dependency (servers/rendering/storage/utilities.cpp:56)
WARNING: Leaked instance dependency: Bug - did not call instance_notify_deleted when freeing.
   at: ~Dependency (servers/rendering/storage/utilities.cpp:56)
WARNING: Leaked instance dependency: Bug - did not call instance_notify_deleted when freeing.
   at: ~Dependency (servers/rendering/storage/utilities.cpp:56)
WARNING: Leaked instance dependency: Bug - did not call instance_notify_deleted when freeing.
   at: ~Dependency (servers/rendering/storage/utilities.cpp:56)
WARNING: Leaked instance dependency: Bug - did not call instance_notify_deleted when freeing.
   at: ~Dependency (servers/rendering/storage/utilities.cpp:56)
WARNING: Leaked instance dependency: Bug - did not call instance_notify_deleted when freeing.
   at: ~Dependency (servers/rendering/storage/utilities.cpp:56)
WARNING: Leaked instance dependency: Bug - did not call instance_notify_deleted when freeing.
   at: ~Dependency (servers/rendering/storage/utilities.cpp:56)
WARNING: Leaked instance dependency: Bug - did not call instance_notify_deleted when freeing.
   at: ~Dependency (servers/rendering/storage/utilities.cpp:56)
WARNING: Leaked instance dependency: Bug - did not call instance_notify_deleted when freeing.
   at: ~Dependency (servers/rendering/storage/utilities.cpp:56)
WARNING: Leaked instance dependency: Bug - did not call instance_notify_deleted when freeing.
   at: ~Dependency (servers/rendering/storage/utilities.cpp:56)
WARNING: Leaked instance dependency: Bug - did not call instance_notify_deleted when freeing.
   at: ~Dependency (servers/rendering/storage/utilities.cpp:56)
WARNING: Leaked instance dependency: Bug - did not call instance_notify_deleted when freeing.
   at: ~Dependency (servers/rendering/storage/utilities.cpp:56)
WARNING: Leaked instance dependency: Bug - did not call instance_notify_deleted when freeing.
   at: ~Dependency (servers/rendering/storage/utilities.cpp:56)
WARNING: Leaked instance dependency: Bug - did not call instance_notify_deleted when freeing.
   at: ~Dependency (servers/rendering/storage/utilities.cpp:56)
WARNING: Leaked instance dependency: Bug - did not call instance_notify_deleted when freeing.
   at: ~Dependency (servers/rendering/storage/utilities.cpp:56)
WARNING: Leaked instance dependency: Bug - did not call instance_notify_deleted when freeing.
   at: ~Dependency (servers/rendering/storage/utilities.cpp:56)
WARNING: Leaked instance dependency: Bug - did not call instance_notify_deleted when freeing.
   at: ~Dependency (servers/rendering/storage/utilities.cpp:56)
WARNING: Leaked instance dependency: Bug - did not call instance_notify_deleted when freeing.
   at: ~Dependency (servers/rendering/storage/utilities.cpp:56)
WARNING: Leaked instance dependency: Bug - did not call instance_notify_deleted when freeing.
   at: ~Dependency (servers/rendering/storage/utilities.cpp:56)
WARNING: Leaked instance dependency: Bug - did not call instance_notify_deleted when freeing.
   at: ~Dependency (servers/rendering/storage/utilities.cpp:56)
WARNING: Leaked instance dependency: Bug - did not call instance_notify_deleted when freeing.
   at: ~Dependency (servers/rendering/storage/utilities.cpp:56)
WARNING: Leaked instance dependency: Bug - did not call instance_notify_deleted when freeing.
   at: ~Dependency (servers/rendering/storage/utilities.cpp:56)
WARNING: Leaked instance dependency: Bug - did not call instance_notify_deleted when freeing.
   at: ~Dependency (servers/rendering/storage/utilities.cpp:56)
WARNING: Leaked instance dependency: Bug - did not call instance_notify_deleted when freeing.
   at: ~Dependency (servers/rendering/storage/utilities.cpp:56)
WARNING: Leaked instance dependency: Bug - did not call instance_notify_deleted when freeing.
   at: ~Dependency (servers/rendering/storage/utilities.cpp:56)
WARNING: Leaked instance dependency: Bug - did not call instance_notify_deleted when freeing.
   at: ~Dependency (servers/rendering/storage/utilities.cpp:56)
WARNING: Leaked instance dependency: Bug - did not call instance_notify_deleted when freeing.
   at: ~Dependency (servers/rendering/storage/utilities.cpp:56)
WARNING: Leaked instance dependency: Bug - did not call instance_notify_deleted when freeing.
   at: ~Dependency (servers/rendering/storage/utilities.cpp:56)
WARNING: Leaked instance dependency: Bug - did not call instance_notify_deleted when freeing.
   at: ~Dependency (servers/rendering/storage/utilities.cpp:56)
WARNING: Leaked instance dependency: Bug - did not call instance_notify_deleted when freeing.
   at: ~Dependency (servers/rendering/storage/utilities.cpp:56)
WARNING: Leaked instance dependency: Bug - did not call instance_notify_deleted when freeing.
   at: ~Dependency (servers/rendering/storage/utilities.cpp:56)
WARNING: Leaked instance dependency: Bug - did not call instance_notify_deleted when freeing.
   at: ~Dependency (servers/rendering/storage/utilities.cpp:56)
WARNING: Leaked instance dependency: Bug - did not call instance_notify_deleted when freeing.
   at: ~Dependency (servers/rendering/storage/utilities.cpp:56)
WARNING: Leaked instance dependency: Bug - did not call instance_notify_deleted when freeing.
   at: ~Dependency (servers/rendering/storage/utilities.cpp:56)
WARNING: Leaked instance dependency: Bug - did not call instance_notify_deleted when freeing.
   at: ~Dependency (servers/rendering/storage/utilities.cpp:56)
WARNING: Leaked instance dependency: Bug - did not call instance_notify_deleted when freeing.
   at: ~Dependency (servers/rendering/storage/utilities.cpp:56)
WARNING: Leaked instance dependency: Bug - did not call instance_notify_deleted when freeing.
   at: ~Dependency (servers/rendering/storage/utilities.cpp:56)
WARNING: Leaked instance dependency: Bug - did not call instance_notify_deleted when freeing.
   at: ~Dependency (servers/rendering/storage/utilities.cpp:56)
WARNING: Leaked instance dependency: Bug - did not call instance_notify_deleted when freeing.
   at: ~Dependency (servers/rendering/storage/utilities.cpp:56)
WARNING: Leaked instance dependency: Bug - did not call instance_notify_deleted when freeing.
   at: ~Dependency (servers/rendering/storage/utilities.cpp:56)
WARNING: Leaked instance dependency: Bug - did not call instance_notify_deleted when freeing.
   at: ~Dependency (servers/rendering/storage/utilities.cpp:56)
WARNING: Leaked instance dependency: Bug - did not call instance_notify_deleted when freeing.
   at: ~Dependency (servers/rendering/storage/utilities.cpp:56)
WARNING: Leaked instance dependency: Bug - did not call instance_notify_deleted when freeing.
   at: ~Dependency (servers/rendering/storage/utilities.cpp:56)
WARNING: Leaked instance dependency: Bug - did not call instance_notify_deleted when freeing.
   at: ~Dependency (servers/rendering/storage/utilities.cpp:56)
WARNING: Leaked instance dependency: Bug - did not call instance_notify_deleted when freeing.
   at: ~Dependency (servers/rendering/storage/utilities.cpp:56)
WARNING: Leaked instance dependency: Bug - did not call instance_notify_deleted when freeing.
   at: ~Dependency (servers/rendering/storage/utilities.cpp:56)
WARNING: Leaked instance dependency: Bug - did not call instance_notify_deleted when freeing.
   at: ~Dependency (servers/rendering/storage/utilities.cpp:56)
WARNING: Leaked instance dependency: Bug - did not call instance_notify_deleted when freeing.
   at: ~Dependency (servers/rendering/storage/utilities.cpp:56)
WARNING: Leaked instance dependency: Bug - did not call instance_notify_deleted when freeing.
   at: ~Dependency (servers/rendering/storage/utilities.cpp:56)
WARNING: Leaked instance dependency: Bug - did not call instance_notify_deleted when freeing.
   at: ~Dependency (servers/rendering/storage/utilities.cpp:56)
WARNING: Leaked instance dependency: Bug - did not call instance_notify_deleted when freeing.
   at: ~Dependency (servers/rendering/storage/utilities.cpp:56)
WARNING: Leaked instance dependency: Bug - did not call instance_notify_deleted when freeing.
   at: ~Dependency (servers/rendering/storage/utilities.cpp:56)
WARNING: Leaked instance dependency: Bug - did not call instance_notify_deleted when freeing.
   at: ~Dependency (servers/rendering/storage/utilities.cpp:56)
WARNING: Leaked instance dependency: Bug - did not call instance_notify_deleted when freeing.
   at: ~Dependency (servers/rendering/storage/utilities.cpp:56)
WARNING: Leaked instance dependency: Bug - did not call instance_notify_deleted when freeing.
   at: ~Dependency (servers/rendering/storage/utilities.cpp:56)
WARNING: Leaked instance dependency: Bug - did not call instance_notify_deleted when freeing.
   at: ~Dependency (servers/rendering/storage/utilities.cpp:56)
WARNING: Leaked instance dependency: Bug - did not call instance_notify_deleted when freeing.
   at: ~Dependency (servers/rendering/storage/utilities.cpp:56)
WARNING: Leaked instance dependency: Bug - did not call instance_notify_deleted when freeing.
   at: ~Dependency (servers/rendering/storage/utilities.cpp:56)
WARNING: Leaked instance dependency: Bug - did not call instance_notify_deleted when freeing.
   at: ~Dependency (servers/rendering/storage/utilities.cpp:56)
WARNING: Leaked instance dependency: Bug - did not call instance_notify_deleted when freeing.
   at: ~Dependency (servers/rendering/storage/utilities.cpp:56)
WARNING: Leaked instance dependency: Bug - did not call instance_notify_deleted when freeing.
   at: ~Dependency (servers/rendering/storage/utilities.cpp:56)
WARNING: Leaked instance dependency: Bug - did not call instance_notify_deleted when freeing.
   at: ~Dependency (servers/rendering/storage/utilities.cpp:56)
WARNING: Leaked instance dependency: Bug - did not call instance_notify_deleted when freeing.
   at: ~Dependency (servers/rendering/storage/utilities.cpp:56)
WARNING: Leaked instance dependency: Bug - did not call instance_notify_deleted when freeing.
   at: ~Dependency (servers/rendering/storage/utilities.cpp:56)
WARNING: Leaked instance dependency: Bug - did not call instance_notify_deleted when freeing.
   at: ~Dependency (servers/rendering/storage/utilities.cpp:56)
WARNING: Leaked instance dependency: Bug - did not call instance_notify_deleted when freeing.
   at: ~Dependency (servers/rendering/storage/utilities.cpp:56)
WARNING: Leaked instance dependency: Bug - did not call instance_notify_deleted when freeing.
   at: ~Dependency (servers/rendering/storage/utilities.cpp:56)
WARNING: Leaked instance dependency: Bug - did not call instance_notify_deleted when freeing.
   at: ~Dependency (servers/rendering/storage/utilities.cpp:56)
WARNING: Leaked instance dependency: Bug - did not call instance_notify_deleted when freeing.
   at: ~Dependency (servers/rendering/storage/utilities.cpp:56)
WARNING: Leaked instance dependency: Bug - did not call instance_notify_deleted when freeing.
   at: ~Dependency (servers/rendering/storage/utilities.cpp:56)
WARNING: Leaked instance dependency: Bug - did not call instance_notify_deleted when freeing.
   at: ~Dependency (servers/rendering/storage/utilities.cpp:56)
WARNING: Leaked instance dependency: Bug - did not call instance_notify_deleted when freeing.
   at: ~Dependency (servers/rendering/storage/utilities.cpp:56)
WARNING: Leaked instance dependency: Bug - did not call instance_notify_deleted when freeing.
   at: ~Dependency (servers/rendering/storage/utilities.cpp:56)
WARNING: Leaked instance dependency: Bug - did not call instance_notify_deleted when freeing.
   at: ~Dependency (servers/rendering/storage/utilities.cpp:56)
WARNING: Leaked instance dependency: Bug - did not call instance_notify_deleted when freeing.
   at: ~Dependency (servers/rendering/storage/utilities.cpp:56)
WARNING: Leaked instance dependency: Bug - did not call instance_notify_deleted when freeing.
   at: ~Dependency (servers/rendering/storage/utilities.cpp:56)
WARNING: Leaked instance dependency: Bug - did not call instance_notify_deleted when freeing.
   at: ~Dependency (servers/rendering/storage/utilities.cpp:56)
WARNING: Leaked instance dependency: Bug - did not call instance_notify_deleted when freeing.
   at: ~Dependency (servers/rendering/storage/utilities.cpp:56)
WARNING: Leaked instance dependency: Bug - did not call instance_notify_deleted when freeing.
   at: ~Dependency (servers/rendering/storage/utilities.cpp:56)
WARNING: Leaked instance dependency: Bug - did not call instance_notify_deleted when freeing.
   at: ~Dependency (servers/rendering/storage/utilities.cpp:56)
WARNING: Leaked instance dependency: Bug - did not call instance_notify_deleted when freeing.
   at: ~Dependency (servers/rendering/storage/utilities.cpp:56)
WARNING: Leaked instance dependency: Bug - did not call instance_notify_deleted when freeing.
   at: ~Dependency (servers/rendering/storage/utilities.cpp:56)
WARNING: Leaked instance dependency: Bug - did not call instance_notify_deleted when freeing.
   at: ~Dependency (servers/rendering/storage/utilities.cpp:56)
WARNING: Leaked instance dependency: Bug - did not call instance_notify_deleted when freeing.
   at: ~Dependency (servers/rendering/storage/utilities.cpp:56)
WARNING: Leaked instance dependency: Bug - did not call instance_notify_deleted when freeing.
   at: ~Dependency (servers/rendering/storage/utilities.cpp:56)
WARNING: Leaked instance dependency: Bug - did not call instance_notify_deleted when freeing.
   at: ~Dependency (servers/rendering/storage/utilities.cpp:56)
WARNING: Leaked instance dependency: Bug - did not call instance_notify_deleted when freeing.
   at: ~Dependency (servers/rendering/storage/utilities.cpp:56)
WARNING: Leaked instance dependency: Bug - did not call instance_notify_deleted when freeing.
   at: ~Dependency (servers/rendering/storage/utilities.cpp:56)
WARNING: Leaked instance dependency: Bug - did not call instance_notify_deleted when freeing.
   at: ~Dependency (servers/rendering/storage/utilities.cpp:56)
WARNING: Leaked instance dependency: Bug - did not call instance_notify_deleted when freeing.
   at: ~Dependency (servers/rendering/storage/utilities.cpp:56)
WARNING: Leaked instance dependency: Bug - did not call instance_notify_deleted when freeing.
   at: ~Dependency (servers/rendering/storage/utilities.cpp:56)
WARNING: Leaked instance dependency: Bug - did not call instance_notify_deleted when freeing.
   at: ~Dependency (servers/rendering/storage/utilities.cpp:56)
WARNING: Leaked instance dependency: Bug - did not call instance_notify_deleted when freeing.
   at: ~Dependency (servers/rendering/storage/utilities.cpp:56)
WARNING: Leaked instance dependency: Bug - did not call instance_notify_deleted when freeing.
   at: ~Dependency (servers/rendering/storage/utilities.cpp:56)
WARNING: Leaked instance dependency: Bug - did not call instance_notify_deleted when freeing.
   at: ~Dependency (servers/rendering/storage/utilities.cpp:56)
WARNING: Leaked instance dependency: Bug - did not call instance_notify_deleted when freeing.
   at: ~Dependency (servers/rendering/storage/utilities.cpp:56)
WARNING: Leaked instance dependency: Bug - did not call instance_notify_deleted when freeing.
   at: ~Dependency (servers/rendering/storage/utilities.cpp:56)
WARNING: Leaked instance dependency: Bug - did not call instance_notify_deleted when freeing.
   at: ~Dependency (servers/rendering/storage/utilities.cpp:56)
WARNING: Leaked instance dependency: Bug - did not call instance_notify_deleted when freeing.
   at: ~Dependency (servers/rendering/storage/utilities.cpp:56)
WARNING: Leaked instance dependency: Bug - did not call instance_notify_deleted when freeing.
   at: ~Dependency (servers/rendering/storage/utilities.cpp:56)
WARNING: Leaked instance dependency: Bug - did not call instance_notify_deleted when freeing.
   at: ~Dependency (servers/rendering/storage/utilities.cpp:56)
WARNING: Leaked instance dependency: Bug - did not call instance_notify_deleted when freeing.
   at: ~Dependency (servers/rendering/storage/utilities.cpp:56)
WARNING: Leaked instance dependency: Bug - did not call instance_notify_deleted when freeing.
   at: ~Dependency (servers/rendering/storage/utilities.cpp:56)
WARNING: Leaked instance dependency: Bug - did not call instance_notify_deleted when freeing.
   at: ~Dependency (servers/rendering/storage/utilities.cpp:56)
WARNING: Leaked instance dependency: Bug - did not call instance_notify_deleted when freeing.
   at: ~Dependency (servers/rendering/storage/utilities.cpp:56)
WARNING: Leaked instance dependency: Bug - did not call instance_notify_deleted when freeing.
   at: ~Dependency (servers/rendering/storage/utilities.cpp:56)
WARNING: Leaked instance dependency: Bug - did not call instance_notify_deleted when freeing.
   at: ~Dependency (servers/rendering/storage/utilities.cpp:56)
WARNING: Leaked instance dependency: Bug - did not call instance_notify_deleted when freeing.
   at: ~Dependency (servers/rendering/storage/utilities.cpp:56)
WARNING: Leaked instance dependency: Bug - did not call instance_notify_deleted when freeing.
   at: ~Dependency (servers/rendering/storage/utilities.cpp:56)
WARNING: Leaked instance dependency: Bug - did not call instance_notify_deleted when freeing.
   at: ~Dependency (servers/rendering/storage/utilities.cpp:56)
WARNING: Leaked instance dependency: Bug - did not call instance_notify_deleted when freeing.
   at: ~Dependency (servers/rendering/storage/utilities.cpp:56)
WARNING: Leaked instance dependency: Bug - did not call instance_notify_deleted when freeing.
   at: ~Dependency (servers/rendering/storage/utilities.cpp:56)
WARNING: Leaked instance dependency: Bug - did not call instance_notify_deleted when freeing.
   at: ~Dependency (servers/rendering/storage/utilities.cpp:56)
WARNING: Leaked instance dependency: Bug - did not call instance_notify_deleted when freeing.
   at: ~Dependency (servers/rendering/storage/utilities.cpp:56)
WARNING: Leaked instance dependency: Bug - did not call instance_notify_deleted when freeing.
   at: ~Dependency (servers/rendering/storage/utilities.cpp:56)
WARNING: Leaked instance dependency: Bug - did not call instance_notify_deleted when freeing.
   at: ~Dependency (servers/rendering/storage/utilities.cpp:56)
WARNING: Leaked instance dependency: Bug - did not call instance_notify_deleted when freeing.
   at: ~Dependency (servers/rendering/storage/utilities.cpp:56)
WARNING: Leaked instance dependency: Bug - did not call instance_notify_deleted when freeing.
   at: ~Dependency (servers/rendering/storage/utilities.cpp:56)
WARNING: Leaked instance dependency: Bug - did not call instance_notify_deleted when freeing.
   at: ~Dependency (servers/rendering/storage/utilities.cpp:56)
WARNING: Leaked instance dependency: Bug - did not call instance_notify_deleted when freeing.
   at: ~Dependency (servers/rendering/storage/utilities.cpp:56)
WARNING: Leaked instance dependency: Bug - did not call instance_notify_deleted when freeing.
   at: ~Dependency (servers/rendering/storage/utilities.cpp:56)
WARNING: Leaked instance dependency: Bug - did not call instance_notify_deleted when freeing.
   at: ~Dependency (servers/rendering/storage/utilities.cpp:56)
WARNING: Leaked instance dependency: Bug - did not call instance_notify_deleted when freeing.
   at: ~Dependency (servers/rendering/storage/utilities.cpp:56)
WARNING: Leaked instance dependency: Bug - did not call instance_notify_deleted when freeing.
   at: ~Dependency (servers/rendering/storage/utilities.cpp:56)
WARNING: Leaked instance dependency: Bug - did not call instance_notify_deleted when freeing.
   at: ~Dependency (servers/rendering/storage/utilities.cpp:56)
WARNING: Leaked instance dependency: Bug - did not call instance_notify_deleted when freeing.
   at: ~Dependency (servers/rendering/storage/utilities.cpp:56)
WARNING: Leaked instance dependency: Bug - did not call instance_notify_deleted when freeing.
   at: ~Dependency (servers/rendering/storage/utilities.cpp:56)
WARNING: Leaked instance dependency: Bug - did not call instance_notify_deleted when freeing.
   at: ~Dependency (servers/rendering/storage/utilities.cpp:56)
WARNING: Leaked instance dependency: Bug - did not call instance_notify_deleted when freeing.
   at: ~Dependency (servers/rendering/storage/utilities.cpp:56)
WARNING: Leaked instance dependency: Bug - did not call instance_notify_deleted when freeing.
   at: ~Dependency (servers/rendering/storage/utilities.cpp:56)
WARNING: Leaked instance dependency: Bug - did not call instance_notify_deleted when freeing.
   at: ~Dependency (servers/rendering/storage/utilities.cpp:56)
WARNING: Leaked instance dependency: Bug - did not call instance_notify_deleted when freeing.
   at: ~Dependency (servers/rendering/storage/utilities.cpp:56)
WARNING: Leaked instance dependency: Bug - did not call instance_notify_deleted when freeing.
   at: ~Dependency (servers/rendering/storage/utilities.cpp:56)
WARNING: Leaked instance dependency: Bug - did not call instance_notify_deleted when freeing.
   at: ~Dependency (servers/rendering/storage/utilities.cpp:56)
WARNING: Leaked instance dependency: Bug - did not call instance_notify_deleted when freeing.
   at: ~Dependency (servers/rendering/storage/utilities.cpp:56)
WARNING: Leaked instance dependency: Bug - did not call instance_notify_deleted when freeing.
   at: ~Dependency (servers/rendering/storage/utilities.cpp:56)
WARNING: Leaked instance dependency: Bug - did not call instance_notify_deleted when freeing.
   at: ~Dependency (servers/rendering/storage/utilities.cpp:56)
WARNING: Leaked instance dependency: Bug - did not call instance_notify_deleted when freeing.
   at: ~Dependency (servers/rendering/storage/utilities.cpp:56)
WARNING: Leaked instance dependency: Bug - did not call instance_notify_deleted when freeing.
   at: ~Dependency (servers/rendering/storage/utilities.cpp:56)
WARNING: Leaked instance dependency: Bug - did not call instance_notify_deleted when freeing.
   at: ~Dependency (servers/rendering/storage/utilities.cpp:56)
WARNING: Leaked instance dependency: Bug - did not call instance_notify_deleted when freeing.
   at: ~Dependency (servers/rendering/storage/utilities.cpp:56)
WARNING: Leaked instance dependency: Bug - did not call instance_notify_deleted when freeing.
   at: ~Dependency (servers/rendering/storage/utilities.cpp:56)
WARNING: Leaked instance dependency: Bug - did not call instance_notify_deleted when freeing.
   at: ~Dependency (servers/rendering/storage/utilities.cpp:56)
WARNING: Leaked instance dependency: Bug - did not call instance_notify_deleted when freeing.
   at: ~Dependency (servers/rendering/storage/utilities.cpp:56)
WARNING: Leaked instance dependency: Bug - did not call instance_notify_deleted when freeing.
   at: ~Dependency (servers/rendering/storage/utilities.cpp:56)
WARNING: Leaked instance dependency: Bug - did not call instance_notify_deleted when freeing.
   at: ~Dependency (servers/rendering/storage/utilities.cpp:56)
WARNING: Leaked instance dependency: Bug - did not call instance_notify_deleted when freeing.
   at: ~Dependency (servers/rendering/storage/utilities.cpp:56)
WARNING: Leaked instance dependency: Bug - did not call instance_notify_deleted when freeing.
   at: ~Dependency (servers/rendering/storage/utilities.cpp:56)
WARNING: Leaked instance dependency: Bug - did not call instance_notify_deleted when freeing.
   at: ~Dependency (servers/rendering/storage/utilities.cpp:56)
WARNING: Leaked instance dependency: Bug - did not call instance_notify_deleted when freeing.
   at: ~Dependency (servers/rendering/storage/utilities.cpp:56)
WARNING: Leaked instance dependency: Bug - did not call instance_notify_deleted when freeing.
   at: ~Dependency (servers/rendering/storage/utilities.cpp:56)
WARNING: Leaked instance dependency: Bug - did not call instance_notify_deleted when freeing.
   at: ~Dependency (servers/rendering/storage/utilities.cpp:56)
WARNING: Leaked instance dependency: Bug - did not call instance_notify_deleted when freeing.
   at: ~Dependency (servers/rendering/storage/utilities.cpp:56)
WARNING: Leaked instance dependency: Bug - did not call instance_notify_deleted when freeing.
   at: ~Dependency (servers/rendering/storage/utilities.cpp:56)
WARNING: Leaked instance dependency: Bug - did not call instance_notify_deleted when freeing.
   at: ~Dependency (servers/rendering/storage/utilities.cpp:56)
WARNING: Leaked instance dependency: Bug - did not call instance_notify_deleted when freeing.
   at: ~Dependency (servers/rendering/storage/utilities.cpp:56)
WARNING: Leaked instance dependency: Bug - did not call instance_notify_deleted when freeing.
   at: ~Dependency (servers/rendering/storage/utilities.cpp:56)
WARNING: Leaked instance dependency: Bug - did not call instance_notify_deleted when freeing.
   at: ~Dependency (servers/rendering/storage/utilities.cpp:56)
WARNING: Leaked instance dependency: Bug - did not call instance_notify_deleted when freeing.
   at: ~Dependency (servers/rendering/storage/utilities.cpp:56)
WARNING: Leaked instance dependency: Bug - did not call instance_notify_deleted when freeing.
   at: ~Dependency (servers/rendering/storage/utilities.cpp:56)
WARNING: Leaked instance dependency: Bug - did not call instance_notify_deleted when freeing.
   at: ~Dependency (servers/rendering/storage/utilities.cpp:56)
WARNING: Leaked instance dependency: Bug - did not call instance_notify_deleted when freeing.
   at: ~Dependency (servers/rendering/storage/utilities.cpp:56)
WARNING: Leaked instance dependency: Bug - did not call instance_notify_deleted when freeing.
   at: ~Dependency (servers/rendering/storage/utilities.cpp:56)
WARNING: Leaked instance dependency: Bug - did not call instance_notify_deleted when freeing.
   at: ~Dependency (servers/rendering/storage/utilities.cpp:56)
WARNING: Leaked instance dependency: Bug - did not call instance_notify_deleted when freeing.
   at: ~Dependency (servers/rendering/storage/utilities.cpp:56)
WARNING: Leaked instance dependency: Bug - did not call instance_notify_deleted when freeing.
   at: ~Dependency (servers/rendering/storage/utilities.cpp:56)
WARNING: Leaked instance dependency: Bug - did not call instance_notify_deleted when freeing.
   at: ~Dependency (servers/rendering/storage/utilities.cpp:56)
WARNING: Leaked instance dependency: Bug - did not call instance_notify_deleted when freeing.
   at: ~Dependency (servers/rendering/storage/utilities.cpp:56)
WARNING: Leaked instance dependency: Bug - did not call instance_notify_deleted when freeing.
   at: ~Dependency (servers/rendering/storage/utilities.cpp:56)
WARNING: Leaked instance dependency: Bug - did not call instance_notify_deleted when freeing.
   at: ~Dependency (servers/rendering/storage/utilities.cpp:56)
WARNING: Leaked instance dependency: Bug - did not call instance_notify_deleted when freeing.
   at: ~Dependency (servers/rendering/storage/utilities.cpp:56)
WARNING: Leaked instance dependency: Bug - did not call instance_notify_deleted when freeing.
   at: ~Dependency (servers/rendering/storage/utilities.cpp:56)
WARNING: Leaked instance dependency: Bug - did not call instance_notify_deleted when freeing.
   at: ~Dependency (servers/rendering/storage/utilities.cpp:56)
WARNING: Leaked instance dependency: Bug - did not call instance_notify_deleted when freeing.
   at: ~Dependency (servers/rendering/storage/utilities.cpp:56)
WARNING: Leaked instance dependency: Bug - did not call instance_notify_deleted when freeing.
   at: ~Dependency (servers/rendering/storage/utilities.cpp:56)
WARNING: Leaked instance dependency: Bug - did not call instance_notify_deleted when freeing.
   at: ~Dependency (servers/rendering/storage/utilities.cpp:56)
WARNING: Leaked instance dependency: Bug - did not call instance_notify_deleted when freeing.
   at: ~Dependency (servers/rendering/storage/utilities.cpp:56)
WARNING: Leaked instance dependency: Bug - did not call instance_notify_deleted when freeing.
   at: ~Dependency (servers/rendering/storage/utilities.cpp:56)
WARNING: Leaked instance dependency: Bug - did not call instance_notify_deleted when freeing.
   at: ~Dependency (servers/rendering/storage/utilities.cpp:56)
WARNING: Leaked instance dependency: Bug - did not call instance_notify_deleted when freeing.
   at: ~Dependency (servers/rendering/storage/utilities.cpp:56)
WARNING: Leaked instance dependency: Bug - did not call instance_notify_deleted when freeing.
   at: ~Dependency (servers/rendering/storage/utilities.cpp:56)
WARNING: Leaked instance dependency: Bug - did not call instance_notify_deleted when freeing.
   at: ~Dependency (servers/rendering/storage/utilities.cpp:56)
WARNING: Leaked instance dependency: Bug - did not call instance_notify_deleted when freeing.
   at: ~Dependency (servers/rendering/storage/utilities.cpp:56)
WARNING: Leaked instance dependency: Bug - did not call instance_notify_deleted when freeing.
   at: ~Dependency (servers/rendering/storage/utilities.cpp:56)
WARNING: Leaked instance dependency: Bug - did not call instance_notify_deleted when freeing.
   at: ~Dependency (servers/rendering/storage/utilities.cpp:56)
WARNING: Leaked instance dependency: Bug - did not call instance_notify_deleted when freeing.
   at: ~Dependency (servers/rendering/storage/utilities.cpp:56)
WARNING: Leaked instance dependency: Bug - did not call instance_notify_deleted when freeing.
   at: ~Dependency (servers/rendering/storage/utilities.cpp:56)
WARNING: Leaked instance dependency: Bug - did not call instance_notify_deleted when freeing.
   at: ~Dependency (servers/rendering/storage/utilities.cpp:56)
WARNING: Leaked instance dependency: Bug - did not call instance_notify_deleted when freeing.
   at: ~Dependency (servers/rendering/storage/utilities.cpp:56)
WARNING: Leaked instance dependency: Bug - did not call instance_notify_deleted when freeing.
   at: ~Dependency (servers/rendering/storage/utilities.cpp:56)
WARNING: Leaked instance dependency: Bug - did not call instance_notify_deleted when freeing.
   at: ~Dependency (servers/rendering/storage/utilities.cpp:56)
WARNING: Leaked instance dependency: Bug - did not call instance_notify_deleted when freeing.
   at: ~Dependency (servers/rendering/storage/utilities.cpp:56)
WARNING: Leaked instance dependency: Bug - did not call instance_notify_deleted when freeing.
   at: ~Dependency (servers/rendering/storage/utilities.cpp:56)
WARNING: Leaked instance dependency: Bug - did not call instance_notify_deleted when freeing.
   at: ~Dependency (servers/rendering/storage/utilities.cpp:56)
WARNING: Leaked instance dependency: Bug - did not call instance_notify_deleted when freeing.
   at: ~Dependency (servers/rendering/storage/utilities.cpp:56)
WARNING: Leaked instance dependency: Bug - did not call instance_notify_deleted when freeing.
   at: ~Dependency (servers/rendering/storage/utilities.cpp:56)
WARNING: Leaked instance dependency: Bug - did not call instance_notify_deleted when freeing.
   at: ~Dependency (servers/rendering/storage/utilities.cpp:56)
WARNING: Leaked instance dependency: Bug - did not call instance_notify_deleted when freeing.
   at: ~Dependency (servers/rendering/storage/utilities.cpp:56)
WARNING: Leaked instance dependency: Bug - did not call instance_notify_deleted when freeing.
   at: ~Dependency (servers/rendering/storage/utilities.cpp:56)
WARNING: Leaked instance dependency: Bug - did not call instance_notify_deleted when freeing.
   at: ~Dependency (servers/rendering/storage/utilities.cpp:56)
WARNING: Leaked instance dependency: Bug - did not call instance_notify_deleted when freeing.
   at: ~Dependency (servers/rendering/storage/utilities.cpp:56)
WARNING: Leaked instance dependency: Bug - did not call instance_notify_deleted when freeing.
   at: ~Dependency (servers/rendering/storage/utilities.cpp:56)
WARNING: Leaked instance dependency: Bug - did not call instance_notify_deleted when freeing.
   at: ~Dependency (servers/rendering/storage/utilities.cpp:56)
WARNING: Leaked instance dependency: Bug - did not call instance_notify_deleted when freeing.
   at: ~Dependency (servers/rendering/storage/utilities.cpp:56)
WARNING: Leaked instance dependency: Bug - did not call instance_notify_deleted when freeing.
   at: ~Dependency (servers/rendering/storage/utilities.cpp:56)
WARNING: Leaked instance dependency: Bug - did not call instance_notify_deleted when freeing.
   at: ~Dependency (servers/rendering/storage/utilities.cpp:56)
WARNING: Leaked instance dependency: Bug - did not call instance_notify_deleted when freeing.
   at: ~Dependency (servers/rendering/storage/utilities.cpp:56)
WARNING: Leaked instance dependency: Bug - did not call instance_notify_deleted when freeing.
   at: ~Dependency (servers/rendering/storage/utilities.cpp:56)
WARNING: Leaked instance dependency: Bug - did not call instance_notify_deleted when freeing.
   at: ~Dependency (servers/rendering/storage/utilities.cpp:56)
WARNING: Leaked instance dependency: Bug - did not call instance_notify_deleted when freeing.
   at: ~Dependency (servers/rendering/storage/utilities.cpp:56)
WARNING: Leaked instance dependency: Bug - did not call instance_notify_deleted when freeing.
   at: ~Dependency (servers/rendering/storage/utilities.cpp:56)
WARNING: Leaked instance dependency: Bug - did not call instance_notify_deleted when freeing.
   at: ~Dependency (servers/rendering/storage/utilities.cpp:56)
WARNING: Leaked instance dependency: Bug - did not call instance_notify_deleted when freeing.
   at: ~Dependency (servers/rendering/storage/utilities.cpp:56)
WARNING: Leaked instance dependency: Bug - did not call instance_notify_deleted when freeing.
   at: ~Dependency (servers/rendering/storage/utilities.cpp:56)
WARNING: Leaked instance dependency: Bug - did not call instance_notify_deleted when freeing.
   at: ~Dependency (servers/rendering/storage/utilities.cpp:56)
WARNING: Leaked instance dependency: Bug - did not call instance_notify_deleted when freeing.
   at: ~Dependency (servers/rendering/storage/utilities.cpp:56)
WARNING: Leaked instance dependency: Bug - did not call instance_notify_deleted when freeing.
   at: ~Dependency (servers/rendering/storage/utilities.cpp:56)
WARNING: Leaked instance dependency: Bug - did not call instance_notify_deleted when freeing.
   at: ~Dependency (servers/rendering/storage/utilities.cpp:56)
WARNING: Leaked instance dependency: Bug - did not call instance_notify_deleted when freeing.
   at: ~Dependency (servers/rendering/storage/utilities.cpp:56)
WARNING: Leaked instance dependency: Bug - did not call instance_notify_deleted when freeing.
   at: ~Dependency (servers/rendering/storage/utilities.cpp:56)
WARNING: Leaked instance dependency: Bug - did not call instance_notify_deleted when freeing.
   at: ~Dependency (servers/rendering/storage/utilities.cpp:56)
WARNING: Leaked instance dependency: Bug - did not call instance_notify_deleted when freeing.
   at: ~Dependency (servers/rendering/storage/utilities.cpp:56)
WARNING: Leaked instance dependency: Bug - did not call instance_notify_deleted when freeing.
   at: ~Dependency (servers/rendering/storage/utilities.cpp:56)
WARNING: Leaked instance dependency: Bug - did not call instance_notify_deleted when freeing.
   at: ~Dependency (servers/rendering/storage/utilities.cpp:56)
WARNING: Leaked instance dependency: Bug - did not call instance_notify_deleted when freeing.
   at: ~Dependency (servers/rendering/storage/utilities.cpp:56)
WARNING: Leaked instance dependency: Bug - did not call instance_notify_deleted when freeing.
   at: ~Dependency (servers/rendering/storage/utilities.cpp:56)
WARNING: Leaked instance dependency: Bug - did not call instance_notify_deleted when freeing.
   at: ~Dependency (servers/rendering/storage/utilities.cpp:56)
WARNING: Leaked instance dependency: Bug - did not call instance_notify_deleted when freeing.
   at: ~Dependency (servers/rendering/storage/utilities.cpp:56)
WARNING: Leaked instance dependency: Bug - did not call instance_notify_deleted when freeing.
   at: ~Dependency (servers/rendering/storage/utilities.cpp:56)
WARNING: Leaked instance dependency: Bug - did not call instance_notify_deleted when freeing.
   at: ~Dependency (servers/rendering/storage/utilities.cpp:56)
WARNING: Leaked instance dependency: Bug - did not call instance_notify_deleted when freeing.
   at: ~Dependency (servers/rendering/storage/utilities.cpp:56)
WARNING: Leaked instance dependency: Bug - did not call instance_notify_deleted when freeing.
   at: ~Dependency (servers/rendering/storage/utilities.cpp:56)
WARNING: Leaked instance dependency: Bug - did not call instance_notify_deleted when freeing.
   at: ~Dependency (servers/rendering/storage/utilities.cpp:56)
WARNING: Leaked instance dependency: Bug - did not call instance_notify_deleted when freeing.
   at: ~Dependency (servers/rendering/storage/utilities.cpp:56)
WARNING: Leaked instance dependency: Bug - did not call instance_notify_deleted when freeing.
   at: ~Dependency (servers/rendering/storage/utilities.cpp:56)
WARNING: Leaked instance dependency: Bug - did not call instance_notify_deleted when freeing.
   at: ~Dependency (servers/rendering/storage/utilities.cpp:56)
WARNING: Leaked instance dependency: Bug - did not call instance_notify_deleted when freeing.
   at: ~Dependency (servers/rendering/storage/utilities.cpp:56)
WARNING: Leaked instance dependency: Bug - did not call instance_notify_deleted when freeing.
   at: ~Dependency (servers/rendering/storage/utilities.cpp:56)
WARNING: Leaked instance dependency: Bug - did not call instance_notify_deleted when freeing.
   at: ~Dependency (servers/rendering/storage/utilities.cpp:56)
WARNING: Leaked instance dependency: Bug - did not call instance_notify_deleted when freeing.
   at: ~Dependency (servers/rendering/storage/utilities.cpp:56)
WARNING: Leaked instance dependency: Bug - did not call instance_notify_deleted when freeing.
   at: ~Dependency (servers/rendering/storage/utilities.cpp:56)
WARNING: Leaked instance dependency: Bug - did not call instance_notify_deleted when freeing.
   at: ~Dependency (servers/rendering/storage/utilities.cpp:56)
WARNING: Leaked instance dependency: Bug - did not call instance_notify_deleted when freeing.
   at: ~Dependency (servers/rendering/storage/utilities.cpp:56)
WARNING: Leaked instance dependency: Bug - did not call instance_notify_deleted when freeing.
   at: ~Dependency (servers/rendering/storage/utilities.cpp:56)
WARNING: Leaked instance dependency: Bug - did not call instance_notify_deleted when freeing.
   at: ~Dependency (servers/rendering/storage/utilities.cpp:56)
WARNING: Leaked instance dependency: Bug - did not call instance_notify_deleted when freeing.
   at: ~Dependency (servers/rendering/storage/utilities.cpp:56)
WARNING: Leaked instance dependency: Bug - did not call instance_notify_deleted when freeing.
   at: ~Dependency (servers/rendering/storage/utilities.cpp:56)
WARNING: Leaked instance dependency: Bug - did not call instance_notify_deleted when freeing.
   at: ~Dependency (servers/rendering/storage/utilities.cpp:56)
WARNING: Leaked instance dependency: Bug - did not call instance_notify_deleted when freeing.
   at: ~Dependency (servers/rendering/storage/utilities.cpp:56)
WARNING: Leaked instance dependency: Bug - did not call instance_notify_deleted when freeing.
   at: ~Dependency (servers/rendering/storage/utilities.cpp:56)
WARNING: Leaked instance dependency: Bug - did not call instance_notify_deleted when freeing.
   at: ~Dependency (servers/rendering/storage/utilities.cpp:56)
WARNING: Leaked instance dependency: Bug - did not call instance_notify_deleted when freeing.
   at: ~Dependency (servers/rendering/storage/utilities.cpp:56)
WARNING: Leaked instance dependency: Bug - did not call instance_notify_deleted when freeing.
   at: ~Dependency (servers/rendering/storage/utilities.cpp:56)
WARNING: Leaked instance dependency: Bug - did not call instance_notify_deleted when freeing.
   at: ~Dependency (servers/rendering/storage/utilities.cpp:56)
WARNING: Leaked instance dependency: Bug - did not call instance_notify_deleted when freeing.
   at: ~Dependency (servers/rendering/storage/utilities.cpp:56)
WARNING: Leaked instance dependency: Bug - did not call instance_notify_deleted when freeing.
   at: ~Dependency (servers/rendering/storage/utilities.cpp:56)
WARNING: Leaked instance dependency: Bug - did not call instance_notify_deleted when freeing.
   at: ~Dependency (servers/rendering/storage/utilities.cpp:56)
WARNING: Leaked instance dependency: Bug - did not call instance_notify_deleted when freeing.
   at: ~Dependency (servers/rendering/storage/utilities.cpp:56)
WARNING: Leaked instance dependency: Bug - did not call instance_notify_deleted when freeing.
   at: ~Dependency (servers/rendering/storage/utilities.cpp:56)
WARNING: Leaked instance dependency: Bug - did not call instance_notify_deleted when freeing.
   at: ~Dependency (servers/rendering/storage/utilities.cpp:56)
WARNING: Leaked instance dependency: Bug - did not call instance_notify_deleted when freeing.
   at: ~Dependency (servers/rendering/storage/utilities.cpp:56)
WARNING: Leaked instance dependency: Bug - did not call instance_notify_deleted when freeing.
   at: ~Dependency (servers/rendering/storage/utilities.cpp:56)
WARNING: Leaked instance dependency: Bug - did not call instance_notify_deleted when freeing.
   at: ~Dependency (servers/rendering/storage/utilities.cpp:56)
WARNING: Leaked instance dependency: Bug - did not call instance_notify_deleted when freeing.
   at: ~Dependency (servers/rendering/storage/utilities.cpp:56)
WARNING: Leaked instance dependency: Bug - did not call instance_notify_deleted when freeing.
   at: ~Dependency (servers/rendering/storage/utilities.cpp:56)
WARNING: Leaked instance dependency: Bug - did not call instance_notify_deleted when freeing.
   at: ~Dependency (servers/rendering/storage/utilities.cpp:56)
WARNING: Leaked instance dependency: Bug - did not call instance_notify_deleted when freeing.
   at: ~Dependency (servers/rendering/storage/utilities.cpp:56)
WARNING: Leaked instance dependency: Bug - did not call instance_notify_deleted when freeing.
   at: ~Dependency (servers/rendering/storage/utilities.cpp:56)
WARNING: Leaked instance dependency: Bug - did not call instance_notify_deleted when freeing.
   at: ~Dependency (servers/rendering/storage/utilities.cpp:56)
WARNING: Leaked instance dependency: Bug - did not call instance_notify_deleted when freeing.
   at: ~Dependency (servers/rendering/storage/utilities.cpp:56)
WARNING: Leaked instance dependency: Bug - did not call instance_notify_deleted when freeing.
   at: ~Dependency (servers/rendering/storage/utilities.cpp:56)
WARNING: Leaked instance dependency: Bug - did not call instance_notify_deleted when freeing.
   at: ~Dependency (servers/rendering/storage/utilities.cpp:56)
WARNING: Leaked instance dependency: Bug - did not call instance_notify_deleted when freeing.
   at: ~Dependency (servers/rendering/storage/utilities.cpp:56)
WARNING: Leaked instance dependency: Bug - did not call instance_notify_deleted when freeing.
   at: ~Dependency (servers/rendering/storage/utilities.cpp:56)
WARNING: Leaked instance dependency: Bug - did not call instance_notify_deleted when freeing.
   at: ~Dependency (servers/rendering/storage/utilities.cpp:56)
WARNING: Leaked instance dependency: Bug - did not call instance_notify_deleted when freeing.
   at: ~Dependency (servers/rendering/storage/utilities.cpp:56)
WARNING: Leaked instance dependency: Bug - did not call instance_notify_deleted when freeing.
   at: ~Dependency (servers/rendering/storage/utilities.cpp:56)
WARNING: Leaked instance dependency: Bug - did not call instance_notify_deleted when freeing.
   at: ~Dependency (servers/rendering/storage/utilities.cpp:56)
WARNING: Leaked instance dependency: Bug - did not call instance_notify_deleted when freeing.
   at: ~Dependency (servers/rendering/storage/utilities.cpp:56)
WARNING: Leaked instance dependency: Bug - did not call instance_notify_deleted when freeing.
   at: ~Dependency (servers/rendering/storage/utilities.cpp:56)
WARNING: Leaked instance dependency: Bug - did not call instance_notify_deleted when freeing.
   at: ~Dependency (servers/rendering/storage/utilities.cpp:56)
WARNING: Leaked instance dependency: Bug - did not call instance_notify_deleted when freeing.
   at: ~Dependency (servers/rendering/storage/utilities.cpp:56)
WARNING: Leaked instance dependency: Bug - did not call instance_notify_deleted when freeing.
   at: ~Dependency (servers/rendering/storage/utilities.cpp:56)
WARNING: Leaked instance dependency: Bug - did not call instance_notify_deleted when freeing.
   at: ~Dependency (servers/rendering/storage/utilities.cpp:56)
WARNING: Leaked instance dependency: Bug - did not call instance_notify_deleted when freeing.
   at: ~Dependency (servers/rendering/storage/utilities.cpp:56)
WARNING: Leaked instance dependency: Bug - did not call instance_notify_deleted when freeing.
   at: ~Dependency (servers/rendering/storage/utilities.cpp:56)
WARNING: Leaked instance dependency: Bug - did not call instance_notify_deleted when freeing.
   at: ~Dependency (servers/rendering/storage/utilities.cpp:56)
WARNING: Leaked instance dependency: Bug - did not call instance_notify_deleted when freeing.
   at: ~Dependency (servers/rendering/storage/utilities.cpp:56)
WARNING: Leaked instance dependency: Bug - did not call instance_notify_deleted when freeing.
   at: ~Dependency (servers/rendering/storage/utilities.cpp:56)
WARNING: Leaked instance dependency: Bug - did not call instance_notify_deleted when freeing.
   at: ~Dependency (servers/rendering/storage/utilities.cpp:56)
WARNING: Leaked instance dependency: Bug - did not call instance_notify_deleted when freeing.
   at: ~Dependency (servers/rendering/storage/utilities.cpp:56)
WARNING: Leaked instance dependency: Bug - did not call instance_notify_deleted when freeing.
   at: ~Dependency (servers/rendering/storage/utilities.cpp:56)
WARNING: Leaked instance dependency: Bug - did not call instance_notify_deleted when freeing.
   at: ~Dependency (servers/rendering/storage/utilities.cpp:56)
WARNING: Leaked instance dependency: Bug - did not call instance_notify_deleted when freeing.
   at: ~Dependency (servers/rendering/storage/utilities.cpp:56)
WARNING: Leaked instance dependency: Bug - did not call instance_notify_deleted when freeing.
   at: ~Dependency (servers/rendering/storage/utilities.cpp:56)
WARNING: Leaked instance dependency: Bug - did not call instance_notify_deleted when freeing.
   at: ~Dependency (servers/rendering/storage/utilities.cpp:56)
WARNING: Leaked instance dependency: Bug - did not call instance_notify_deleted when freeing.
   at: ~Dependency (servers/rendering/storage/utilities.cpp:56)
WARNING: Leaked instance dependency: Bug - did not call instance_notify_deleted when freeing.
   at: ~Dependency (servers/rendering/storage/utilities.cpp:56)
WARNING: Leaked instance dependency: Bug - did not call instance_notify_deleted when freeing.
   at: ~Dependency (servers/rendering/storage/utilities.cpp:56)
WARNING: Leaked instance dependency: Bug - did not call instance_notify_deleted when freeing.
   at: ~Dependency (servers/rendering/storage/utilities.cpp:56)
WARNING: Leaked instance dependency: Bug - did not call instance_notify_deleted when freeing.
   at: ~Dependency (servers/rendering/storage/utilities.cpp:56)
WARNING: Leaked instance dependency: Bug - did not call instance_notify_deleted when freeing.
   at: ~Dependency (servers/rendering/storage/utilities.cpp:56)
WARNING: Leaked instance dependency: Bug - did not call instance_notify_deleted when freeing.
   at: ~Dependency (servers/rendering/storage/utilities.cpp:56)
WARNING: Leaked instance dependency: Bug - did not call instance_notify_deleted when freeing.
   at: ~Dependency (servers/rendering/storage/utilities.cpp:56)
WARNING: Leaked instance dependency: Bug - did not call instance_notify_deleted when freeing.
   at: ~Dependency (servers/rendering/storage/utilities.cpp:56)
WARNING: Leaked instance dependency: Bug - did not call instance_notify_deleted when freeing.
   at: ~Dependency (servers/rendering/storage/utilities.cpp:56)
WARNING: Leaked instance dependency: Bug - did not call instance_notify_deleted when freeing.
   at: ~Dependency (servers/rendering/storage/utilities.cpp:56)
WARNING: Leaked instance dependency: Bug - did not call instance_notify_deleted when freeing.
   at: ~Dependency (servers/rendering/storage/utilities.cpp:56)
WARNING: Leaked instance dependency: Bug - did not call instance_notify_deleted when freeing.
   at: ~Dependency (servers/rendering/storage/utilities.cpp:56)
WARNING: Leaked instance dependency: Bug - did not call instance_notify_deleted when freeing.
   at: ~Dependency (servers/rendering/storage/utilities.cpp:56)
WARNING: Leaked instance dependency: Bug - did not call instance_notify_deleted when freeing.
   at: ~Dependency (servers/rendering/storage/utilities.cpp:56)
WARNING: Leaked instance dependency: Bug - did not call instance_notify_deleted when freeing.
   at: ~Dependency (servers/rendering/storage/utilities.cpp:56)
WARNING: Leaked instance dependency: Bug - did not call instance_notify_deleted when freeing.
   at: ~Dependency (servers/rendering/storage/utilities.cpp:56)
WARNING: Leaked instance dependency: Bug - did not call instance_notify_deleted when freeing.
   at: ~Dependency (servers/rendering/storage/utilities.cpp:56)
WARNING: Leaked instance dependency: Bug - did not call instance_notify_deleted when freeing.
   at: ~Dependency (servers/rendering/storage/utilities.cpp:56)
WARNING: Leaked instance dependency: Bug - did not call instance_notify_deleted when freeing.
   at: ~Dependency (servers/rendering/storage/utilities.cpp:56)
WARNING: Leaked instance dependency: Bug - did not call instance_notify_deleted when freeing.
   at: ~Dependency (servers/rendering/storage/utilities.cpp:56)
WARNING: Leaked instance dependency: Bug - did not call instance_notify_deleted when freeing.
   at: ~Dependency (servers/rendering/storage/utilities.cpp:56)
WARNING: Leaked instance dependency: Bug - did not call instance_notify_deleted when freeing.
   at: ~Dependency (servers/rendering/storage/utilities.cpp:56)
WARNING: Leaked instance dependency: Bug - did not call instance_notify_deleted when freeing.
   at: ~Dependency (servers/rendering/storage/utilities.cpp:56)
WARNING: Leaked instance dependency: Bug - did not call instance_notify_deleted when freeing.
   at: ~Dependency (servers/rendering/storage/utilities.cpp:56)
WARNING: Leaked instance dependency: Bug - did not call instance_notify_deleted when freeing.
   at: ~Dependency (servers/rendering/storage/utilities.cpp:56)
WARNING: Leaked instance dependency: Bug - did not call instance_notify_deleted when freeing.
   at: ~Dependency (servers/rendering/storage/utilities.cpp:56)
WARNING: Leaked instance dependency: Bug - did not call instance_notify_deleted when freeing.
   at: ~Dependency (servers/rendering/storage/utilities.cpp:56)
WARNING: Leaked instance dependency: Bug - did not call instance_notify_deleted when freeing.
   at: ~Dependency (servers/rendering/storage/utilities.cpp:56)
WARNING: Leaked instance dependency: Bug - did not call instance_notify_deleted when freeing.
   at: ~Dependency (servers/rendering/storage/utilities.cpp:56)
WARNING: Leaked instance dependency: Bug - did not call instance_notify_deleted when freeing.
   at: ~Dependency (servers/rendering/storage/utilities.cpp:56)
WARNING: Leaked instance dependency: Bug - did not call instance_notify_deleted when freeing.
   at: ~Dependency (servers/rendering/storage/utilities.cpp:56)
WARNING: Leaked instance dependency: Bug - did not call instance_notify_deleted when freeing.
   at: ~Dependency (servers/rendering/storage/utilities.cpp:56)
WARNING: Leaked instance dependency: Bug - did not call instance_notify_deleted when freeing.
   at: ~Dependency (servers/rendering/storage/utilities.cpp:56)
WARNING: Leaked instance dependency: Bug - did not call instance_notify_deleted when freeing.
   at: ~Dependency (servers/rendering/storage/utilities.cpp:56)
WARNING: Leaked instance dependency: Bug - did not call instance_notify_deleted when freeing.
   at: ~Dependency (servers/rendering/storage/utilities.cpp:56)
WARNING: Leaked instance dependency: Bug - did not call instance_notify_deleted when freeing.
   at: ~Dependency (servers/rendering/storage/utilities.cpp:56)
WARNING: Leaked instance dependency: Bug - did not call instance_notify_deleted when freeing.
   at: ~Dependency (servers/rendering/storage/utilities.cpp:56)
WARNING: Leaked instance dependency: Bug - did not call instance_notify_deleted when freeing.
   at: ~Dependency (servers/rendering/storage/utilities.cpp:56)
WARNING: Leaked instance dependency: Bug - did not call instance_notify_deleted when freeing.
   at: ~Dependency (servers/rendering/storage/utilities.cpp:56)
WARNING: Leaked instance dependency: Bug - did not call instance_notify_deleted when freeing.
   at: ~Dependency (servers/rendering/storage/utilities.cpp:56)
WARNING: Leaked instance dependency: Bug - did not call instance_notify_deleted when freeing.
   at: ~Dependency (servers/rendering/storage/utilities.cpp:56)
WARNING: Leaked instance dependency: Bug - did not call instance_notify_deleted when freeing.
   at: ~Dependency (servers/rendering/storage/utilities.cpp:56)
WARNING: Leaked instance dependency: Bug - did not call instance_notify_deleted when freeing.
   at: ~Dependency (servers/rendering/storage/utilities.cpp:56)
WARNING: Leaked instance dependency: Bug - did not call instance_notify_deleted when freeing.
   at: ~Dependency (servers/rendering/storage/utilities.cpp:56)
WARNING: Leaked instance dependency: Bug - did not call instance_notify_deleted when freeing.
   at: ~Dependency (servers/rendering/storage/utilities.cpp:56)
WARNING: Leaked instance dependency: Bug - did not call instance_notify_deleted when freeing.
   at: ~Dependency (servers/rendering/storage/utilities.cpp:56)
WARNING: Leaked instance dependency: Bug - did not call instance_notify_deleted when freeing.
   at: ~Dependency (servers/rendering/storage/utilities.cpp:56)
WARNING: Leaked instance dependency: Bug - did not call instance_notify_deleted when freeing.
   at: ~Dependency (servers/rendering/storage/utilities.cpp:56)
WARNING: Leaked instance dependency: Bug - did not call instance_notify_deleted when freeing.
   at: ~Dependency (servers/rendering/storage/utilities.cpp:56)
WARNING: Leaked instance dependency: Bug - did not call instance_notify_deleted when freeing.
   at: ~Dependency (servers/rendering/storage/utilities.cpp:56)
WARNING: Leaked instance dependency: Bug - did not call instance_notify_deleted when freeing.
   at: ~Dependency (servers/rendering/storage/utilities.cpp:56)
WARNING: Leaked instance dependency: Bug - did not call instance_notify_deleted when freeing.
   at: ~Dependency (servers/rendering/storage/utilities.cpp:56)
WARNING: Leaked instance dependency: Bug - did not call instance_notify_deleted when freeing.
   at: ~Dependency (servers/rendering/storage/utilities.cpp:56)
WARNING: Leaked instance dependency: Bug - did not call instance_notify_deleted when freeing.
   at: ~Dependency (servers/rendering/storage/utilities.cpp:56)
WARNING: Leaked instance dependency: Bug - did not call instance_notify_deleted when freeing.
   at: ~Dependency (servers/rendering/storage/utilities.cpp:56)
WARNING: Leaked instance dependency: Bug - did not call instance_notify_deleted when freeing.
   at: ~Dependency (servers/rendering/storage/utilities.cpp:56)
WARNING: Leaked instance dependency: Bug - did not call instance_notify_deleted when freeing.
   at: ~Dependency (servers/rendering/storage/utilities.cpp:56)
WARNING: Leaked instance dependency: Bug - did not call instance_notify_deleted when freeing.
   at: ~Dependency (servers/rendering/storage/utilities.cpp:56)
WARNING: Leaked instance dependency: Bug - did not call instance_notify_deleted when freeing.
   at: ~Dependency (servers/rendering/storage/utilities.cpp:56)
WARNING: Leaked instance dependency: Bug - did not call instance_notify_deleted when freeing.
   at: ~Dependency (servers/rendering/storage/utilities.cpp:56)
WARNING: Leaked instance dependency: Bug - did not call instance_notify_deleted when freeing.
   at: ~Dependency (servers/rendering/storage/utilities.cpp:56)
WARNING: Leaked instance dependency: Bug - did not call instance_notify_deleted when freeing.
   at: ~Dependency (servers/rendering/storage/utilities.cpp:56)
WARNING: Leaked instance dependency: Bug - did not call instance_notify_deleted when freeing.
   at: ~Dependency (servers/rendering/storage/utilities.cpp:56)
WARNING: Leaked instance dependency: Bug - did not call instance_notify_deleted when freeing.
   at: ~Dependency (servers/rendering/storage/utilities.cpp:56)
WARNING: Leaked instance dependency: Bug - did not call instance_notify_deleted when freeing.
   at: ~Dependency (servers/rendering/storage/utilities.cpp:56)
WARNING: Leaked instance dependency: Bug - did not call instance_notify_deleted when freeing.
   at: ~Dependency (servers/rendering/storage/utilities.cpp:56)
WARNING: Leaked instance dependency: Bug - did not call instance_notify_deleted when freeing.
   at: ~Dependency (servers/rendering/storage/utilities.cpp:56)
WARNING: Leaked instance dependency: Bug - did not call instance_notify_deleted when freeing.
   at: ~Dependency (servers/rendering/storage/utilities.cpp:56)
WARNING: Leaked instance dependency: Bug - did not call instance_notify_deleted when freeing.
   at: ~Dependency (servers/rendering/storage/utilities.cpp:56)
WARNING: Leaked instance dependency: Bug - did not call instance_notify_deleted when freeing.
   at: ~Dependency (servers/rendering/storage/utilities.cpp:56)
WARNING: Leaked instance dependency: Bug - did not call instance_notify_deleted when freeing.
   at: ~Dependency (servers/rendering/storage/utilities.cpp:56)
WARNING: Leaked instance dependency: Bug - did not call instance_notify_deleted when freeing.
   at: ~Dependency (servers/rendering/storage/utilities.cpp:56)
WARNING: Leaked instance dependency: Bug - did not call instance_notify_deleted when freeing.
   at: ~Dependency (servers/rendering/storage/utilities.cpp:56)
WARNING: Leaked instance dependency: Bug - did not call instance_notify_deleted when freeing.
   at: ~Dependency (servers/rendering/storage/utilities.cpp:56)
WARNING: Leaked instance dependency: Bug - did not call instance_notify_deleted when freeing.
   at: ~Dependency (servers/rendering/storage/utilities.cpp:56)
WARNING: Leaked instance dependency: Bug - did not call instance_notify_deleted when freeing.
   at: ~Dependency (servers/rendering/storage/utilities.cpp:56)
WARNING: Leaked instance dependency: Bug - did not call instance_notify_deleted when freeing.
   at: ~Dependency (servers/rendering/storage/utilities.cpp:56)
WARNING: Leaked instance dependency: Bug - did not call instance_notify_deleted when freeing.
   at: ~Dependency (servers/rendering/storage/utilities.cpp:56)
WARNING: Leaked instance dependency: Bug - did not call instance_notify_deleted when freeing.
   at: ~Dependency (servers/rendering/storage/utilities.cpp:56)
WARNING: Leaked instance dependency: Bug - did not call instance_notify_deleted when freeing.
   at: ~Dependency (servers/rendering/storage/utilities.cpp:56)
WARNING: Leaked instance dependency: Bug - did not call instance_notify_deleted when freeing.
   at: ~Dependency (servers/rendering/storage/utilities.cpp:56)
WARNING: Leaked instance dependency: Bug - did not call instance_notify_deleted when freeing.
   at: ~Dependency (servers/rendering/storage/utilities.cpp:56)
WARNING: Leaked instance dependency: Bug - did not call instance_notify_deleted when freeing.
   at: ~Dependency (servers/rendering/storage/utilities.cpp:56)
WARNING: Leaked instance dependency: Bug - did not call instance_notify_deleted when freeing.
   at: ~Dependency (servers/rendering/storage/utilities.cpp:56)
WARNING: Leaked instance dependency: Bug - did not call instance_notify_deleted when freeing.
   at: ~Dependency (servers/rendering/storage/utilities.cpp:56)
WARNING: Leaked instance dependency: Bug - did not call instance_notify_deleted when freeing.
   at: ~Dependency (servers/rendering/storage/utilities.cpp:56)
WARNING: Leaked instance dependency: Bug - did not call instance_notify_deleted when freeing.
   at: ~Dependency (servers/rendering/storage/utilities.cpp:56)
WARNING: Leaked instance dependency: Bug - did not call instance_notify_deleted when freeing.
   at: ~Dependency (servers/rendering/storage/utilities.cpp:56)
WARNING: Leaked instance dependency: Bug - did not call instance_notify_deleted when freeing.
   at: ~Dependency (servers/rendering/storage/utilities.cpp:56)
WARNING: Leaked instance dependency: Bug - did not call instance_notify_deleted when freeing.
   at: ~Dependency (servers/rendering/storage/utilities.cpp:56)
WARNING: Leaked instance dependency: Bug - did not call instance_notify_deleted when freeing.
   at: ~Dependency (servers/rendering/storage/utilities.cpp:56)
WARNING: Leaked instance dependency: Bug - did not call instance_notify_deleted when freeing.
   at: ~Dependency (servers/rendering/storage/utilities.cpp:56)
WARNING: Leaked instance dependency: Bug - did not call instance_notify_deleted when freeing.
   at: ~Dependency (servers/rendering/storage/utilities.cpp:56)
WARNING: Leaked instance dependency: Bug - did not call instance_notify_deleted when freeing.
   at: ~Dependency (servers/rendering/storage/utilities.cpp:56)
WARNING: Leaked instance dependency: Bug - did not call instance_notify_deleted when freeing.
   at: ~Dependency (servers/rendering/storage/utilities.cpp:56)
WARNING: Leaked instance dependency: Bug - did not call instance_notify_deleted when freeing.
   at: ~Dependency (servers/rendering/storage/utilities.cpp:56)
WARNING: Leaked instance dependency: Bug - did not call instance_notify_deleted when freeing.
   at: ~Dependency (servers/rendering/storage/utilities.cpp:56)
WARNING: Leaked instance dependency: Bug - did not call instance_notify_deleted when freeing.
   at: ~Dependency (servers/rendering/storage/utilities.cpp:56)
WARNING: Leaked instance dependency: Bug - did not call instance_notify_deleted when freeing.
   at: ~Dependency (servers/rendering/storage/utilities.cpp:56)
WARNING: Leaked instance dependency: Bug - did not call instance_notify_deleted when freeing.
   at: ~Dependency (servers/rendering/storage/utilities.cpp:56)
WARNING: Leaked instance dependency: Bug - did not call instance_notify_deleted when freeing.
   at: ~Dependency (servers/rendering/storage/utilities.cpp:56)
WARNING: Leaked instance dependency: Bug - did not call instance_notify_deleted when freeing.
   at: ~Dependency (servers/rendering/storage/utilities.cpp:56)
WARNING: Leaked instance dependency: Bug - did not call instance_notify_deleted when freeing.
   at: ~Dependency (servers/rendering/storage/utilities.cpp:56)
WARNING: Leaked instance dependency: Bug - did not call instance_notify_deleted when freeing.
   at: ~Dependency (servers/rendering/storage/utilities.cpp:56)
WARNING: Leaked instance dependency: Bug - did not call instance_notify_deleted when freeing.
   at: ~Dependency (servers/rendering/storage/utilities.cpp:56)
WARNING: Leaked instance dependency: Bug - did not call instance_notify_deleted when freeing.
   at: ~Dependency (servers/rendering/storage/utilities.cpp:56)
WARNING: Leaked instance dependency: Bug - did not call instance_notify_deleted when freeing.
   at: ~Dependency (servers/rendering/storage/utilities.cpp:56)
WARNING: Leaked instance dependency: Bug - did not call instance_notify_deleted when freeing.
   at: ~Dependency (servers/rendering/storage/utilities.cpp:56)
WARNING: Leaked instance dependency: Bug - did not call instance_notify_deleted when freeing.
   at: ~Dependency (servers/rendering/storage/utilities.cpp:56)
WARNING: Leaked instance dependency: Bug - did not call instance_notify_deleted when freeing.
   at: ~Dependency (servers/rendering/storage/utilities.cpp:56)
WARNING: Leaked instance dependency: Bug - did not call instance_notify_deleted when freeing.
   at: ~Dependency (servers/rendering/storage/utilities.cpp:56)
WARNING: Leaked instance dependency: Bug - did not call instance_notify_deleted when freeing.
   at: ~Dependency (servers/rendering/storage/utilities.cpp:56)
WARNING: Leaked instance dependency: Bug - did not call instance_notify_deleted when freeing.
   at: ~Dependency (servers/rendering/storage/utilities.cpp:56)
WARNING: Leaked instance dependency: Bug - did not call instance_notify_deleted when freeing.
   at: ~Dependency (servers/rendering/storage/utilities.cpp:56)
WARNING: Leaked instance dependency: Bug - did not call instance_notify_deleted when freeing.
   at: ~Dependency (servers/rendering/storage/utilities.cpp:56)
WARNING: Leaked instance dependency: Bug - did not call instance_notify_deleted when freeing.
   at: ~Dependency (servers/rendering/storage/utilities.cpp:56)
WARNING: Leaked instance dependency: Bug - did not call instance_notify_deleted when freeing.
   at: ~Dependency (servers/rendering/storage/utilities.cpp:56)
WARNING: Leaked instance dependency: Bug - did not call instance_notify_deleted when freeing.
   at: ~Dependency (servers/rendering/storage/utilities.cpp:56)
WARNING: Leaked instance dependency: Bug - did not call instance_notify_deleted when freeing.
   at: ~Dependency (servers/rendering/storage/utilities.cpp:56)
WARNING: Leaked instance dependency: Bug - did not call instance_notify_deleted when freeing.
   at: ~Dependency (servers/rendering/storage/utilities.cpp:56)
WARNING: Leaked instance dependency: Bug - did not call instance_notify_deleted when freeing.
   at: ~Dependency (servers/rendering/storage/utilities.cpp:56)
WARNING: Leaked instance dependency: Bug - did not call instance_notify_deleted when freeing.
   at: ~Dependency (servers/rendering/storage/utilities.cpp:56)
WARNING: Leaked instance dependency: Bug - did not call instance_notify_deleted when freeing.
   at: ~Dependency (servers/rendering/storage/utilities.cpp:56)
WARNING: Leaked instance dependency: Bug - did not call instance_notify_deleted when freeing.
   at: ~Dependency (servers/rendering/storage/utilities.cpp:56)
WARNING: Leaked instance dependency: Bug - did not call instance_notify_deleted when freeing.
   at: ~Dependency (servers/rendering/storage/utilities.cpp:56)
WARNING: Leaked instance dependency: Bug - did not call instance_notify_deleted when freeing.
   at: ~Dependency (servers/rendering/storage/utilities.cpp:56)
WARNING: Leaked instance dependency: Bug - did not call instance_notify_deleted when freeing.
   at: ~Dependency (servers/rendering/storage/utilities.cpp:56)
WARNING: Leaked instance dependency: Bug - did not call instance_notify_deleted when freeing.
   at: ~Dependency (servers/rendering/storage/utilities.cpp:56)
WARNING: Leaked instance dependency: Bug - did not call instance_notify_deleted when freeing.
   at: ~Dependency (servers/rendering/storage/utilities.cpp:56)
WARNING: Leaked instance dependency: Bug - did not call instance_notify_deleted when freeing.
   at: ~Dependency (servers/rendering/storage/utilities.cpp:56)
WARNING: Leaked instance dependency: Bug - did not call instance_notify_deleted when freeing.
   at: ~Dependency (servers/rendering/storage/utilities.cpp:56)
WARNING: Leaked instance dependency: Bug - did not call instance_notify_deleted when freeing.
   at: ~Dependency (servers/rendering/storage/utilities.cpp:56)
WARNING: Leaked instance dependency: Bug - did not call instance_notify_deleted when freeing.
   at: ~Dependency (servers/rendering/storage/utilities.cpp:56)
WARNING: Leaked instance dependency: Bug - did not call instance_notify_deleted when freeing.
   at: ~Dependency (servers/rendering/storage/utilities.cpp:56)
WARNING: Leaked instance dependency: Bug - did not call instance_notify_deleted when freeing.
   at: ~Dependency (servers/rendering/storage/utilities.cpp:56)
WARNING: Leaked instance dependency: Bug - did not call instance_notify_deleted when freeing.
   at: ~Dependency (servers/rendering/storage/utilities.cpp:56)
WARNING: Leaked instance dependency: Bug - did not call instance_notify_deleted when freeing.
   at: ~Dependency (servers/rendering/storage/utilities.cpp:56)
WARNING: Leaked instance dependency: Bug - did not call instance_notify_deleted when freeing.
   at: ~Dependency (servers/rendering/storage/utilities.cpp:56)
WARNING: Leaked instance dependency: Bug - did not call instance_notify_deleted when freeing.
   at: ~Dependency (servers/rendering/storage/utilities.cpp:56)
WARNING: Leaked instance dependency: Bug - did not call instance_notify_deleted when freeing.
   at: ~Dependency (servers/rendering/storage/utilities.cpp:56)
WARNING: Leaked instance dependency: Bug - did not call instance_notify_deleted when freeing.
   at: ~Dependency (servers/rendering/storage/utilities.cpp:56)
WARNING: Leaked instance dependency: Bug - did not call instance_notify_deleted when freeing.
   at: ~Dependency (servers/rendering/storage/utilities.cpp:56)
WARNING: Leaked instance dependency: Bug - did not call instance_notify_deleted when freeing.
   at: ~Dependency (servers/rendering/storage/utilities.cpp:56)
WARNING: Leaked instance dependency: Bug - did not call instance_notify_deleted when freeing.
   at: ~Dependency (servers/rendering/storage/utilities.cpp:56)
WARNING: Leaked instance dependency: Bug - did not call instance_notify_deleted when freeing.
   at: ~Dependency (servers/rendering/storage/utilities.cpp:56)
WARNING: Leaked instance dependency: Bug - did not call instance_notify_deleted when freeing.
   at: ~Dependency (servers/rendering/storage/utilities.cpp:56)
WARNING: Leaked instance dependency: Bug - did not call instance_notify_deleted when freeing.
   at: ~Dependency (servers/rendering/storage/utilities.cpp:56)
WARNING: Leaked instance dependency: Bug - did not call instance_notify_deleted when freeing.
   at: ~Dependency (servers/rendering/storage/utilities.cpp:56)
WARNING: Leaked instance dependency: Bug - did not call instance_notify_deleted when freeing.
   at: ~Dependency (servers/rendering/storage/utilities.cpp:56)
WARNING: Leaked instance dependency: Bug - did not call instance_notify_deleted when freeing.
   at: ~Dependency (servers/rendering/storage/utilities.cpp:56)
WARNING: Leaked instance dependency: Bug - did not call instance_notify_deleted when freeing.
   at: ~Dependency (servers/rendering/storage/utilities.cpp:56)
WARNING: Leaked instance dependency: Bug - did not call instance_notify_deleted when freeing.
   at: ~Dependency (servers/rendering/storage/utilities.cpp:56)
WARNING: Leaked instance dependency: Bug - did not call instance_notify_deleted when freeing.
   at: ~Dependency (servers/rendering/storage/utilities.cpp:56)
WARNING: Leaked instance dependency: Bug - did not call instance_notify_deleted when freeing.
   at: ~Dependency (servers/rendering/storage/utilities.cpp:56)
WARNING: Leaked instance dependency: Bug - did not call instance_notify_deleted when freeing.
   at: ~Dependency (servers/rendering/storage/utilities.cpp:56)
WARNING: Leaked instance dependency: Bug - did not call instance_notify_deleted when freeing.
   at: ~Dependency (servers/rendering/storage/utilities.cpp:56)
WARNING: Leaked instance dependency: Bug - did not call instance_notify_deleted when freeing.
   at: ~Dependency (servers/rendering/storage/utilities.cpp:56)
WARNING: Leaked instance dependency: Bug - did not call instance_notify_deleted when freeing.
   at: ~Dependency (servers/rendering/storage/utilities.cpp:56)
WARNING: Leaked instance dependency: Bug - did not call instance_notify_deleted when freeing.
   at: ~Dependency (servers/rendering/storage/utilities.cpp:56)
WARNING: Leaked instance dependency: Bug - did not call instance_notify_deleted when freeing.
   at: ~Dependency (servers/rendering/storage/utilities.cpp:56)
WARNING: Leaked instance dependency: Bug - did not call instance_notify_deleted when freeing.
   at: ~Dependency (servers/rendering/storage/utilities.cpp:56)
WARNING: Leaked instance dependency: Bug - did not call instance_notify_deleted when freeing.
   at: ~Dependency (servers/rendering/storage/utilities.cpp:56)
WARNING: Leaked instance dependency: Bug - did not call instance_notify_deleted when freeing.
   at: ~Dependency (servers/rendering/storage/utilities.cpp:56)
WARNING: Leaked instance dependency: Bug - did not call instance_notify_deleted when freeing.
   at: ~Dependency (servers/rendering/storage/utilities.cpp:56)
WARNING: Leaked instance dependency: Bug - did not call instance_notify_deleted when freeing.
   at: ~Dependency (servers/rendering/storage/utilities.cpp:56)
WARNING: Leaked instance dependency: Bug - did not call instance_notify_deleted when freeing.
   at: ~Dependency (servers/rendering/storage/utilities.cpp:56)
WARNING: Leaked instance dependency: Bug - did not call instance_notify_deleted when freeing.
   at: ~Dependency (servers/rendering/storage/utilities.cpp:56)
WARNING: Leaked instance dependency: Bug - did not call instance_notify_deleted when freeing.
   at: ~Dependency (servers/rendering/storage/utilities.cpp:56)
WARNING: Leaked instance dependency: Bug - did not call instance_notify_deleted when freeing.
   at: ~Dependency (servers/rendering/storage/utilities.cpp:56)
WARNING: Leaked instance dependency: Bug - did not call instance_notify_deleted when freeing.
   at: ~Dependency (servers/rendering/storage/utilities.cpp:56)
WARNING: Leaked instance dependency: Bug - did not call instance_notify_deleted when freeing.
   at: ~Dependency (servers/rendering/storage/utilities.cpp:56)
WARNING: Leaked instance dependency: Bug - did not call instance_notify_deleted when freeing.
   at: ~Dependency (servers/rendering/storage/utilities.cpp:56)
WARNING: Leaked instance dependency: Bug - did not call instance_notify_deleted when freeing.
   at: ~Dependency (servers/rendering/storage/utilities.cpp:56)
WARNING: Leaked instance dependency: Bug - did not call instance_notify_deleted when freeing.
   at: ~Dependency (servers/rendering/storage/utilities.cpp:56)
WARNING: Leaked instance dependency: Bug - did not call instance_notify_deleted when freeing.
   at: ~Dependency (servers/rendering/storage/utilities.cpp:56)
WARNING: Leaked instance dependency: Bug - did not call instance_notify_deleted when freeing.
   at: ~Dependency (servers/rendering/storage/utilities.cpp:56)
WARNING: Leaked instance dependency: Bug - did not call instance_notify_deleted when freeing.
   at: ~Dependency (servers/rendering/storage/utilities.cpp:56)
WARNING: Leaked instance dependency: Bug - did not call instance_notify_deleted when freeing.
   at: ~Dependency (servers/rendering/storage/utilities.cpp:56)
WARNING: Leaked instance dependency: Bug - did not call instance_notify_deleted when freeing.
   at: ~Dependency (servers/rendering/storage/utilities.cpp:56)
WARNING: Leaked instance dependency: Bug - did not call instance_notify_deleted when freeing.
   at: ~Dependency (servers/rendering/storage/utilities.cpp:56)
WARNING: Leaked instance dependency: Bug - did not call instance_notify_deleted when freeing.
   at: ~Dependency (servers/rendering/storage/utilities.cpp:56)
WARNING: Leaked instance dependency: Bug - did not call instance_notify_deleted when freeing.
   at: ~Dependency (servers/rendering/storage/utilities.cpp:56)
WARNING: Leaked instance dependency: Bug - did not call instance_notify_deleted when freeing.
   at: ~Dependency (servers/rendering/storage/utilities.cpp:56)
WARNING: Leaked instance dependency: Bug - did not call instance_notify_deleted when freeing.
   at: ~Dependency (servers/rendering/storage/utilities.cpp:56)
WARNING: Leaked instance dependency: Bug - did not call instance_notify_deleted when freeing.
   at: ~Dependency (servers/rendering/storage/utilities.cpp:56)
WARNING: Leaked instance dependency: Bug - did not call instance_notify_deleted when freeing.
   at: ~Dependency (servers/rendering/storage/utilities.cpp:56)
WARNING: Leaked instance dependency: Bug - did not call instance_notify_deleted when freeing.
   at: ~Dependency (servers/rendering/storage/utilities.cpp:56)
WARNING: Leaked instance dependency: Bug - did not call instance_notify_deleted when freeing.
   at: ~Dependency (servers/rendering/storage/utilities.cpp:56)
WARNING: Leaked instance dependency: Bug - did not call instance_notify_deleted when freeing.
   at: ~Dependency (servers/rendering/storage/utilities.cpp:56)
WARNING: Leaked instance dependency: Bug - did not call instance_notify_deleted when freeing.
   at: ~Dependency (servers/rendering/storage/utilities.cpp:56)
WARNING: Leaked instance dependency: Bug - did not call instance_notify_deleted when freeing.
   at: ~Dependency (servers/rendering/storage/utilities.cpp:56)
WARNING: Leaked instance dependency: Bug - did not call instance_notify_deleted when freeing.
   at: ~Dependency (servers/rendering/storage/utilities.cpp:56)
WARNING: Leaked instance dependency: Bug - did not call instance_notify_deleted when freeing.
   at: ~Dependency (servers/rendering/storage/utilities.cpp:56)
WARNING: Leaked instance dependency: Bug - did not call instance_notify_deleted when freeing.
   at: ~Dependency (servers/rendering/storage/utilities.cpp:56)
WARNING: Leaked instance dependency: Bug - did not call instance_notify_deleted when freeing.
   at: ~Dependency (servers/rendering/storage/utilities.cpp:56)
WARNING: Leaked instance dependency: Bug - did not call instance_notify_deleted when freeing.
   at: ~Dependency (servers/rendering/storage/utilities.cpp:56)
WARNING: Leaked instance dependency: Bug - did not call instance_notify_deleted when freeing.
   at: ~Dependency (servers/rendering/storage/utilities.cpp:56)
WARNING: Leaked instance dependency: Bug - did not call instance_notify_deleted when freeing.
   at: ~Dependency (servers/rendering/storage/utilities.cpp:56)
WARNING: Leaked instance dependency: Bug - did not call instance_notify_deleted when freeing.
   at: ~Dependency (servers/rendering/storage/utilities.cpp:56)
WARNING: Leaked instance dependency: Bug - did not call instance_notify_deleted when freeing.
   at: ~Dependency (servers/rendering/storage/utilities.cpp:56)
WARNING: Leaked instance dependency: Bug - did not call instance_notify_deleted when freeing.
   at: ~Dependency (servers/rendering/storage/utilities.cpp:56)
WARNING: Leaked instance dependency: Bug - did not call instance_notify_deleted when freeing.
   at: ~Dependency (servers/rendering/storage/utilities.cpp:56)
WARNING: Leaked instance dependency: Bug - did not call instance_notify_deleted when freeing.
   at: ~Dependency (servers/rendering/storage/utilities.cpp:56)
WARNING: Leaked instance dependency: Bug - did not call instance_notify_deleted when freeing.
   at: ~Dependency (servers/rendering/storage/utilities.cpp:56)
WARNING: Leaked instance dependency: Bug - did not call instance_notify_deleted when freeing.
   at: ~Dependency (servers/rendering/storage/utilities.cpp:56)
WARNING: Leaked instance dependency: Bug - did not call instance_notify_deleted when freeing.
   at: ~Dependency (servers/rendering/storage/utilities.cpp:56)
WARNING: Leaked instance dependency: Bug - did not call instance_notify_deleted when freeing.
   at: ~Dependency (servers/rendering/storage/utilities.cpp:56)
WARNING: Leaked instance dependency: Bug - did not call instance_notify_deleted when freeing.
   at: ~Dependency (servers/rendering/storage/utilities.cpp:56)
WARNING: Leaked instance dependency: Bug - did not call instance_notify_deleted when freeing.
   at: ~Dependency (servers/rendering/storage/utilities.cpp:56)
WARNING: Leaked instance dependency: Bug - did not call instance_notify_deleted when freeing.
   at: ~Dependency (servers/rendering/storage/utilities.cpp:56)
WARNING: Leaked instance dependency: Bug - did not call instance_notify_deleted when freeing.
   at: ~Dependency (servers/rendering/storage/utilities.cpp:56)
WARNING: Leaked instance dependency: Bug - did not call instance_notify_deleted when freeing.
   at: ~Dependency (servers/rendering/storage/utilities.cpp:56)
WARNING: Leaked instance dependency: Bug - did not call instance_notify_deleted when freeing.
   at: ~Dependency (servers/rendering/storage/utilities.cpp:56)
WARNING: Leaked instance dependency: Bug - did not call instance_notify_deleted when freeing.
   at: ~Dependency (servers/rendering/storage/utilities.cpp:56)
WARNING: Leaked instance dependency: Bug - did not call instance_notify_deleted when freeing.
   at: ~Dependency (servers/rendering/storage/utilities.cpp:56)
WARNING: Leaked instance dependency: Bug - did not call instance_notify_deleted when freeing.
   at: ~Dependency (servers/rendering/storage/utilities.cpp:56)
WARNING: Leaked instance dependency: Bug - did not call instance_notify_deleted when freeing.
   at: ~Dependency (servers/rendering/storage/utilities.cpp:56)
WARNING: Leaked instance dependency: Bug - did not call instance_notify_deleted when freeing.
   at: ~Dependency (servers/rendering/storage/utilities.cpp:56)
WARNING: Leaked instance dependency: Bug - did not call instance_notify_deleted when freeing.
   at: ~Dependency (servers/rendering/storage/utilities.cpp:56)
WARNING: Leaked instance dependency: Bug - did not call instance_notify_deleted when freeing.
   at: ~Dependency (servers/rendering/storage/utilities.cpp:56)
WARNING: Leaked instance dependency: Bug - did not call instance_notify_deleted when freeing.
   at: ~Dependency (servers/rendering/storage/utilities.cpp:56)
WARNING: Leaked instance dependency: Bug - did not call instance_notify_deleted when freeing.
   at: ~Dependency (servers/rendering/storage/utilities.cpp:56)
WARNING: Leaked instance dependency: Bug - did not call instance_notify_deleted when freeing.
   at: ~Dependency (servers/rendering/storage/utilities.cpp:56)
WARNING: Leaked instance dependency: Bug - did not call instance_notify_deleted when freeing.
   at: ~Dependency (servers/rendering/storage/utilities.cpp:56)
WARNING: Leaked instance dependency: Bug - did not call instance_notify_deleted when freeing.
   at: ~Dependency (servers/rendering/storage/utilities.cpp:56)
WARNING: Leaked instance dependency: Bug - did not call instance_notify_deleted when freeing.
   at: ~Dependency (servers/rendering/storage/utilities.cpp:56)
WARNING: Leaked instance dependency: Bug - did not call instance_notify_deleted when freeing.
   at: ~Dependency (servers/rendering/storage/utilities.cpp:56)
WARNING: Leaked instance dependency: Bug - did not call instance_notify_deleted when freeing.
   at: ~Dependency (servers/rendering/storage/utilities.cpp:56)
WARNING: Leaked instance dependency: Bug - did not call instance_notify_deleted when freeing.
   at: ~Dependency (servers/rendering/storage/utilities.cpp:56)
WARNING: Leaked instance dependency: Bug - did not call instance_notify_deleted when freeing.
   at: ~Dependency (servers/rendering/storage/utilities.cpp:56)
WARNING: Leaked instance dependency: Bug - did not call instance_notify_deleted when freeing.
   at: ~Dependency (servers/rendering/storage/utilities.cpp:56)
WARNING: Leaked instance dependency: Bug - did not call instance_notify_deleted when freeing.
   at: ~Dependency (servers/rendering/storage/utilities.cpp:56)
WARNING: Leaked instance dependency: Bug - did not call instance_notify_deleted when freeing.
   at: ~Dependency (servers/rendering/storage/utilities.cpp:56)
WARNING: Leaked instance dependency: Bug - did not call instance_notify_deleted when freeing.
   at: ~Dependency (servers/rendering/storage/utilities.cpp:56)
WARNING: Leaked instance dependency: Bug - did not call instance_notify_deleted when freeing.
   at: ~Dependency (servers/rendering/storage/utilities.cpp:56)
WARNING: Leaked instance dependency: Bug - did not call instance_notify_deleted when freeing.
   at: ~Dependency (servers/rendering/storage/utilities.cpp:56)
WARNING: Leaked instance dependency: Bug - did not call instance_notify_deleted when freeing.
   at: ~Dependency (servers/rendering/storage/utilities.cpp:56)
WARNING: Leaked instance dependency: Bug - did not call instance_notify_deleted when freeing.
   at: ~Dependency (servers/rendering/storage/utilities.cpp:56)
WARNING: Leaked instance dependency: Bug - did not call instance_notify_deleted when freeing.
   at: ~Dependency (servers/rendering/storage/utilities.cpp:56)
WARNING: Leaked instance dependency: Bug - did not call instance_notify_deleted when freeing.
   at: ~Dependency (servers/rendering/storage/utilities.cpp:56)
WARNING: Leaked instance dependency: Bug - did not call instance_notify_deleted when freeing.
   at: ~Dependency (servers/rendering/storage/utilities.cpp:56)
WARNING: Leaked instance dependency: Bug - did not call instance_notify_deleted when freeing.
   at: ~Dependency (servers/rendering/storage/utilities.cpp:56)
WARNING: Leaked instance dependency: Bug - did not call instance_notify_deleted when freeing.
   at: ~Dependency (servers/rendering/storage/utilities.cpp:56)
WARNING: Leaked instance dependency: Bug - did not call instance_notify_deleted when freeing.
   at: ~Dependency (servers/rendering/storage/utilities.cpp:56)
WARNING: Leaked instance dependency: Bug - did not call instance_notify_deleted when freeing.
   at: ~Dependency (servers/rendering/storage/utilities.cpp:56)
WARNING: Leaked instance dependency: Bug - did not call instance_notify_deleted when freeing.
   at: ~Dependency (servers/rendering/storage/utilities.cpp:56)
WARNING: Leaked instance dependency: Bug - did not call instance_notify_deleted when freeing.
   at: ~Dependency (servers/rendering/storage/utilities.cpp:56)
WARNING: Leaked instance dependency: Bug - did not call instance_notify_deleted when freeing.
   at: ~Dependency (servers/rendering/storage/utilities.cpp:56)
WARNING: Leaked instance dependency: Bug - did not call instance_notify_deleted when freeing.
   at: ~Dependency (servers/rendering/storage/utilities.cpp:56)
WARNING: Leaked instance dependency: Bug - did not call instance_notify_deleted when freeing.
   at: ~Dependency (servers/rendering/storage/utilities.cpp:56)
WARNING: Leaked instance dependency: Bug - did not call instance_notify_deleted when freeing.
   at: ~Dependency (servers/rendering/storage/utilities.cpp:56)
WARNING: Leaked instance dependency: Bug - did not call instance_notify_deleted when freeing.
   at: ~Dependency (servers/rendering/storage/utilities.cpp:56)
WARNING: Leaked instance dependency: Bug - did not call instance_notify_deleted when freeing.
   at: ~Dependency (servers/rendering/storage/utilities.cpp:56)
WARNING: Leaked instance dependency: Bug - did not call instance_notify_deleted when freeing.
   at: ~Dependency (servers/rendering/storage/utilities.cpp:56)
WARNING: Leaked instance dependency: Bug - did not call instance_notify_deleted when freeing.
   at: ~Dependency (servers/rendering/storage/utilities.cpp:56)
WARNING: Leaked instance dependency: Bug - did not call instance_notify_deleted when freeing.
   at: ~Dependency (servers/rendering/storage/utilities.cpp:56)
WARNING: Leaked instance dependency: Bug - did not call instance_notify_deleted when freeing.
   at: ~Dependency (servers/rendering/storage/utilities.cpp:56)
WARNING: Leaked instance dependency: Bug - did not call instance_notify_deleted when freeing.
   at: ~Dependency (servers/rendering/storage/utilities.cpp:56)
WARNING: Leaked instance dependency: Bug - did not call instance_notify_deleted when freeing.
   at: ~Dependency (servers/rendering/storage/utilities.cpp:56)
WARNING: Leaked instance dependency: Bug - did not call instance_notify_deleted when freeing.
   at: ~Dependency (servers/rendering/storage/utilities.cpp:56)
WARNING: Leaked instance dependency: Bug - did not call instance_notify_deleted when freeing.
   at: ~Dependency (servers/rendering/storage/utilities.cpp:56)
WARNING: Leaked instance dependency: Bug - did not call instance_notify_deleted when freeing.
   at: ~Dependency (servers/rendering/storage/utilities.cpp:56)
WARNING: Leaked instance dependency: Bug - did not call instance_notify_deleted when freeing.
   at: ~Dependency (servers/rendering/storage/utilities.cpp:56)
WARNING: Leaked instance dependency: Bug - did not call instance_notify_deleted when freeing.
   at: ~Dependency (servers/rendering/storage/utilities.cpp:56)
WARNING: Leaked instance dependency: Bug - did not call instance_notify_deleted when freeing.
   at: ~Dependency (servers/rendering/storage/utilities.cpp:56)
WARNING: Leaked instance dependency: Bug - did not call instance_notify_deleted when freeing.
   at: ~Dependency (servers/rendering/storage/utilities.cpp:56)
WARNING: Leaked instance dependency: Bug - did not call instance_notify_deleted when freeing.
   at: ~Dependency (servers/rendering/storage/utilities.cpp:56)
WARNING: Leaked instance dependency: Bug - did not call instance_notify_deleted when freeing.
   at: ~Dependency (servers/rendering/storage/utilities.cpp:56)
WARNING: Leaked instance dependency: Bug - did not call instance_notify_deleted when freeing.
   at: ~Dependency (servers/rendering/storage/utilities.cpp:56)
WARNING: Leaked instance dependency: Bug - did not call instance_notify_deleted when freeing.
   at: ~Dependency (servers/rendering/storage/utilities.cpp:56)
WARNING: Leaked instance dependency: Bug - did not call instance_notify_deleted when freeing.
   at: ~Dependency (servers/rendering/storage/utilities.cpp:56)
WARNING: Leaked instance dependency: Bug - did not call instance_notify_deleted when freeing.
   at: ~Dependency (servers/rendering/storage/utilities.cpp:56)
WARNING: Leaked instance dependency: Bug - did not call instance_notify_deleted when freeing.
   at: ~Dependency (servers/rendering/storage/utilities.cpp:56)
WARNING: Leaked instance dependency: Bug - did not call instance_notify_deleted when freeing.
   at: ~Dependency (servers/rendering/storage/utilities.cpp:56)
WARNING: Leaked instance dependency: Bug - did not call instance_notify_deleted when freeing.
   at: ~Dependency (servers/rendering/storage/utilities.cpp:56)
WARNING: Leaked instance dependency: Bug - did not call instance_notify_deleted when freeing.
   at: ~Dependency (servers/rendering/storage/utilities.cpp:56)
WARNING: Leaked instance dependency: Bug - did not call instance_notify_deleted when freeing.
   at: ~Dependency (servers/rendering/storage/utilities.cpp:56)
WARNING: Leaked instance dependency: Bug - did not call instance_notify_deleted when freeing.
   at: ~Dependency (servers/rendering/storage/utilities.cpp:56)
WARNING: Leaked instance dependency: Bug - did not call instance_notify_deleted when freeing.
   at: ~Dependency (servers/rendering/storage/utilities.cpp:56)
WARNING: Leaked instance dependency: Bug - did not call instance_notify_deleted when freeing.
   at: ~Dependency (servers/rendering/storage/utilities.cpp:56)
WARNING: Leaked instance dependency: Bug - did not call instance_notify_deleted when freeing.
   at: ~Dependency (servers/rendering/storage/utilities.cpp:56)
WARNING: Leaked instance dependency: Bug - did not call instance_notify_deleted when freeing.
   at: ~Dependency (servers/rendering/storage/utilities.cpp:56)
WARNING: Leaked instance dependency: Bug - did not call instance_notify_deleted when freeing.
   at: ~Dependency (servers/rendering/storage/utilities.cpp:56)
WARNING: Leaked instance dependency: Bug - did not call instance_notify_deleted when freeing.
   at: ~Dependency (servers/rendering/storage/utilities.cpp:56)
WARNING: Leaked instance dependency: Bug - did not call instance_notify_deleted when freeing.
   at: ~Dependency (servers/rendering/storage/utilities.cpp:56)
WARNING: Leaked instance dependency: Bug - did not call instance_notify_deleted when freeing.
   at: ~Dependency (servers/rendering/storage/utilities.cpp:56)
WARNING: Leaked instance dependency: Bug - did not call instance_notify_deleted when freeing.
   at: ~Dependency (servers/rendering/storage/utilities.cpp:56)
WARNING: Leaked instance dependency: Bug - did not call instance_notify_deleted when freeing.
   at: ~Dependency (servers/rendering/storage/utilities.cpp:56)
WARNING: Leaked instance dependency: Bug - did not call instance_notify_deleted when freeing.
   at: ~Dependency (servers/rendering/storage/utilities.cpp:56)
WARNING: Leaked instance dependency: Bug - did not call instance_notify_deleted when freeing.
   at: ~Dependency (servers/rendering/storage/utilities.cpp:56)
WARNING: Leaked instance dependency: Bug - did not call instance_notify_deleted when freeing.
   at: ~Dependency (servers/rendering/storage/utilities.cpp:56)
WARNING: Leaked instance dependency: Bug - did not call instance_notify_deleted when freeing.
   at: ~Dependency (servers/rendering/storage/utilities.cpp:56)
WARNING: Leaked instance dependency: Bug - did not call instance_notify_deleted when freeing.
   at: ~Dependency (servers/rendering/storage/utilities.cpp:56)
WARNING: Leaked instance dependency: Bug - did not call instance_notify_deleted when freeing.
   at: ~Dependency (servers/rendering/storage/utilities.cpp:56)
WARNING: Leaked instance dependency: Bug - did not call instance_notify_deleted when freeing.
   at: ~Dependency (servers/rendering/storage/utilities.cpp:56)
WARNING: Leaked instance dependency: Bug - did not call instance_notify_deleted when freeing.
   at: ~Dependency (servers/rendering/storage/utilities.cpp:56)
WARNING: Leaked instance dependency: Bug - did not call instance_notify_deleted when freeing.
   at: ~Dependency (servers/rendering/storage/utilities.cpp:56)
WARNING: Leaked instance dependency: Bug - did not call instance_notify_deleted when freeing.
   at: ~Dependency (servers/rendering/storage/utilities.cpp:56)
WARNING: Leaked instance dependency: Bug - did not call instance_notify_deleted when freeing.
   at: ~Dependency (servers/rendering/storage/utilities.cpp:56)
WARNING: Leaked instance dependency: Bug - did not call instance_notify_deleted when freeing.
   at: ~Dependency (servers/rendering/storage/utilities.cpp:56)
WARNING: Leaked instance dependency: Bug - did not call instance_notify_deleted when freeing.
   at: ~Dependency (servers/rendering/storage/utilities.cpp:56)
WARNING: Leaked instance dependency: Bug - did not call instance_notify_deleted when freeing.
   at: ~Dependency (servers/rendering/storage/utilities.cpp:56)
WARNING: Leaked instance dependency: Bug - did not call instance_notify_deleted when freeing.
   at: ~Dependency (servers/rendering/storage/utilities.cpp:56)
WARNING: Leaked instance dependency: Bug - did not call instance_notify_deleted when freeing.
   at: ~Dependency (servers/rendering/storage/utilities.cpp:56)
WARNING: Leaked instance dependency: Bug - did not call instance_notify_deleted when freeing.
   at: ~Dependency (servers/rendering/storage/utilities.cpp:56)
WARNING: Leaked instance dependency: Bug - did not call instance_notify_deleted when freeing.
   at: ~Dependency (servers/rendering/storage/utilities.cpp:56)
WARNING: Leaked instance dependency: Bug - did not call instance_notify_deleted when freeing.
   at: ~Dependency (servers/rendering/storage/utilities.cpp:56)
WARNING: Leaked instance dependency: Bug - did not call instance_notify_deleted when freeing.
   at: ~Dependency (servers/rendering/storage/utilities.cpp:56)
WARNING: Leaked instance dependency: Bug - did not call instance_notify_deleted when freeing.
   at: ~Dependency (servers/rendering/storage/utilities.cpp:56)
WARNING: Leaked instance dependency: Bug - did not call instance_notify_deleted when freeing.
   at: ~Dependency (servers/rendering/storage/utilities.cpp:56)
WARNING: Leaked instance dependency: Bug - did not call instance_notify_deleted when freeing.
   at: ~Dependency (servers/rendering/storage/utilities.cpp:56)
WARNING: Leaked instance dependency: Bug - did not call instance_notify_deleted when freeing.
   at: ~Dependency (servers/rendering/storage/utilities.cpp:56)
WARNING: Leaked instance dependency: Bug - did not call instance_notify_deleted when freeing.
   at: ~Dependency (servers/rendering/storage/utilities.cpp:56)
WARNING: Leaked instance dependency: Bug - did not call instance_notify_deleted when freeing.
   at: ~Dependency (servers/rendering/storage/utilities.cpp:56)
WARNING: Leaked instance dependency: Bug - did not call instance_notify_deleted when freeing.
   at: ~Dependency (servers/rendering/storage/utilities.cpp:56)
WARNING: Leaked instance dependency: Bug - did not call instance_notify_deleted when freeing.
   at: ~Dependency (servers/rendering/storage/utilities.cpp:56)
WARNING: Leaked instance dependency: Bug - did not call instance_notify_deleted when freeing.
   at: ~Dependency (servers/rendering/storage/utilities.cpp:56)
WARNING: Leaked instance dependency: Bug - did not call instance_notify_deleted when freeing.
   at: ~Dependency (servers/rendering/storage/utilities.cpp:56)
WARNING: Leaked instance dependency: Bug - did not call instance_notify_deleted when freeing.
   at: ~Dependency (servers/rendering/storage/utilities.cpp:56)
WARNING: Leaked instance dependency: Bug - did not call instance_notify_deleted when freeing.
   at: ~Dependency (servers/rendering/storage/utilities.cpp:56)
WARNING: Leaked instance dependency: Bug - did not call instance_notify_deleted when freeing.
   at: ~Dependency (servers/rendering/storage/utilities.cpp:56)
WARNING: Leaked instance dependency: Bug - did not call instance_notify_deleted when freeing.
   at: ~Dependency (servers/rendering/storage/utilities.cpp:56)
WARNING: Leaked instance dependency: Bug - did not call instance_notify_deleted when freeing.
   at: ~Dependency (servers/rendering/storage/utilities.cpp:56)
WARNING: Leaked instance dependency: Bug - did not call instance_notify_deleted when freeing.
   at: ~Dependency (servers/rendering/storage/utilities.cpp:56)
WARNING: Leaked instance dependency: Bug - did not call instance_notify_deleted when freeing.
   at: ~Dependency (servers/rendering/storage/utilities.cpp:56)
WARNING: Leaked instance dependency: Bug - did not call instance_notify_deleted when freeing.
   at: ~Dependency (servers/rendering/storage/utilities.cpp:56)
WARNING: Leaked instance dependency: Bug - did not call instance_notify_deleted when freeing.
   at: ~Dependency (servers/rendering/storage/utilities.cpp:56)
WARNING: Leaked instance dependency: Bug - did not call instance_notify_deleted when freeing.
   at: ~Dependency (servers/rendering/storage/utilities.cpp:56)
WARNING: Leaked instance dependency: Bug - did not call instance_notify_deleted when freeing.
   at: ~Dependency (servers/rendering/storage/utilities.cpp:56)
WARNING: Leaked instance dependency: Bug - did not call instance_notify_deleted when freeing.
   at: ~Dependency (servers/rendering/storage/utilities.cpp:56)
WARNING: Leaked instance dependency: Bug - did not call instance_notify_deleted when freeing.
   at: ~Dependency (servers/rendering/storage/utilities.cpp:56)
WARNING: Leaked instance dependency: Bug - did not call instance_notify_deleted when freeing.
   at: ~Dependency (servers/rendering/storage/utilities.cpp:56)
WARNING: Leaked instance dependency: Bug - did not call instance_notify_deleted when freeing.
   at: ~Dependency (servers/rendering/storage/utilities.cpp:56)
WARNING: Leaked instance dependency: Bug - did not call instance_notify_deleted when freeing.
   at: ~Dependency (servers/rendering/storage/utilities.cpp:56)
WARNING: Leaked instance dependency: Bug - did not call instance_notify_deleted when freeing.
   at: ~Dependency (servers/rendering/storage/utilities.cpp:56)
WARNING: Leaked instance dependency: Bug - did not call instance_notify_deleted when freeing.
   at: ~Dependency (servers/rendering/storage/utilities.cpp:56)
WARNING: Leaked instance dependency: Bug - did not call instance_notify_deleted when freeing.
   at: ~Dependency (servers/rendering/storage/utilities.cpp:56)
WARNING: Leaked instance dependency: Bug - did not call instance_notify_deleted when freeing.
   at: ~Dependency (servers/rendering/storage/utilities.cpp:56)
WARNING: Leaked instance dependency: Bug - did not call instance_notify_deleted when freeing.
   at: ~Dependency (servers/rendering/storage/utilities.cpp:56)
WARNING: Leaked instance dependency: Bug - did not call instance_notify_deleted when freeing.
   at: ~Dependency (servers/rendering/storage/utilities.cpp:56)
WARNING: Leaked instance dependency: Bug - did not call instance_notify_deleted when freeing.
   at: ~Dependency (servers/rendering/storage/utilities.cpp:56)
WARNING: Leaked instance dependency: Bug - did not call instance_notify_deleted when freeing.
   at: ~Dependency (servers/rendering/storage/utilities.cpp:56)
WARNING: Leaked instance dependency: Bug - did not call instance_notify_deleted when freeing.
   at: ~Dependency (servers/rendering/storage/utilities.cpp:56)
WARNING: Leaked instance dependency: Bug - did not call instance_notify_deleted when freeing.
   at: ~Dependency (servers/rendering/storage/utilities.cpp:56)
WARNING: Leaked instance dependency: Bug - did not call instance_notify_deleted when freeing.
   at: ~Dependency (servers/rendering/storage/utilities.cpp:56)
WARNING: Leaked instance dependency: Bug - did not call instance_notify_deleted when freeing.
   at: ~Dependency (servers/rendering/storage/utilities.cpp:56)
WARNING: Leaked instance dependency: Bug - did not call instance_notify_deleted when freeing.
   at: ~Dependency (servers/rendering/storage/utilities.cpp:56)
WARNING: Leaked instance dependency: Bug - did not call instance_notify_deleted when freeing.
   at: ~Dependency (servers/rendering/storage/utilities.cpp:56)
WARNING: Leaked instance dependency: Bug - did not call instance_notify_deleted when freeing.
   at: ~Dependency (servers/rendering/storage/utilities.cpp:56)
WARNING: Leaked instance dependency: Bug - did not call instance_notify_deleted when freeing.
   at: ~Dependency (servers/rendering/storage/utilities.cpp:56)
WARNING: Leaked instance dependency: Bug - did not call instance_notify_deleted when freeing.
   at: ~Dependency (servers/rendering/storage/utilities.cpp:56)
WARNING: Leaked instance dependency: Bug - did not call instance_notify_deleted when freeing.
   at: ~Dependency (servers/rendering/storage/utilities.cpp:56)
WARNING: Leaked instance dependency: Bug - did not call instance_notify_deleted when freeing.
   at: ~Dependency (servers/rendering/storage/utilities.cpp:56)
WARNING: Leaked instance dependency: Bug - did not call instance_notify_deleted when freeing.
   at: ~Dependency (servers/rendering/storage/utilities.cpp:56)
WARNING: Leaked instance dependency: Bug - did not call instance_notify_deleted when freeing.
   at: ~Dependency (servers/rendering/storage/utilities.cpp:56)
WARNING: Leaked instance dependency: Bug - did not call instance_notify_deleted when freeing.
   at: ~Dependency (servers/rendering/storage/utilities.cpp:56)
WARNING: Leaked instance dependency: Bug - did not call instance_notify_deleted when freeing.
   at: ~Dependency (servers/rendering/storage/utilities.cpp:56)
WARNING: Leaked instance dependency: Bug - did not call instance_notify_deleted when freeing.
   at: ~Dependency (servers/rendering/storage/utilities.cpp:56)
WARNING: Leaked instance dependency: Bug - did not call instance_notify_deleted when freeing.
   at: ~Dependency (servers/rendering/storage/utilities.cpp:56)
WARNING: Leaked instance dependency: Bug - did not call instance_notify_deleted when freeing.
   at: ~Dependency (servers/rendering/storage/utilities.cpp:56)
WARNING: Leaked instance dependency: Bug - did not call instance_notify_deleted when freeing.
   at: ~Dependency (servers/rendering/storage/utilities.cpp:56)
WARNING: Leaked instance dependency: Bug - did not call instance_notify_deleted when freeing.
   at: ~Dependency (servers/rendering/storage/utilities.cpp:56)
WARNING: Leaked instance dependency: Bug - did not call instance_notify_deleted when freeing.
   at: ~Dependency (servers/rendering/storage/utilities.cpp:56)
WARNING: Leaked instance dependency: Bug - did not call instance_notify_deleted when freeing.
   at: ~Dependency (servers/rendering/storage/utilities.cpp:56)
WARNING: Leaked instance dependency: Bug - did not call instance_notify_deleted when freeing.
   at: ~Dependency (servers/rendering/storage/utilities.cpp:56)
WARNING: Leaked instance dependency: Bug - did not call instance_notify_deleted when freeing.
   at: ~Dependency (servers/rendering/storage/utilities.cpp:56)
WARNING: Leaked instance dependency: Bug - did not call instance_notify_deleted when freeing.
   at: ~Dependency (servers/rendering/storage/utilities.cpp:56)
WARNING: Leaked instance dependency: Bug - did not call instance_notify_deleted when freeing.
   at: ~Dependency (servers/rendering/storage/utilities.cpp:56)
WARNING: Leaked instance dependency: Bug - did not call instance_notify_deleted when freeing.
   at: ~Dependency (servers/rendering/storage/utilities.cpp:56)
WARNING: Leaked instance dependency: Bug - did not call instance_notify_deleted when freeing.
   at: ~Dependency (servers/rendering/storage/utilities.cpp:56)
WARNING: Leaked instance dependency: Bug - did not call instance_notify_deleted when freeing.
   at: ~Dependency (servers/rendering/storage/utilities.cpp:56)
WARNING: Leaked instance dependency: Bug - did not call instance_notify_deleted when freeing.
   at: ~Dependency (servers/rendering/storage/utilities.cpp:56)
WARNING: Leaked instance dependency: Bug - did not call instance_notify_deleted when freeing.
   at: ~Dependency (servers/rendering/storage/utilities.cpp:56)
WARNING: Leaked instance dependency: Bug - did not call instance_notify_deleted when freeing.
   at: ~Dependency (servers/rendering/storage/utilities.cpp:56)
WARNING: Leaked instance dependency: Bug - did not call instance_notify_deleted when freeing.
   at: ~Dependency (servers/rendering/storage/utilities.cpp:56)
WARNING: Leaked instance dependency: Bug - did not call instance_notify_deleted when freeing.
   at: ~Dependency (servers/rendering/storage/utilities.cpp:56)
WARNING: Leaked instance dependency: Bug - did not call instance_notify_deleted when freeing.
   at: ~Dependency (servers/rendering/storage/utilities.cpp:56)
WARNING: Leaked instance dependency: Bug - did not call instance_notify_deleted when freeing.
   at: ~Dependency (servers/rendering/storage/utilities.cpp:56)
WARNING: Leaked instance dependency: Bug - did not call instance_notify_deleted when freeing.
   at: ~Dependency (servers/rendering/storage/utilities.cpp:56)
WARNING: Leaked instance dependency: Bug - did not call instance_notify_deleted when freeing.
   at: ~Dependency (servers/rendering/storage/utilities.cpp:56)
WARNING: Leaked instance dependency: Bug - did not call instance_notify_deleted when freeing.
   at: ~Dependency (servers/rendering/storage/utilities.cpp:56)
WARNING: Leaked instance dependency: Bug - did not call instance_notify_deleted when freeing.
   at: ~Dependency (servers/rendering/storage/utilities.cpp:56)
WARNING: Leaked instance dependency: Bug - did not call instance_notify_deleted when freeing.
   at: ~Dependency (servers/rendering/storage/utilities.cpp:56)
WARNING: Leaked instance dependency: Bug - did not call instance_notify_deleted when freeing.
   at: ~Dependency (servers/rendering/storage/utilities.cpp:56)
WARNING: Leaked instance dependency: Bug - did not call instance_notify_deleted when freeing.
   at: ~Dependency (servers/rendering/storage/utilities.cpp:56)
WARNING: Leaked instance dependency: Bug - did not call instance_notify_deleted when freeing.
   at: ~Dependency (servers/rendering/storage/utilities.cpp:56)
WARNING: Leaked instance dependency: Bug - did not call instance_notify_deleted when freeing.
   at: ~Dependency (servers/rendering/storage/utilities.cpp:56)
WARNING: Leaked instance dependency: Bug - did not call instance_notify_deleted when freeing.
   at: ~Dependency (servers/rendering/storage/utilities.cpp:56)
WARNING: Leaked instance dependency: Bug - did not call instance_notify_deleted when freeing.
   at: ~Dependency (servers/rendering/storage/utilities.cpp:56)
WARNING: Leaked instance dependency: Bug - did not call instance_notify_deleted when freeing.
   at: ~Dependency (servers/rendering/storage/utilities.cpp:56)
WARNING: Leaked instance dependency: Bug - did not call instance_notify_deleted when freeing.
   at: ~Dependency (servers/rendering/storage/utilities.cpp:56)
WARNING: Leaked instance dependency: Bug - did not call instance_notify_deleted when freeing.
   at: ~Dependency (servers/rendering/storage/utilities.cpp:56)
WARNING: Leaked instance dependency: Bug - did not call instance_notify_deleted when freeing.
   at: ~Dependency (servers/rendering/storage/utilities.cpp:56)
WARNING: Leaked instance dependency: Bug - did not call instance_notify_deleted when freeing.
   at: ~Dependency (servers/rendering/storage/utilities.cpp:56)
WARNING: Leaked instance dependency: Bug - did not call instance_notify_deleted when freeing.
   at: ~Dependency (servers/rendering/storage/utilities.cpp:56)
WARNING: Leaked instance dependency: Bug - did not call instance_notify_deleted when freeing.
   at: ~Dependency (servers/rendering/storage/utilities.cpp:56)
WARNING: Leaked instance dependency: Bug - did not call instance_notify_deleted when freeing.
   at: ~Dependency (servers/rendering/storage/utilities.cpp:56)
WARNING: Leaked instance dependency: Bug - did not call instance_notify_deleted when freeing.
   at: ~Dependency (servers/rendering/storage/utilities.cpp:56)
WARNING: Leaked instance dependency: Bug - did not call instance_notify_deleted when freeing.
   at: ~Dependency (servers/rendering/storage/utilities.cpp:56)
WARNING: Leaked instance dependency: Bug - did not call instance_notify_deleted when freeing.
   at: ~Dependency (servers/rendering/storage/utilities.cpp:56)
WARNING: Leaked instance dependency: Bug - did not call instance_notify_deleted when freeing.
   at: ~Dependency (servers/rendering/storage/utilities.cpp:56)
WARNING: Leaked instance dependency: Bug - did not call instance_notify_deleted when freeing.
   at: ~Dependency (servers/rendering/storage/utilities.cpp:56)
WARNING: Leaked instance dependency: Bug - did not call instance_notify_deleted when freeing.
   at: ~Dependency (servers/rendering/storage/utilities.cpp:56)
WARNING: Leaked instance dependency: Bug - did not call instance_notify_deleted when freeing.
   at: ~Dependency (servers/rendering/storage/utilities.cpp:56)
WARNING: Leaked instance dependency: Bug - did not call instance_notify_deleted when freeing.
   at: ~Dependency (servers/rendering/storage/utilities.cpp:56)
WARNING: Leaked instance dependency: Bug - did not call instance_notify_deleted when freeing.
   at: ~Dependency (servers/rendering/storage/utilities.cpp:56)
WARNING: Leaked instance dependency: Bug - did not call instance_notify_deleted when freeing.
   at: ~Dependency (servers/rendering/storage/utilities.cpp:56)
WARNING: Leaked instance dependency: Bug - did not call instance_notify_deleted when freeing.
   at: ~Dependency (servers/rendering/storage/utilities.cpp:56)
WARNING: Leaked instance dependency: Bug - did not call instance_notify_deleted when freeing.
   at: ~Dependency (servers/rendering/storage/utilities.cpp:56)
WARNING: Leaked instance dependency: Bug - did not call instance_notify_deleted when freeing.
   at: ~Dependency (servers/rendering/storage/utilities.cpp:56)
WARNING: Leaked instance dependency: Bug - did not call instance_notify_deleted when freeing.
   at: ~Dependency (servers/rendering/storage/utilities.cpp:56)
WARNING: Leaked instance dependency: Bug - did not call instance_notify_deleted when freeing.
   at: ~Dependency (servers/rendering/storage/utilities.cpp:56)
WARNING: Leaked instance dependency: Bug - did not call instance_notify_deleted when freeing.
   at: ~Dependency (servers/rendering/storage/utilities.cpp:56)
WARNING: Leaked instance dependency: Bug - did not call instance_notify_deleted when freeing.
   at: ~Dependency (servers/rendering/storage/utilities.cpp:56)
WARNING: Leaked instance dependency: Bug - did not call instance_notify_deleted when freeing.
   at: ~Dependency (servers/rendering/storage/utilities.cpp:56)
WARNING: Leaked instance dependency: Bug - did not call instance_notify_deleted when freeing.
   at: ~Dependency (servers/rendering/storage/utilities.cpp:56)
WARNING: Leaked instance dependency: Bug - did not call instance_notify_deleted when freeing.
   at: ~Dependency (servers/rendering/storage/utilities.cpp:56)
WARNING: Leaked instance dependency: Bug - did not call instance_notify_deleted when freeing.
   at: ~Dependency (servers/rendering/storage/utilities.cpp:56)
WARNING: Leaked instance dependency: Bug - did not call instance_notify_deleted when freeing.
   at: ~Dependency (servers/rendering/storage/utilities.cpp:56)
WARNING: Leaked instance dependency: Bug - did not call instance_notify_deleted when freeing.
   at: ~Dependency (servers/rendering/storage/utilities.cpp:56)
WARNING: Leaked instance dependency: Bug - did not call instance_notify_deleted when freeing.
   at: ~Dependency (servers/rendering/storage/utilities.cpp:56)
WARNING: Leaked instance dependency: Bug - did not call instance_notify_deleted when freeing.
   at: ~Dependency (servers/rendering/storage/utilities.cpp:56)
WARNING: Leaked instance dependency: Bug - did not call instance_notify_deleted when freeing.
   at: ~Dependency (servers/rendering/storage/utilities.cpp:56)
WARNING: Leaked instance dependency: Bug - did not call instance_notify_deleted when freeing.
   at: ~Dependency (servers/rendering/storage/utilities.cpp:56)
WARNING: Leaked instance dependency: Bug - did not call instance_notify_deleted when freeing.
   at: ~Dependency (servers/rendering/storage/utilities.cpp:56)
WARNING: Leaked instance dependency: Bug - did not call instance_notify_deleted when freeing.
   at: ~Dependency (servers/rendering/storage/utilities.cpp:56)
WARNING: Leaked instance dependency: Bug - did not call instance_notify_deleted when freeing.
   at: ~Dependency (servers/rendering/storage/utilities.cpp:56)
WARNING: Leaked instance dependency: Bug - did not call instance_notify_deleted when freeing.
   at: ~Dependency (servers/rendering/storage/utilities.cpp:56)
WARNING: Leaked instance dependency: Bug - did not call instance_notify_deleted when freeing.
   at: ~Dependency (servers/rendering/storage/utilities.cpp:56)
WARNING: Leaked instance dependency: Bug - did not call instance_notify_deleted when freeing.
   at: ~Dependency (servers/rendering/storage/utilities.cpp:56)
WARNING: Leaked instance dependency: Bug - did not call instance_notify_deleted when freeing.
   at: ~Dependency (servers/rendering/storage/utilities.cpp:56)
WARNING: Leaked instance dependency: Bug - did not call instance_notify_deleted when freeing.
   at: ~Dependency (servers/rendering/storage/utilities.cpp:56)
WARNING: Leaked instance dependency: Bug - did not call instance_notify_deleted when freeing.
   at: ~Dependency (servers/rendering/storage/utilities.cpp:56)
WARNING: Leaked instance dependency: Bug - did not call instance_notify_deleted when freeing.
   at: ~Dependency (servers/rendering/storage/utilities.cpp:56)
WARNING: Leaked instance dependency: Bug - did not call instance_notify_deleted when freeing.
   at: ~Dependency (servers/rendering/storage/utilities.cpp:56)
WARNING: Leaked instance dependency: Bug - did not call instance_notify_deleted when freeing.
   at: ~Dependency (servers/rendering/storage/utilities.cpp:56)
WARNING: Leaked instance dependency: Bug - did not call instance_notify_deleted when freeing.
   at: ~Dependency (servers/rendering/storage/utilities.cpp:56)
WARNING: Leaked instance dependency: Bug - did not call instance_notify_deleted when freeing.
   at: ~Dependency (servers/rendering/storage/utilities.cpp:56)
WARNING: Leaked instance dependency: Bug - did not call instance_notify_deleted when freeing.
   at: ~Dependency (servers/rendering/storage/utilities.cpp:56)
WARNING: Leaked instance dependency: Bug - did not call instance_notify_deleted when freeing.
   at: ~Dependency (servers/rendering/storage/utilities.cpp:56)
WARNING: Leaked instance dependency: Bug - did not call instance_notify_deleted when freeing.
   at: ~Dependency (servers/rendering/storage/utilities.cpp:56)
WARNING: Leaked instance dependency: Bug - did not call instance_notify_deleted when freeing.
   at: ~Dependency (servers/rendering/storage/utilities.cpp:56)
WARNING: Leaked instance dependency: Bug - did not call instance_notify_deleted when freeing.
   at: ~Dependency (servers/rendering/storage/utilities.cpp:56)
WARNING: Leaked instance dependency: Bug - did not call instance_notify_deleted when freeing.
   at: ~Dependency (servers/rendering/storage/utilities.cpp:56)
WARNING: Leaked instance dependency: Bug - did not call instance_notify_deleted when freeing.
   at: ~Dependency (servers/rendering/storage/utilities.cpp:56)
WARNING: Leaked instance dependency: Bug - did not call instance_notify_deleted when freeing.
   at: ~Dependency (servers/rendering/storage/utilities.cpp:56)
WARNING: Leaked instance dependency: Bug - did not call instance_notify_deleted when freeing.
   at: ~Dependency (servers/rendering/storage/utilities.cpp:56)
WARNING: Leaked instance dependency: Bug - did not call instance_notify_deleted when freeing.
   at: ~Dependency (servers/rendering/storage/utilities.cpp:56)
WARNING: Leaked instance dependency: Bug - did not call instance_notify_deleted when freeing.
   at: ~Dependency (servers/rendering/storage/utilities.cpp:56)
WARNING: Leaked instance dependency: Bug - did not call instance_notify_deleted when freeing.
   at: ~Dependency (servers/rendering/storage/utilities.cpp:56)
WARNING: Leaked instance dependency: Bug - did not call instance_notify_deleted when freeing.
   at: ~Dependency (servers/rendering/storage/utilities.cpp:56)
WARNING: Leaked instance dependency: Bug - did not call instance_notify_deleted when freeing.
   at: ~Dependency (servers/rendering/storage/utilities.cpp:56)
WARNING: Leaked instance dependency: Bug - did not call instance_notify_deleted when freeing.
   at: ~Dependency (servers/rendering/storage/utilities.cpp:56)
WARNING: Leaked instance dependency: Bug - did not call instance_notify_deleted when freeing.
   at: ~Dependency (servers/rendering/storage/utilities.cpp:56)
WARNING: Leaked instance dependency: Bug - did not call instance_notify_deleted when freeing.
   at: ~Dependency (servers/rendering/storage/utilities.cpp:56)
WARNING: Leaked instance dependency: Bug - did not call instance_notify_deleted when freeing.
   at: ~Dependency (servers/rendering/storage/utilities.cpp:56)
WARNING: Leaked instance dependency: Bug - did not call instance_notify_deleted when freeing.
   at: ~Dependency (servers/rendering/storage/utilities.cpp:56)
WARNING: Leaked instance dependency: Bug - did not call instance_notify_deleted when freeing.
   at: ~Dependency (servers/rendering/storage/utilities.cpp:56)
WARNING: Leaked instance dependency: Bug - did not call instance_notify_deleted when freeing.
   at: ~Dependency (servers/rendering/storage/utilities.cpp:56)
WARNING: Leaked instance dependency: Bug - did not call instance_notify_deleted when freeing.
   at: ~Dependency (servers/rendering/storage/utilities.cpp:56)
WARNING: Leaked instance dependency: Bug - did not call instance_notify_deleted when freeing.
   at: ~Dependency (servers/rendering/storage/utilities.cpp:56)
WARNING: Leaked instance dependency: Bug - did not call instance_notify_deleted when freeing.
   at: ~Dependency (servers/rendering/storage/utilities.cpp:56)
WARNING: Leaked instance dependency: Bug - did not call instance_notify_deleted when freeing.
   at: ~Dependency (servers/rendering/storage/utilities.cpp:56)
WARNING: Leaked instance dependency: Bug - did not call instance_notify_deleted when freeing.
   at: ~Dependency (servers/rendering/storage/utilities.cpp:56)
WARNING: Leaked instance dependency: Bug - did not call instance_notify_deleted when freeing.
   at: ~Dependency (servers/rendering/storage/utilities.cpp:56)
WARNING: Leaked instance dependency: Bug - did not call instance_notify_deleted when freeing.
   at: ~Dependency (servers/rendering/storage/utilities.cpp:56)
WARNING: Leaked instance dependency: Bug - did not call instance_notify_deleted when freeing.
   at: ~Dependency (servers/rendering/storage/utilities.cpp:56)
WARNING: Leaked instance dependency: Bug - did not call instance_notify_deleted when freeing.
   at: ~Dependency (servers/rendering/storage/utilities.cpp:56)
WARNING: Leaked instance dependency: Bug - did not call instance_notify_deleted when freeing.
   at: ~Dependency (servers/rendering/storage/utilities.cpp:56)
WARNING: Leaked instance dependency: Bug - did not call instance_notify_deleted when freeing.
   at: ~Dependency (servers/rendering/storage/utilities.cpp:56)
WARNING: Leaked instance dependency: Bug - did not call instance_notify_deleted when freeing.
   at: ~Dependency (servers/rendering/storage/utilities.cpp:56)
WARNING: Leaked instance dependency: Bug - did not call instance_notify_deleted when freeing.
   at: ~Dependency (servers/rendering/storage/utilities.cpp:56)
WARNING: Leaked instance dependency: Bug - did not call instance_notify_deleted when freeing.
   at: ~Dependency (servers/rendering/storage/utilities.cpp:56)
WARNING: Leaked instance dependency: Bug - did not call instance_notify_deleted when freeing.
   at: ~Dependency (servers/rendering/storage/utilities.cpp:56)
WARNING: Leaked instance dependency: Bug - did not call instance_notify_deleted when freeing.
   at: ~Dependency (servers/rendering/storage/utilities.cpp:56)
WARNING: Leaked instance dependency: Bug - did not call instance_notify_deleted when freeing.
   at: ~Dependency (servers/rendering/storage/utilities.cpp:56)
WARNING: Leaked instance dependency: Bug - did not call instance_notify_deleted when freeing.
   at: ~Dependency (servers/rendering/storage/utilities.cpp:56)
WARNING: Leaked instance dependency: Bug - did not call instance_notify_deleted when freeing.
   at: ~Dependency (servers/rendering/storage/utilities.cpp:56)
WARNING: Leaked instance dependency: Bug - did not call instance_notify_deleted when freeing.
   at: ~Dependency (servers/rendering/storage/utilities.cpp:56)
WARNING: Leaked instance dependency: Bug - did not call instance_notify_deleted when freeing.
   at: ~Dependency (servers/rendering/storage/utilities.cpp:56)
WARNING: Leaked instance dependency: Bug - did not call instance_notify_deleted when freeing.
   at: ~Dependency (servers/rendering/storage/utilities.cpp:56)
WARNING: Leaked instance dependency: Bug - did not call instance_notify_deleted when freeing.
   at: ~Dependency (servers/rendering/storage/utilities.cpp:56)
WARNING: Leaked instance dependency: Bug - did not call instance_notify_deleted when freeing.
   at: ~Dependency (servers/rendering/storage/utilities.cpp:56)
WARNING: Leaked instance dependency: Bug - did not call instance_notify_deleted when freeing.
   at: ~Dependency (servers/rendering/storage/utilities.cpp:56)
WARNING: Leaked instance dependency: Bug - did not call instance_notify_deleted when freeing.
   at: ~Dependency (servers/rendering/storage/utilities.cpp:56)
WARNING: Leaked instance dependency: Bug - did not call instance_notify_deleted when freeing.
   at: ~Dependency (servers/rendering/storage/utilities.cpp:56)
WARNING: Leaked instance dependency: Bug - did not call instance_notify_deleted when freeing.
   at: ~Dependency (servers/rendering/storage/utilities.cpp:56)
WARNING: Leaked instance dependency: Bug - did not call instance_notify_deleted when freeing.
   at: ~Dependency (servers/rendering/storage/utilities.cpp:56)
WARNING: Leaked instance dependency: Bug - did not call instance_notify_deleted when freeing.
   at: ~Dependency (servers/rendering/storage/utilities.cpp:56)
WARNING: Leaked instance dependency: Bug - did not call instance_notify_deleted when freeing.
   at: ~Dependency (servers/rendering/storage/utilities.cpp:56)
WARNING: Leaked instance dependency: Bug - did not call instance_notify_deleted when freeing.
   at: ~Dependency (servers/rendering/storage/utilities.cpp:56)
WARNING: Leaked instance dependency: Bug - did not call instance_notify_deleted when freeing.
   at: ~Dependency (servers/rendering/storage/utilities.cpp:56)
WARNING: Leaked instance dependency: Bug - did not call instance_notify_deleted when freeing.
   at: ~Dependency (servers/rendering/storage/utilities.cpp:56)
WARNING: Leaked instance dependency: Bug - did not call instance_notify_deleted when freeing.
   at: ~Dependency (servers/rendering/storage/utilities.cpp:56)
WARNING: Leaked instance dependency: Bug - did not call instance_notify_deleted when freeing.
   at: ~Dependency (servers/rendering/storage/utilities.cpp:56)
WARNING: Leaked instance dependency: Bug - did not call instance_notify_deleted when freeing.
   at: ~Dependency (servers/rendering/storage/utilities.cpp:56)
WARNING: Leaked instance dependency: Bug - did not call instance_notify_deleted when freeing.
   at: ~Dependency (servers/rendering/storage/utilities.cpp:56)
WARNING: Leaked instance dependency: Bug - did not call instance_notify_deleted when freeing.
   at: ~Dependency (servers/rendering/storage/utilities.cpp:56)
WARNING: Leaked instance dependency: Bug - did not call instance_notify_deleted when freeing.
   at: ~Dependency (servers/rendering/storage/utilities.cpp:56)
WARNING: Leaked instance dependency: Bug - did not call instance_notify_deleted when freeing.
   at: ~Dependency (servers/rendering/storage/utilities.cpp:56)
WARNING: Leaked instance dependency: Bug - did not call instance_notify_deleted when freeing.
   at: ~Dependency (servers/rendering/storage/utilities.cpp:56)
WARNING: Leaked instance dependency: Bug - did not call instance_notify_deleted when freeing.
   at: ~Dependency (servers/rendering/storage/utilities.cpp:56)
WARNING: Leaked instance dependency: Bug - did not call instance_notify_deleted when freeing.
   at: ~Dependency (servers/rendering/storage/utilities.cpp:56)
WARNING: Leaked instance dependency: Bug - did not call instance_notify_deleted when freeing.
   at: ~Dependency (servers/rendering/storage/utilities.cpp:56)
WARNING: Leaked instance dependency: Bug - did not call instance_notify_deleted when freeing.
   at: ~Dependency (servers/rendering/storage/utilities.cpp:56)
WARNING: Leaked instance dependency: Bug - did not call instance_notify_deleted when freeing.
   at: ~Dependency (servers/rendering/storage/utilities.cpp:56)
WARNING: Leaked instance dependency: Bug - did not call instance_notify_deleted when freeing.
   at: ~Dependency (servers/rendering/storage/utilities.cpp:56)
WARNING: Leaked instance dependency: Bug - did not call instance_notify_deleted when freeing.
   at: ~Dependency (servers/rendering/storage/utilities.cpp:56)
WARNING: Leaked instance dependency: Bug - did not call instance_notify_deleted when freeing.
   at: ~Dependency (servers/rendering/storage/utilities.cpp:56)
WARNING: Leaked instance dependency: Bug - did not call instance_notify_deleted when freeing.
   at: ~Dependency (servers/rendering/storage/utilities.cpp:56)
WARNING: Leaked instance dependency: Bug - did not call instance_notify_deleted when freeing.
   at: ~Dependency (servers/rendering/storage/utilities.cpp:56)
WARNING: Leaked instance dependency: Bug - did not call instance_notify_deleted when freeing.
   at: ~Dependency (servers/rendering/storage/utilities.cpp:56)
WARNING: Leaked instance dependency: Bug - did not call instance_notify_deleted when freeing.
   at: ~Dependency (servers/rendering/storage/utilities.cpp:56)
WARNING: Leaked instance dependency: Bug - did not call instance_notify_deleted when freeing.
   at: ~Dependency (servers/rendering/storage/utilities.cpp:56)
WARNING: Leaked instance dependency: Bug - did not call instance_notify_deleted when freeing.
   at: ~Dependency (servers/rendering/storage/utilities.cpp:56)
WARNING: Leaked instance dependency: Bug - did not call instance_notify_deleted when freeing.
   at: ~Dependency (servers/rendering/storage/utilities.cpp:56)
WARNING: Leaked instance dependency: Bug - did not call instance_notify_deleted when freeing.
   at: ~Dependency (servers/rendering/storage/utilities.cpp:56)
WARNING: Leaked instance dependency: Bug - did not call instance_notify_deleted when freeing.
   at: ~Dependency (servers/rendering/storage/utilities.cpp:56)
WARNING: Leaked instance dependency: Bug - did not call instance_notify_deleted when freeing.
   at: ~Dependency (servers/rendering/storage/utilities.cpp:56)
WARNING: Leaked instance dependency: Bug - did not call instance_notify_deleted when freeing.
   at: ~Dependency (servers/rendering/storage/utilities.cpp:56)
WARNING: Leaked instance dependency: Bug - did not call instance_notify_deleted when freeing.
   at: ~Dependency (servers/rendering/storage/utilities.cpp:56)
WARNING: Leaked instance dependency: Bug - did not call instance_notify_deleted when freeing.
   at: ~Dependency (servers/rendering/storage/utilities.cpp:56)
WARNING: Leaked instance dependency: Bug - did not call instance_notify_deleted when freeing.
   at: ~Dependency (servers/rendering/storage/utilities.cpp:56)
WARNING: Leaked instance dependency: Bug - did not call instance_notify_deleted when freeing.
   at: ~Dependency (servers/rendering/storage/utilities.cpp:56)
WARNING: Leaked instance dependency: Bug - did not call instance_notify_deleted when freeing.
   at: ~Dependency (servers/rendering/storage/utilities.cpp:56)
WARNING: Leaked instance dependency: Bug - did not call instance_notify_deleted when freeing.
   at: ~Dependency (servers/rendering/storage/utilities.cpp:56)
WARNING: Leaked instance dependency: Bug - did not call instance_notify_deleted when freeing.
   at: ~Dependency (servers/rendering/storage/utilities.cpp:56)
WARNING: Leaked instance dependency: Bug - did not call instance_notify_deleted when freeing.
   at: ~Dependency (servers/rendering/storage/utilities.cpp:56)
WARNING: Leaked instance dependency: Bug - did not call instance_notify_deleted when freeing.
   at: ~Dependency (servers/rendering/storage/utilities.cpp:56)
WARNING: Leaked instance dependency: Bug - did not call instance_notify_deleted when freeing.
   at: ~Dependency (servers/rendering/storage/utilities.cpp:56)
WARNING: Leaked instance dependency: Bug - did not call instance_notify_deleted when freeing.
   at: ~Dependency (servers/rendering/storage/utilities.cpp:56)
WARNING: Leaked instance dependency: Bug - did not call instance_notify_deleted when freeing.
   at: ~Dependency (servers/rendering/storage/utilities.cpp:56)
WARNING: Leaked instance dependency: Bug - did not call instance_notify_deleted when freeing.
   at: ~Dependency (servers/rendering/storage/utilities.cpp:56)
WARNING: Leaked instance dependency: Bug - did not call instance_notify_deleted when freeing.
   at: ~Dependency (servers/rendering/storage/utilities.cpp:56)
WARNING: Leaked instance dependency: Bug - did not call instance_notify_deleted when freeing.
   at: ~Dependency (servers/rendering/storage/utilities.cpp:56)
WARNING: Leaked instance dependency: Bug - did not call instance_notify_deleted when freeing.
   at: ~Dependency (servers/rendering/storage/utilities.cpp:56)
WARNING: Leaked instance dependency: Bug - did not call instance_notify_deleted when freeing.
   at: ~Dependency (servers/rendering/storage/utilities.cpp:56)
WARNING: Leaked instance dependency: Bug - did not call instance_notify_deleted when freeing.
   at: ~Dependency (servers/rendering/storage/utilities.cpp:56)
WARNING: Leaked instance dependency: Bug - did not call instance_notify_deleted when freeing.
   at: ~Dependency (servers/rendering/storage/utilities.cpp:56)
WARNING: Leaked instance dependency: Bug - did not call instance_notify_deleted when freeing.
   at: ~Dependency (servers/rendering/storage/utilities.cpp:56)
WARNING: Leaked instance dependency: Bug - did not call instance_notify_deleted when freeing.
   at: ~Dependency (servers/rendering/storage/utilities.cpp:56)
WARNING: Leaked instance dependency: Bug - did not call instance_notify_deleted when freeing.
   at: ~Dependency (servers/rendering/storage/utilities.cpp:56)
WARNING: Leaked instance dependency: Bug - did not call instance_notify_deleted when freeing.
   at: ~Dependency (servers/rendering/storage/utilities.cpp:56)
WARNING: Leaked instance dependency: Bug - did not call instance_notify_deleted when freeing.
   at: ~Dependency (servers/rendering/storage/utilities.cpp:56)
WARNING: Leaked instance dependency: Bug - did not call instance_notify_deleted when freeing.
   at: ~Dependency (servers/rendering/storage/utilities.cpp:56)
WARNING: Leaked instance dependency: Bug - did not call instance_notify_deleted when freeing.
   at: ~Dependency (servers/rendering/storage/utilities.cpp:56)
WARNING: Leaked instance dependency: Bug - did not call instance_notify_deleted when freeing.
   at: ~Dependency (servers/rendering/storage/utilities.cpp:56)
WARNING: Leaked instance dependency: Bug - did not call instance_notify_deleted when freeing.
   at: ~Dependency (servers/rendering/storage/utilities.cpp:56)
WARNING: Leaked instance dependency: Bug - did not call instance_notify_deleted when freeing.
   at: ~Dependency (servers/rendering/storage/utilities.cpp:56)
WARNING: Leaked instance dependency: Bug - did not call instance_notify_deleted when freeing.
   at: ~Dependency (servers/rendering/storage/utilities.cpp:56)
WARNING: Leaked instance dependency: Bug - did not call instance_notify_deleted when freeing.
   at: ~Dependency (servers/rendering/storage/utilities.cpp:56)
WARNING: Leaked instance dependency: Bug - did not call instance_notify_deleted when freeing.
   at: ~Dependency (servers/rendering/storage/utilities.cpp:56)
WARNING: Leaked instance dependency: Bug - did not call instance_notify_deleted when freeing.
   at: ~Dependency (servers/rendering/storage/utilities.cpp:56)
WARNING: Leaked instance dependency: Bug - did not call instance_notify_deleted when freeing.
   at: ~Dependency (servers/rendering/storage/utilities.cpp:56)
WARNING: Leaked instance dependency: Bug - did not call instance_notify_deleted when freeing.
   at: ~Dependency (servers/rendering/storage/utilities.cpp:56)
WARNING: Leaked instance dependency: Bug - did not call instance_notify_deleted when freeing.
   at: ~Dependency (servers/rendering/storage/utilities.cpp:56)
WARNING: Leaked instance dependency: Bug - did not call instance_notify_deleted when freeing.
   at: ~Dependency (servers/rendering/storage/utilities.cpp:56)
WARNING: Leaked instance dependency: Bug - did not call instance_notify_deleted when freeing.
   at: ~Dependency (servers/rendering/storage/utilities.cpp:56)
WARNING: Leaked instance dependency: Bug - did not call instance_notify_deleted when freeing.
   at: ~Dependency (servers/rendering/storage/utilities.cpp:56)
WARNING: Leaked instance dependency: Bug - did not call instance_notify_deleted when freeing.
   at: ~Dependency (servers/rendering/storage/utilities.cpp:56)
WARNING: Leaked instance dependency: Bug - did not call instance_notify_deleted when freeing.
   at: ~Dependency (servers/rendering/storage/utilities.cpp:56)
WARNING: Leaked instance dependency: Bug - did not call instance_notify_deleted when freeing.
   at: ~Dependency (servers/rendering/storage/utilities.cpp:56)
WARNING: Leaked instance dependency: Bug - did not call instance_notify_deleted when freeing.
   at: ~Dependency (servers/rendering/storage/utilities.cpp:56)
WARNING: Leaked instance dependency: Bug - did not call instance_notify_deleted when freeing.
   at: ~Dependency (servers/rendering/storage/utilities.cpp:56)
WARNING: Leaked instance dependency: Bug - did not call instance_notify_deleted when freeing.
   at: ~Dependency (servers/rendering/storage/utilities.cpp:56)
WARNING: Leaked instance dependency: Bug - did not call instance_notify_deleted when freeing.
   at: ~Dependency (servers/rendering/storage/utilities.cpp:56)
WARNING: Leaked instance dependency: Bug - did not call instance_notify_deleted when freeing.
   at: ~Dependency (servers/rendering/storage/utilities.cpp:56)
WARNING: Leaked instance dependency: Bug - did not call instance_notify_deleted when freeing.
   at: ~Dependency (servers/rendering/storage/utilities.cpp:56)
WARNING: Leaked instance dependency: Bug - did not call instance_notify_deleted when freeing.
   at: ~Dependency (servers/rendering/storage/utilities.cpp:56)
WARNING: Leaked instance dependency: Bug - did not call instance_notify_deleted when freeing.
   at: ~Dependency (servers/rendering/storage/utilities.cpp:56)
WARNING: Leaked instance dependency: Bug - did not call instance_notify_deleted when freeing.
   at: ~Dependency (servers/rendering/storage/utilities.cpp:56)
WARNING: Leaked instance dependency: Bug - did not call instance_notify_deleted when freeing.
   at: ~Dependency (servers/rendering/storage/utilities.cpp:56)
WARNING: Leaked instance dependency: Bug - did not call instance_notify_deleted when freeing.
   at: ~Dependency (servers/rendering/storage/utilities.cpp:56)
WARNING: Leaked instance dependency: Bug - did not call instance_notify_deleted when freeing.
   at: ~Dependency (servers/rendering/storage/utilities.cpp:56)
WARNING: Leaked instance dependency: Bug - did not call instance_notify_deleted when freeing.
   at: ~Dependency (servers/rendering/storage/utilities.cpp:56)
WARNING: Leaked instance dependency: Bug - did not call instance_notify_deleted when freeing.
   at: ~Dependency (servers/rendering/storage/utilities.cpp:56)
WARNING: Leaked instance dependency: Bug - did not call instance_notify_deleted when freeing.
   at: ~Dependency (servers/rendering/storage/utilities.cpp:56)
WARNING: Leaked instance dependency: Bug - did not call instance_notify_deleted when freeing.
   at: ~Dependency (servers/rendering/storage/utilities.cpp:56)
WARNING: Leaked instance dependency: Bug - did not call instance_notify_deleted when freeing.
   at: ~Dependency (servers/rendering/storage/utilities.cpp:56)
WARNING: Leaked instance dependency: Bug - did not call instance_notify_deleted when freeing.
   at: ~Dependency (servers/rendering/storage/utilities.cpp:56)
WARNING: Leaked instance dependency: Bug - did not call instance_notify_deleted when freeing.
   at: ~Dependency (servers/rendering/storage/utilities.cpp:56)
WARNING: Leaked instance dependency: Bug - did not call instance_notify_deleted when freeing.
   at: ~Dependency (servers/rendering/storage/utilities.cpp:56)
WARNING: Leaked instance dependency: Bug - did not call instance_notify_deleted when freeing.
   at: ~Dependency (servers/rendering/storage/utilities.cpp:56)
WARNING: Leaked instance dependency: Bug - did not call instance_notify_deleted when freeing.
   at: ~Dependency (servers/rendering/storage/utilities.cpp:56)
WARNING: Leaked instance dependency: Bug - did not call instance_notify_deleted when freeing.
   at: ~Dependency (servers/rendering/storage/utilities.cpp:56)
WARNING: Leaked instance dependency: Bug - did not call instance_notify_deleted when freeing.
   at: ~Dependency (servers/rendering/storage/utilities.cpp:56)
WARNING: Leaked instance dependency: Bug - did not call instance_notify_deleted when freeing.
   at: ~Dependency (servers/rendering/storage/utilities.cpp:56)
WARNING: Leaked instance dependency: Bug - did not call instance_notify_deleted when freeing.
   at: ~Dependency (servers/rendering/storage/utilities.cpp:56)
WARNING: Leaked instance dependency: Bug - did not call instance_notify_deleted when freeing.
   at: ~Dependency (servers/rendering/storage/utilities.cpp:56)
WARNING: Leaked instance dependency: Bug - did not call instance_notify_deleted when freeing.
   at: ~Dependency (servers/rendering/storage/utilities.cpp:56)
WARNING: Leaked instance dependency: Bug - did not call instance_notify_deleted when freeing.
   at: ~Dependency (servers/rendering/storage/utilities.cpp:56)
WARNING: Leaked instance dependency: Bug - did not call instance_notify_deleted when freeing.
   at: ~Dependency (servers/rendering/storage/utilities.cpp:56)
WARNING: Leaked instance dependency: Bug - did not call instance_notify_deleted when freeing.
   at: ~Dependency (servers/rendering/storage/utilities.cpp:56)
WARNING: Leaked instance dependency: Bug - did not call instance_notify_deleted when freeing.
   at: ~Dependency (servers/rendering/storage/utilities.cpp:56)
WARNING: Leaked instance dependency: Bug - did not call instance_notify_deleted when freeing.
   at: ~Dependency (servers/rendering/storage/utilities.cpp:56)
WARNING: Leaked instance dependency: Bug - did not call instance_notify_deleted when freeing.
   at: ~Dependency (servers/rendering/storage/utilities.cpp:56)
WARNING: Leaked instance dependency: Bug - did not call instance_notify_deleted when freeing.
   at: ~Dependency (servers/rendering/storage/utilities.cpp:56)
WARNING: Leaked instance dependency: Bug - did not call instance_notify_deleted when freeing.
   at: ~Dependency (servers/rendering/storage/utilities.cpp:56)
WARNING: Leaked instance dependency: Bug - did not call instance_notify_deleted when freeing.
   at: ~Dependency (servers/rendering/storage/utilities.cpp:56)
WARNING: Leaked instance dependency: Bug - did not call instance_notify_deleted when freeing.
   at: ~Dependency (servers/rendering/storage/utilities.cpp:56)
WARNING: Leaked instance dependency: Bug - did not call instance_notify_deleted when freeing.
   at: ~Dependency (servers/rendering/storage/utilities.cpp:56)
WARNING: Leaked instance dependency: Bug - did not call instance_notify_deleted when freeing.
   at: ~Dependency (servers/rendering/storage/utilities.cpp:56)
WARNING: Leaked instance dependency: Bug - did not call instance_notify_deleted when freeing.
   at: ~Dependency (servers/rendering/storage/utilities.cpp:56)
WARNING: Leaked instance dependency: Bug - did not call instance_notify_deleted when freeing.
   at: ~Dependency (servers/rendering/storage/utilities.cpp:56)
WARNING: Leaked instance dependency: Bug - did not call instance_notify_deleted when freeing.
   at: ~Dependency (servers/rendering/storage/utilities.cpp:56)
WARNING: Leaked instance dependency: Bug - did not call instance_notify_deleted when freeing.
   at: ~Dependency (servers/rendering/storage/utilities.cpp:56)
WARNING: Leaked instance dependency: Bug - did not call instance_notify_deleted when freeing.
   at: ~Dependency (servers/rendering/storage/utilities.cpp:56)
WARNING: Leaked instance dependency: Bug - did not call instance_notify_deleted when freeing.
   at: ~Dependency (servers/rendering/storage/utilities.cpp:56)
WARNING: Leaked instance dependency: Bug - did not call instance_notify_deleted when freeing.
   at: ~Dependency (servers/rendering/storage/utilities.cpp:56)
WARNING: Leaked instance dependency: Bug - did not call instance_notify_deleted when freeing.
   at: ~Dependency (servers/rendering/storage/utilities.cpp:56)
WARNING: Leaked instance dependency: Bug - did not call instance_notify_deleted when freeing.
   at: ~Dependency (servers/rendering/storage/utilities.cpp:56)
WARNING: Leaked instance dependency: Bug - did not call instance_notify_deleted when freeing.
   at: ~Dependency (servers/rendering/storage/utilities.cpp:56)
WARNING: Leaked instance dependency: Bug - did not call instance_notify_deleted when freeing.
   at: ~Dependency (servers/rendering/storage/utilities.cpp:56)
WARNING: Leaked instance dependency: Bug - did not call instance_notify_deleted when freeing.
   at: ~Dependency (servers/rendering/storage/utilities.cpp:56)
WARNING: Leaked instance dependency: Bug - did not call instance_notify_deleted when freeing.
   at: ~Dependency (servers/rendering/storage/utilities.cpp:56)
WARNING: Leaked instance dependency: Bug - did not call instance_notify_deleted when freeing.
   at: ~Dependency (servers/rendering/storage/utilities.cpp:56)
WARNING: Leaked instance dependency: Bug - did not call instance_notify_deleted when freeing.
   at: ~Dependency (servers/rendering/storage/utilities.cpp:56)
WARNING: Leaked instance dependency: Bug - did not call instance_notify_deleted when freeing.
   at: ~Dependency (servers/rendering/storage/utilities.cpp:56)
WARNING: Leaked instance dependency: Bug - did not call instance_notify_deleted when freeing.
   at: ~Dependency (servers/rendering/storage/utilities.cpp:56)
WARNING: Leaked instance dependency: Bug - did not call instance_notify_deleted when freeing.
   at: ~Dependency (servers/rendering/storage/utilities.cpp:56)
WARNING: Leaked instance dependency: Bug - did not call instance_notify_deleted when freeing.
   at: ~Dependency (servers/rendering/storage/utilities.cpp:56)
WARNING: Leaked instance dependency: Bug - did not call instance_notify_deleted when freeing.
   at: ~Dependency (servers/rendering/storage/utilities.cpp:56)
WARNING: Leaked instance dependency: Bug - did not call instance_notify_deleted when freeing.
   at: ~Dependency (servers/rendering/storage/utilities.cpp:56)
WARNING: Leaked instance dependency: Bug - did not call instance_notify_deleted when freeing.
   at: ~Dependency (servers/rendering/storage/utilities.cpp:56)
WARNING: Leaked instance dependency: Bug - did not call instance_notify_deleted when freeing.
   at: ~Dependency (servers/rendering/storage/utilities.cpp:56)
WARNING: Leaked instance dependency: Bug - did not call instance_notify_deleted when freeing.
   at: ~Dependency (servers/rendering/storage/utilities.cpp:56)
WARNING: Leaked instance dependency: Bug - did not call instance_notify_deleted when freeing.
   at: ~Dependency (servers/rendering/storage/utilities.cpp:56)
WARNING: Leaked instance dependency: Bug - did not call instance_notify_deleted when freeing.
   at: ~Dependency (servers/rendering/storage/utilities.cpp:56)
WARNING: Leaked instance dependency: Bug - did not call instance_notify_deleted when freeing.
   at: ~Dependency (servers/rendering/storage/utilities.cpp:56)
WARNING: Leaked instance dependency: Bug - did not call instance_notify_deleted when freeing.
   at: ~Dependency (servers/rendering/storage/utilities.cpp:56)
WARNING: Leaked instance dependency: Bug - did not call instance_notify_deleted when freeing.
   at: ~Dependency (servers/rendering/storage/utilities.cpp:56)
WARNING: Leaked instance dependency: Bug - did not call instance_notify_deleted when freeing.
   at: ~Dependency (servers/rendering/storage/utilities.cpp:56)
WARNING: Leaked instance dependency: Bug - did not call instance_notify_deleted when freeing.
   at: ~Dependency (servers/rendering/storage/utilities.cpp:56)
WARNING: Leaked instance dependency: Bug - did not call instance_notify_deleted when freeing.
   at: ~Dependency (servers/rendering/storage/utilities.cpp:56)
WARNING: Leaked instance dependency: Bug - did not call instance_notify_deleted when freeing.
   at: ~Dependency (servers/rendering/storage/utilities.cpp:56)
WARNING: Leaked instance dependency: Bug - did not call instance_notify_deleted when freeing.
   at: ~Dependency (servers/rendering/storage/utilities.cpp:56)
WARNING: Leaked instance dependency: Bug - did not call instance_notify_deleted when freeing.
   at: ~Dependency (servers/rendering/storage/utilities.cpp:56)
WARNING: Leaked instance dependency: Bug - did not call instance_notify_deleted when freeing.
   at: ~Dependency (servers/rendering/storage/utilities.cpp:56)
WARNING: Leaked instance dependency: Bug - did not call instance_notify_deleted when freeing.
   at: ~Dependency (servers/rendering/storage/utilities.cpp:56)
WARNING: Leaked instance dependency: Bug - did not call instance_notify_deleted when freeing.
   at: ~Dependency (servers/rendering/storage/utilities.cpp:56)
WARNING: Leaked instance dependency: Bug - did not call instance_notify_deleted when freeing.
   at: ~Dependency (servers/rendering/storage/utilities.cpp:56)
WARNING: Leaked instance dependency: Bug - did not call instance_notify_deleted when freeing.
   at: ~Dependency (servers/rendering/storage/utilities.cpp:56)
WARNING: Leaked instance dependency: Bug - did not call instance_notify_deleted when freeing.
   at: ~Dependency (servers/rendering/storage/utilities.cpp:56)
WARNING: Leaked instance dependency: Bug - did not call instance_notify_deleted when freeing.
   at: ~Dependency (servers/rendering/storage/utilities.cpp:56)
WARNING: Leaked instance dependency: Bug - did not call instance_notify_deleted when freeing.
   at: ~Dependency (servers/rendering/storage/utilities.cpp:56)
WARNING: Leaked instance dependency: Bug - did not call instance_notify_deleted when freeing.
   at: ~Dependency (servers/rendering/storage/utilities.cpp:56)
WARNING: Leaked instance dependency: Bug - did not call instance_notify_deleted when freeing.
   at: ~Dependency (servers/rendering/storage/utilities.cpp:56)
WARNING: Leaked instance dependency: Bug - did not call instance_notify_deleted when freeing.
   at: ~Dependency (servers/rendering/storage/utilities.cpp:56)
WARNING: Leaked instance dependency: Bug - did not call instance_notify_deleted when freeing.
   at: ~Dependency (servers/rendering/storage/utilities.cpp:56)
WARNING: Leaked instance dependency: Bug - did not call instance_notify_deleted when freeing.
   at: ~Dependency (servers/rendering/storage/utilities.cpp:56)
WARNING: Leaked instance dependency: Bug - did not call instance_notify_deleted when freeing.
   at: ~Dependency (servers/rendering/storage/utilities.cpp:56)
WARNING: Leaked instance dependency: Bug - did not call instance_notify_deleted when freeing.
   at: ~Dependency (servers/rendering/storage/utilities.cpp:56)
WARNING: Leaked instance dependency: Bug - did not call instance_notify_deleted when freeing.
   at: ~Dependency (servers/rendering/storage/utilities.cpp:56)
WARNING: Leaked instance dependency: Bug - did not call instance_notify_deleted when freeing.
   at: ~Dependency (servers/rendering/storage/utilities.cpp:56)
WARNING: Leaked instance dependency: Bug - did not call instance_notify_deleted when freeing.
   at: ~Dependency (servers/rendering/storage/utilities.cpp:56)
WARNING: Leaked instance dependency: Bug - did not call instance_notify_deleted when freeing.
   at: ~Dependency (servers/rendering/storage/utilities.cpp:56)
WARNING: Leaked instance dependency: Bug - did not call instance_notify_deleted when freeing.
   at: ~Dependency (servers/rendering/storage/utilities.cpp:56)
WARNING: Leaked instance dependency: Bug - did not call instance_notify_deleted when freeing.
   at: ~Dependency (servers/rendering/storage/utilities.cpp:56)
WARNING: Leaked instance dependency: Bug - did not call instance_notify_deleted when freeing.
   at: ~Dependency (servers/rendering/storage/utilities.cpp:56)
WARNING: Leaked instance dependency: Bug - did not call instance_notify_deleted when freeing.
   at: ~Dependency (servers/rendering/storage/utilities.cpp:56)
WARNING: Leaked instance dependency: Bug - did not call instance_notify_deleted when freeing.
   at: ~Dependency (servers/rendering/storage/utilities.cpp:56)
WARNING: Leaked instance dependency: Bug - did not call instance_notify_deleted when freeing.
   at: ~Dependency (servers/rendering/storage/utilities.cpp:56)
WARNING: Leaked instance dependency: Bug - did not call instance_notify_deleted when freeing.
   at: ~Dependency (servers/rendering/storage/utilities.cpp:56)
WARNING: Leaked instance dependency: Bug - did not call instance_notify_deleted when freeing.
   at: ~Dependency (servers/rendering/storage/utilities.cpp:56)
WARNING: Leaked instance dependency: Bug - did not call instance_notify_deleted when freeing.
   at: ~Dependency (servers/rendering/storage/utilities.cpp:56)
WARNING: Leaked instance dependency: Bug - did not call instance_notify_deleted when freeing.
   at: ~Dependency (servers/rendering/storage/utilities.cpp:56)
WARNING: Leaked instance dependency: Bug - did not call instance_notify_deleted when freeing.
   at: ~Dependency (servers/rendering/storage/utilities.cpp:56)
WARNING: Leaked instance dependency: Bug - did not call instance_notify_deleted when freeing.
   at: ~Dependency (servers/rendering/storage/utilities.cpp:56)
WARNING: Leaked instance dependency: Bug - did not call instance_notify_deleted when freeing.
   at: ~Dependency (servers/rendering/storage/utilities.cpp:56)
WARNING: Leaked instance dependency: Bug - did not call instance_notify_deleted when freeing.
   at: ~Dependency (servers/rendering/storage/utilities.cpp:56)
WARNING: Leaked instance dependency: Bug - did not call instance_notify_deleted when freeing.
   at: ~Dependency (servers/rendering/storage/utilities.cpp:56)
WARNING: Leaked instance dependency: Bug - did not call instance_notify_deleted when freeing.
   at: ~Dependency (servers/rendering/storage/utilities.cpp:56)
WARNING: Leaked instance dependency: Bug - did not call instance_notify_deleted when freeing.
   at: ~Dependency (servers/rendering/storage/utilities.cpp:56)
WARNING: Leaked instance dependency: Bug - did not call instance_notify_deleted when freeing.
   at: ~Dependency (servers/rendering/storage/utilities.cpp:56)
WARNING: Leaked instance dependency: Bug - did not call instance_notify_deleted when freeing.
   at: ~Dependency (servers/rendering/storage/utilities.cpp:56)
WARNING: Leaked instance dependency: Bug - did not call instance_notify_deleted when freeing.
   at: ~Dependency (servers/rendering/storage/utilities.cpp:56)
WARNING: Leaked instance dependency: Bug - did not call instance_notify_deleted when freeing.
   at: ~Dependency (servers/rendering/storage/utilities.cpp:56)
WARNING: Leaked instance dependency: Bug - did not call instance_notify_deleted when freeing.
   at: ~Dependency (servers/rendering/storage/utilities.cpp:56)
WARNING: Leaked instance dependency: Bug - did not call instance_notify_deleted when freeing.
   at: ~Dependency (servers/rendering/storage/utilities.cpp:56)
WARNING: Leaked instance dependency: Bug - did not call instance_notify_deleted when freeing.
   at: ~Dependency (servers/rendering/storage/utilities.cpp:56)
WARNING: Leaked instance dependency: Bug - did not call instance_notify_deleted when freeing.
   at: ~Dependency (servers/rendering/storage/utilities.cpp:56)
WARNING: Leaked instance dependency: Bug - did not call instance_notify_deleted when freeing.
   at: ~Dependency (servers/rendering/storage/utilities.cpp:56)
WARNING: Leaked instance dependency: Bug - did not call instance_notify_deleted when freeing.
   at: ~Dependency (servers/rendering/storage/utilities.cpp:56)
WARNING: Leaked instance dependency: Bug - did not call instance_notify_deleted when freeing.
   at: ~Dependency (servers/rendering/storage/utilities.cpp:56)
WARNING: Leaked instance dependency: Bug - did not call instance_notify_deleted when freeing.
   at: ~Dependency (servers/rendering/storage/utilities.cpp:56)
WARNING: Leaked instance dependency: Bug - did not call instance_notify_deleted when freeing.
   at: ~Dependency (servers/rendering/storage/utilities.cpp:56)
WARNING: Leaked instance dependency: Bug - did not call instance_notify_deleted when freeing.
   at: ~Dependency (servers/rendering/storage/utilities.cpp:56)
WARNING: Leaked instance dependency: Bug - did not call instance_notify_deleted when freeing.
   at: ~Dependency (servers/rendering/storage/utilities.cpp:56)
WARNING: Leaked instance dependency: Bug - did not call instance_notify_deleted when freeing.
   at: ~Dependency (servers/rendering/storage/utilities.cpp:56)
WARNING: Leaked instance dependency: Bug - did not call instance_notify_deleted when freeing.
   at: ~Dependency (servers/rendering/storage/utilities.cpp:56)
WARNING: Leaked instance dependency: Bug - did not call instance_notify_deleted when freeing.
   at: ~Dependency (servers/rendering/storage/utilities.cpp:56)
WARNING: Leaked instance dependency: Bug - did not call instance_notify_deleted when freeing.
   at: ~Dependency (servers/rendering/storage/utilities.cpp:56)
WARNING: Leaked instance dependency: Bug - did not call instance_notify_deleted when freeing.
   at: ~Dependency (servers/rendering/storage/utilities.cpp:56)
WARNING: Leaked instance dependency: Bug - did not call instance_notify_deleted when freeing.
   at: ~Dependency (servers/rendering/storage/utilities.cpp:56)
WARNING: Leaked instance dependency: Bug - did not call instance_notify_deleted when freeing.
   at: ~Dependency (servers/rendering/storage/utilities.cpp:56)
WARNING: Leaked instance dependency: Bug - did not call instance_notify_deleted when freeing.
   at: ~Dependency (servers/rendering/storage/utilities.cpp:56)
WARNING: Leaked instance dependency: Bug - did not call instance_notify_deleted when freeing.
   at: ~Dependency (servers/rendering/storage/utilities.cpp:56)
WARNING: Leaked instance dependency: Bug - did not call instance_notify_deleted when freeing.
   at: ~Dependency (servers/rendering/storage/utilities.cpp:56)
WARNING: Leaked instance dependency: Bug - did not call instance_notify_deleted when freeing.
   at: ~Dependency (servers/rendering/storage/utilities.cpp:56)
WARNING: Leaked instance dependency: Bug - did not call instance_notify_deleted when freeing.
   at: ~Dependency (servers/rendering/storage/utilities.cpp:56)
WARNING: Leaked instance dependency: Bug - did not call instance_notify_deleted when freeing.
   at: ~Dependency (servers/rendering/storage/utilities.cpp:56)
WARNING: Leaked instance dependency: Bug - did not call instance_notify_deleted when freeing.
   at: ~Dependency (servers/rendering/storage/utilities.cpp:56)
WARNING: Leaked instance dependency: Bug - did not call instance_notify_deleted when freeing.
   at: ~Dependency (servers/rendering/storage/utilities.cpp:56)
WARNING: Leaked instance dependency: Bug - did not call instance_notify_deleted when freeing.
   at: ~Dependency (servers/rendering/storage/utilities.cpp:56)
WARNING: Leaked instance dependency: Bug - did not call instance_notify_deleted when freeing.
   at: ~Dependency (servers/rendering/storage/utilities.cpp:56)
WARNING: Leaked instance dependency: Bug - did not call instance_notify_deleted when freeing.
   at: ~Dependency (servers/rendering/storage/utilities.cpp:56)
WARNING: Leaked instance dependency: Bug - did not call instance_notify_deleted when freeing.
   at: ~Dependency (servers/rendering/storage/utilities.cpp:56)
WARNING: Leaked instance dependency: Bug - did not call instance_notify_deleted when freeing.
   at: ~Dependency (servers/rendering/storage/utilities.cpp:56)
WARNING: Leaked instance dependency: Bug - did not call instance_notify_deleted when freeing.
   at: ~Dependency (servers/rendering/storage/utilities.cpp:56)
WARNING: Leaked instance dependency: Bug - did not call instance_notify_deleted when freeing.
   at: ~Dependency (servers/rendering/storage/utilities.cpp:56)
WARNING: Leaked instance dependency: Bug - did not call instance_notify_deleted when freeing.
   at: ~Dependency (servers/rendering/storage/utilities.cpp:56)
WARNING: Leaked instance dependency: Bug - did not call instance_notify_deleted when freeing.
   at: ~Dependency (servers/rendering/storage/utilities.cpp:56)
WARNING: Leaked instance dependency: Bug - did not call instance_notify_deleted when freeing.
   at: ~Dependency (servers/rendering/storage/utilities.cpp:56)
WARNING: Leaked instance dependency: Bug - did not call instance_notify_deleted when freeing.
   at: ~Dependency (servers/rendering/storage/utilities.cpp:56)
WARNING: Leaked instance dependency: Bug - did not call instance_notify_deleted when freeing.
   at: ~Dependency (servers/rendering/storage/utilities.cpp:56)
WARNING: Leaked instance dependency: Bug - did not call instance_notify_deleted when freeing.
   at: ~Dependency (servers/rendering/storage/utilities.cpp:56)
WARNING: Leaked instance dependency: Bug - did not call instance_notify_deleted when freeing.
   at: ~Dependency (servers/rendering/storage/utilities.cpp:56)
WARNING: Leaked instance dependency: Bug - did not call instance_notify_deleted when freeing.
   at: ~Dependency (servers/rendering/storage/utilities.cpp:56)
WARNING: Leaked instance dependency: Bug - did not call instance_notify_deleted when freeing.
   at: ~Dependency (servers/rendering/storage/utilities.cpp:56)
WARNING: Leaked instance dependency: Bug - did not call instance_notify_deleted when freeing.
   at: ~Dependency (servers/rendering/storage/utilities.cpp:56)
WARNING: Leaked instance dependency: Bug - did not call instance_notify_deleted when freeing.
   at: ~Dependency (servers/rendering/storage/utilities.cpp:56)
WARNING: Leaked instance dependency: Bug - did not call instance_notify_deleted when freeing.
   at: ~Dependency (servers/rendering/storage/utilities.cpp:56)
WARNING: Leaked instance dependency: Bug - did not call instance_notify_deleted when freeing.
   at: ~Dependency (servers/rendering/storage/utilities.cpp:56)
WARNING: Leaked instance dependency: Bug - did not call instance_notify_deleted when freeing.
   at: ~Dependency (servers/rendering/storage/utilities.cpp:56)
WARNING: Leaked instance dependency: Bug - did not call instance_notify_deleted when freeing.
   at: ~Dependency (servers/rendering/storage/utilities.cpp:56)
WARNING: Leaked instance dependency: Bug - did not call instance_notify_deleted when freeing.
   at: ~Dependency (servers/rendering/storage/utilities.cpp:56)
WARNING: Leaked instance dependency: Bug - did not call instance_notify_deleted when freeing.
   at: ~Dependency (servers/rendering/storage/utilities.cpp:56)
WARNING: Leaked instance dependency: Bug - did not call instance_notify_deleted when freeing.
   at: ~Dependency (servers/rendering/storage/utilities.cpp:56)
WARNING: Leaked instance dependency: Bug - did not call instance_notify_deleted when freeing.
   at: ~Dependency (servers/rendering/storage/utilities.cpp:56)
WARNING: Leaked instance dependency: Bug - did not call instance_notify_deleted when freeing.
   at: ~Dependency (servers/rendering/storage/utilities.cpp:56)
WARNING: Leaked instance dependency: Bug - did not call instance_notify_deleted when freeing.
   at: ~Dependency (servers/rendering/storage/utilities.cpp:56)
WARNING: Leaked instance dependency: Bug - did not call instance_notify_deleted when freeing.
   at: ~Dependency (servers/rendering/storage/utilities.cpp:56)
WARNING: Leaked instance dependency: Bug - did not call instance_notify_deleted when freeing.
   at: ~Dependency (servers/rendering/storage/utilities.cpp:56)
WARNING: Leaked instance dependency: Bug - did not call instance_notify_deleted when freeing.
   at: ~Dependency (servers/rendering/storage/utilities.cpp:56)
WARNING: Leaked instance dependency: Bug - did not call instance_notify_deleted when freeing.
   at: ~Dependency (servers/rendering/storage/utilities.cpp:56)
WARNING: Leaked instance dependency: Bug - did not call instance_notify_deleted when freeing.
   at: ~Dependency (servers/rendering/storage/utilities.cpp:56)
WARNING: Leaked instance dependency: Bug - did not call instance_notify_deleted when freeing.
   at: ~Dependency (servers/rendering/storage/utilities.cpp:56)
WARNING: Leaked instance dependency: Bug - did not call instance_notify_deleted when freeing.
   at: ~Dependency (servers/rendering/storage/utilities.cpp:56)
WARNING: Leaked instance dependency: Bug - did not call instance_notify_deleted when freeing.
   at: ~Dependency (servers/rendering/storage/utilities.cpp:56)
WARNING: Leaked instance dependency: Bug - did not call instance_notify_deleted when freeing.
   at: ~Dependency (servers/rendering/storage/utilities.cpp:56)
WARNING: Leaked instance dependency: Bug - did not call instance_notify_deleted when freeing.
   at: ~Dependency (servers/rendering/storage/utilities.cpp:56)
WARNING: Leaked instance dependency: Bug - did not call instance_notify_deleted when freeing.
   at: ~Dependency (servers/rendering/storage/utilities.cpp:56)
WARNING: Leaked instance dependency: Bug - did not call instance_notify_deleted when freeing.
   at: ~Dependency (servers/rendering/storage/utilities.cpp:56)
WARNING: Leaked instance dependency: Bug - did not call instance_notify_deleted when freeing.
   at: ~Dependency (servers/rendering/storage/utilities.cpp:56)
WARNING: Leaked instance dependency: Bug - did not call instance_notify_deleted when freeing.
   at: ~Dependency (servers/rendering/storage/utilities.cpp:56)
WARNING: Leaked instance dependency: Bug - did not call instance_notify_deleted when freeing.
   at: ~Dependency (servers/rendering/storage/utilities.cpp:56)
WARNING: Leaked instance dependency: Bug - did not call instance_notify_deleted when freeing.
   at: ~Dependency (servers/rendering/storage/utilities.cpp:56)
WARNING: Leaked instance dependency: Bug - did not call instance_notify_deleted when freeing.
   at: ~Dependency (servers/rendering/storage/utilities.cpp:56)
WARNING: Leaked instance dependency: Bug - did not call instance_notify_deleted when freeing.
   at: ~Dependency (servers/rendering/storage/utilities.cpp:56)
WARNING: Leaked instance dependency: Bug - did not call instance_notify_deleted when freeing.
   at: ~Dependency (servers/rendering/storage/utilities.cpp:56)
WARNING: Leaked instance dependency: Bug - did not call instance_notify_deleted when freeing.
   at: ~Dependency (servers/rendering/storage/utilities.cpp:56)
WARNING: Leaked instance dependency: Bug - did not call instance_notify_deleted when freeing.
   at: ~Dependency (servers/rendering/storage/utilities.cpp:56)
WARNING: Leaked instance dependency: Bug - did not call instance_notify_deleted when freeing.
   at: ~Dependency (servers/rendering/storage/utilities.cpp:56)
WARNING: Leaked instance dependency: Bug - did not call instance_notify_deleted when freeing.
   at: ~Dependency (servers/rendering/storage/utilities.cpp:56)
WARNING: Leaked instance dependency: Bug - did not call instance_notify_deleted when freeing.
   at: ~Dependency (servers/rendering/storage/utilities.cpp:56)
WARNING: Leaked instance dependency: Bug - did not call instance_notify_deleted when freeing.
   at: ~Dependency (servers/rendering/storage/utilities.cpp:56)
WARNING: Leaked instance dependency: Bug - did not call instance_notify_deleted when freeing.
   at: ~Dependency (servers/rendering/storage/utilities.cpp:56)
WARNING: Leaked instance dependency: Bug - did not call instance_notify_deleted when freeing.
   at: ~Dependency (servers/rendering/storage/utilities.cpp:56)
WARNING: Leaked instance dependency: Bug - did not call instance_notify_deleted when freeing.
   at: ~Dependency (servers/rendering/storage/utilities.cpp:56)
WARNING: Leaked instance dependency: Bug - did not call instance_notify_deleted when freeing.
   at: ~Dependency (servers/rendering/storage/utilities.cpp:56)
WARNING: Leaked instance dependency: Bug - did not call instance_notify_deleted when freeing.
   at: ~Dependency (servers/rendering/storage/utilities.cpp:56)
WARNING: Leaked instance dependency: Bug - did not call instance_notify_deleted when freeing.
   at: ~Dependency (servers/rendering/storage/utilities.cpp:56)
WARNING: Leaked instance dependency: Bug - did not call instance_notify_deleted when freeing.
   at: ~Dependency (servers/rendering/storage/utilities.cpp:56)
WARNING: Leaked instance dependency: Bug - did not call instance_notify_deleted when freeing.
   at: ~Dependency (servers/rendering/storage/utilities.cpp:56)
WARNING: Leaked instance dependency: Bug - did not call instance_notify_deleted when freeing.
   at: ~Dependency (servers/rendering/storage/utilities.cpp:56)
WARNING: Leaked instance dependency: Bug - did not call instance_notify_deleted when freeing.
   at: ~Dependency (servers/rendering/storage/utilities.cpp:56)
WARNING: Leaked instance dependency: Bug - did not call instance_notify_deleted when freeing.
   at: ~Dependency (servers/rendering/storage/utilities.cpp:56)
WARNING: Leaked instance dependency: Bug - did not call instance_notify_deleted when freeing.
   at: ~Dependency (servers/rendering/storage/utilities.cpp:56)
WARNING: Leaked instance dependency: Bug - did not call instance_notify_deleted when freeing.
   at: ~Dependency (servers/rendering/storage/utilities.cpp:56)
WARNING: Leaked instance dependency: Bug - did not call instance_notify_deleted when freeing.
   at: ~Dependency (servers/rendering/storage/utilities.cpp:56)
WARNING: Leaked instance dependency: Bug - did not call instance_notify_deleted when freeing.
   at: ~Dependency (servers/rendering/storage/utilities.cpp:56)
WARNING: Leaked instance dependency: Bug - did not call instance_notify_deleted when freeing.
   at: ~Dependency (servers/rendering/storage/utilities.cpp:56)
WARNING: Leaked instance dependency: Bug - did not call instance_notify_deleted when freeing.
   at: ~Dependency (servers/rendering/storage/utilities.cpp:56)
WARNING: Leaked instance dependency: Bug - did not call instance_notify_deleted when freeing.
   at: ~Dependency (servers/rendering/storage/utilities.cpp:56)
WARNING: Leaked instance dependency: Bug - did not call instance_notify_deleted when freeing.
   at: ~Dependency (servers/rendering/storage/utilities.cpp:56)
WARNING: Leaked instance dependency: Bug - did not call instance_notify_deleted when freeing.
   at: ~Dependency (servers/rendering/storage/utilities.cpp:56)
WARNING: Leaked instance dependency: Bug - did not call instance_notify_deleted when freeing.
   at: ~Dependency (servers/rendering/storage/utilities.cpp:56)
WARNING: Leaked instance dependency: Bug - did not call instance_notify_deleted when freeing.
   at: ~Dependency (servers/rendering/storage/utilities.cpp:56)
WARNING: Leaked instance dependency: Bug - did not call instance_notify_deleted when freeing.
   at: ~Dependency (servers/rendering/storage/utilities.cpp:56)
WARNING: Leaked instance dependency: Bug - did not call instance_notify_deleted when freeing.
   at: ~Dependency (servers/rendering/storage/utilities.cpp:56)
WARNING: Leaked instance dependency: Bug - did not call instance_notify_deleted when freeing.
   at: ~Dependency (servers/rendering/storage/utilities.cpp:56)
WARNING: Leaked instance dependency: Bug - did not call instance_notify_deleted when freeing.
   at: ~Dependency (servers/rendering/storage/utilities.cpp:56)
WARNING: Leaked instance dependency: Bug - did not call instance_notify_deleted when freeing.
   at: ~Dependency (servers/rendering/storage/utilities.cpp:56)
WARNING: Leaked instance dependency: Bug - did not call instance_notify_deleted when freeing.
   at: ~Dependency (servers/rendering/storage/utilities.cpp:56)
WARNING: Leaked instance dependency: Bug - did not call instance_notify_deleted when freeing.
   at: ~Dependency (servers/rendering/storage/utilities.cpp:56)
WARNING: Leaked instance dependency: Bug - did not call instance_notify_deleted when freeing.
   at: ~Dependency (servers/rendering/storage/utilities.cpp:56)
WARNING: Leaked instance dependency: Bug - did not call instance_notify_deleted when freeing.
   at: ~Dependency (servers/rendering/storage/utilities.cpp:56)
WARNING: Leaked instance dependency: Bug - did not call instance_notify_deleted when freeing.
   at: ~Dependency (servers/rendering/storage/utilities.cpp:56)
WARNING: Leaked instance dependency: Bug - did not call instance_notify_deleted when freeing.
   at: ~Dependency (servers/rendering/storage/utilities.cpp:56)
WARNING: Leaked instance dependency: Bug - did not call instance_notify_deleted when freeing.
   at: ~Dependency (servers/rendering/storage/utilities.cpp:56)
WARNING: Leaked instance dependency: Bug - did not call instance_notify_deleted when freeing.
   at: ~Dependency (servers/rendering/storage/utilities.cpp:56)
WARNING: Leaked instance dependency: Bug - did not call instance_notify_deleted when freeing.
   at: ~Dependency (servers/rendering/storage/utilities.cpp:56)
WARNING: Leaked instance dependency: Bug - did not call instance_notify_deleted when freeing.
   at: ~Dependency (servers/rendering/storage/utilities.cpp:56)
WARNING: Leaked instance dependency: Bug - did not call instance_notify_deleted when freeing.
   at: ~Dependency (servers/rendering/storage/utilities.cpp:56)
WARNING: Leaked instance dependency: Bug - did not call instance_notify_deleted when freeing.
   at: ~Dependency (servers/rendering/storage/utilities.cpp:56)
WARNING: Leaked instance dependency: Bug - did not call instance_notify_deleted when freeing.
   at: ~Dependency (servers/rendering/storage/utilities.cpp:56)
WARNING: Leaked instance dependency: Bug - did not call instance_notify_deleted when freeing.
   at: ~Dependency (servers/rendering/storage/utilities.cpp:56)
WARNING: Leaked instance dependency: Bug - did not call instance_notify_deleted when freeing.
   at: ~Dependency (servers/rendering/storage/utilities.cpp:56)
WARNING: Leaked instance dependency: Bug - did not call instance_notify_deleted when freeing.
   at: ~Dependency (servers/rendering/storage/utilities.cpp:56)
WARNING: Leaked instance dependency: Bug - did not call instance_notify_deleted when freeing.
   at: ~Dependency (servers/rendering/storage/utilities.cpp:56)
WARNING: Leaked instance dependency: Bug - did not call instance_notify_deleted when freeing.
   at: ~Dependency (servers/rendering/storage/utilities.cpp:56)
WARNING: Leaked instance dependency: Bug - did not call instance_notify_deleted when freeing.
   at: ~Dependency (servers/rendering/storage/utilities.cpp:56)
WARNING: Leaked instance dependency: Bug - did not call instance_notify_deleted when freeing.
   at: ~Dependency (servers/rendering/storage/utilities.cpp:56)
WARNING: Leaked instance dependency: Bug - did not call instance_notify_deleted when freeing.
   at: ~Dependency (servers/rendering/storage/utilities.cpp:56)
WARNING: Leaked instance dependency: Bug - did not call instance_notify_deleted when freeing.
   at: ~Dependency (servers/rendering/storage/utilities.cpp:56)
WARNING: Leaked instance dependency: Bug - did not call instance_notify_deleted when freeing.
   at: ~Dependency (servers/rendering/storage/utilities.cpp:56)
WARNING: Leaked instance dependency: Bug - did not call instance_notify_deleted when freeing.
   at: ~Dependency (servers/rendering/storage/utilities.cpp:56)
WARNING: Leaked instance dependency: Bug - did not call instance_notify_deleted when freeing.
   at: ~Dependency (servers/rendering/storage/utilities.cpp:56)
WARNING: Leaked instance dependency: Bug - did not call instance_notify_deleted when freeing.
   at: ~Dependency (servers/rendering/storage/utilities.cpp:56)
WARNING: Leaked instance dependency: Bug - did not call instance_notify_deleted when freeing.
   at: ~Dependency (servers/rendering/storage/utilities.cpp:56)
WARNING: Leaked instance dependency: Bug - did not call instance_notify_deleted when freeing.
   at: ~Dependency (servers/rendering/storage/utilities.cpp:56)
WARNING: Leaked instance dependency: Bug - did not call instance_notify_deleted when freeing.
   at: ~Dependency (servers/rendering/storage/utilities.cpp:56)
WARNING: Leaked instance dependency: Bug - did not call instance_notify_deleted when freeing.
   at: ~Dependency (servers/rendering/storage/utilities.cpp:56)
WARNING: Leaked instance dependency: Bug - did not call instance_notify_deleted when freeing.
   at: ~Dependency (servers/rendering/storage/utilities.cpp:56)
WARNING: Leaked instance dependency: Bug - did not call instance_notify_deleted when freeing.
   at: ~Dependency (servers/rendering/storage/utilities.cpp:56)
WARNING: Leaked instance dependency: Bug - did not call instance_notify_deleted when freeing.
   at: ~Dependency (servers/rendering/storage/utilities.cpp:56)
WARNING: Leaked instance dependency: Bug - did not call instance_notify_deleted when freeing.
   at: ~Dependency (servers/rendering/storage/utilities.cpp:56)
WARNING: Leaked instance dependency: Bug - did not call instance_notify_deleted when freeing.
   at: ~Dependency (servers/rendering/storage/utilities.cpp:56)
WARNING: Leaked instance dependency: Bug - did not call instance_notify_deleted when freeing.
   at: ~Dependency (servers/rendering/storage/utilities.cpp:56)
WARNING: Leaked instance dependency: Bug - did not call instance_notify_deleted when freeing.
   at: ~Dependency (servers/rendering/storage/utilities.cpp:56)
WARNING: Leaked instance dependency: Bug - did not call instance_notify_deleted when freeing.
   at: ~Dependency (servers/rendering/storage/utilities.cpp:56)
WARNING: Leaked instance dependency: Bug - did not call instance_notify_deleted when freeing.
   at: ~Dependency (servers/rendering/storage/utilities.cpp:56)
WARNING: Leaked instance dependency: Bug - did not call instance_notify_deleted when freeing.
   at: ~Dependency (servers/rendering/storage/utilities.cpp:56)
WARNING: Leaked instance dependency: Bug - did not call instance_notify_deleted when freeing.
   at: ~Dependency (servers/rendering/storage/utilities.cpp:56)
WARNING: Leaked instance dependency: Bug - did not call instance_notify_deleted when freeing.
   at: ~Dependency (servers/rendering/storage/utilities.cpp:56)
WARNING: Leaked instance dependency: Bug - did not call instance_notify_deleted when freeing.
   at: ~Dependency (servers/rendering/storage/utilities.cpp:56)
WARNING: Leaked instance dependency: Bug - did not call instance_notify_deleted when freeing.
   at: ~Dependency (servers/rendering/storage/utilities.cpp:56)
WARNING: Leaked instance dependency: Bug - did not call instance_notify_deleted when freeing.
   at: ~Dependency (servers/rendering/storage/utilities.cpp:56)
WARNING: Leaked instance dependency: Bug - did not call instance_notify_deleted when freeing.
   at: ~Dependency (servers/rendering/storage/utilities.cpp:56)
WARNING: Leaked instance dependency: Bug - did not call instance_notify_deleted when freeing.
   at: ~Dependency (servers/rendering/storage/utilities.cpp:56)
WARNING: Leaked instance dependency: Bug - did not call instance_notify_deleted when freeing.
   at: ~Dependency (servers/rendering/storage/utilities.cpp:56)
WARNING: Leaked instance dependency: Bug - did not call instance_notify_deleted when freeing.
   at: ~Dependency (servers/rendering/storage/utilities.cpp:56)
WARNING: Leaked instance dependency: Bug - did not call instance_notify_deleted when freeing.
   at: ~Dependency (servers/rendering/storage/utilities.cpp:56)
WARNING: Leaked instance dependency: Bug - did not call instance_notify_deleted when freeing.
   at: ~Dependency (servers/rendering/storage/utilities.cpp:56)
WARNING: Leaked instance dependency: Bug - did not call instance_notify_deleted when freeing.
   at: ~Dependency (servers/rendering/storage/utilities.cpp:56)
WARNING: Leaked instance dependency: Bug - did not call instance_notify_deleted when freeing.
   at: ~Dependency (servers/rendering/storage/utilities.cpp:56)
WARNING: Leaked instance dependency: Bug - did not call instance_notify_deleted when freeing.
   at: ~Dependency (servers/rendering/storage/utilities.cpp:56)
WARNING: Leaked instance dependency: Bug - did not call instance_notify_deleted when freeing.
   at: ~Dependency (servers/rendering/storage/utilities.cpp:56)
WARNING: Leaked instance dependency: Bug - did not call instance_notify_deleted when freeing.
   at: ~Dependency (servers/rendering/storage/utilities.cpp:56)
WARNING: Leaked instance dependency: Bug - did not call instance_notify_deleted when freeing.
   at: ~Dependency (servers/rendering/storage/utilities.cpp:56)
WARNING: Leaked instance dependency: Bug - did not call instance_notify_deleted when freeing.
   at: ~Dependency (servers/rendering/storage/utilities.cpp:56)
WARNING: Leaked instance dependency: Bug - did not call instance_notify_deleted when freeing.
   at: ~Dependency (servers/rendering/storage/utilities.cpp:56)
WARNING: Leaked instance dependency: Bug - did not call instance_notify_deleted when freeing.
   at: ~Dependency (servers/rendering/storage/utilities.cpp:56)
WARNING: Leaked instance dependency: Bug - did not call instance_notify_deleted when freeing.
   at: ~Dependency (servers/rendering/storage/utilities.cpp:56)
WARNING: Leaked instance dependency: Bug - did not call instance_notify_deleted when freeing.
   at: ~Dependency (servers/rendering/storage/utilities.cpp:56)
WARNING: Leaked instance dependency: Bug - did not call instance_notify_deleted when freeing.
   at: ~Dependency (servers/rendering/storage/utilities.cpp:56)
WARNING: Leaked instance dependency: Bug - did not call instance_notify_deleted when freeing.
   at: ~Dependency (servers/rendering/storage/utilities.cpp:56)
WARNING: Leaked instance dependency: Bug - did not call instance_notify_deleted when freeing.
   at: ~Dependency (servers/rendering/storage/utilities.cpp:56)
WARNING: Leaked instance dependency: Bug - did not call instance_notify_deleted when freeing.
   at: ~Dependency (servers/rendering/storage/utilities.cpp:56)
WARNING: Leaked instance dependency: Bug - did not call instance_notify_deleted when freeing.
   at: ~Dependency (servers/rendering/storage/utilities.cpp:56)
WARNING: Leaked instance dependency: Bug - did not call instance_notify_deleted when freeing.
   at: ~Dependency (servers/rendering/storage/utilities.cpp:56)
WARNING: Leaked instance dependency: Bug - did not call instance_notify_deleted when freeing.
   at: ~Dependency (servers/rendering/storage/utilities.cpp:56)
WARNING: Leaked instance dependency: Bug - did not call instance_notify_deleted when freeing.
   at: ~Dependency (servers/rendering/storage/utilities.cpp:56)
WARNING: Leaked instance dependency: Bug - did not call instance_notify_deleted when freeing.
   at: ~Dependency (servers/rendering/storage/utilities.cpp:56)
WARNING: Leaked instance dependency: Bug - did not call instance_notify_deleted when freeing.
   at: ~Dependency (servers/rendering/storage/utilities.cpp:56)
WARNING: Leaked instance dependency: Bug - did not call instance_notify_deleted when freeing.
   at: ~Dependency (servers/rendering/storage/utilities.cpp:56)
WARNING: Leaked instance dependency: Bug - did not call instance_notify_deleted when freeing.
   at: ~Dependency (servers/rendering/storage/utilities.cpp:56)
WARNING: Leaked instance dependency: Bug - did not call instance_notify_deleted when freeing.
   at: ~Dependency (servers/rendering/storage/utilities.cpp:56)
WARNING: Leaked instance dependency: Bug - did not call instance_notify_deleted when freeing.
   at: ~Dependency (servers/rendering/storage/utilities.cpp:56)
WARNING: Leaked instance dependency: Bug - did not call instance_notify_deleted when freeing.
   at: ~Dependency (servers/rendering/storage/utilities.cpp:56)
WARNING: Leaked instance dependency: Bug - did not call instance_notify_deleted when freeing.
   at: ~Dependency (servers/rendering/storage/utilities.cpp:56)
WARNING: Leaked instance dependency: Bug - did not call instance_notify_deleted when freeing.
   at: ~Dependency (servers/rendering/storage/utilities.cpp:56)
WARNING: Leaked instance dependency: Bug - did not call instance_notify_deleted when freeing.
   at: ~Dependency (servers/rendering/storage/utilities.cpp:56)
WARNING: Leaked instance dependency: Bug - did not call instance_notify_deleted when freeing.
   at: ~Dependency (servers/rendering/storage/utilities.cpp:56)
WARNING: Leaked instance dependency: Bug - did not call instance_notify_deleted when freeing.
   at: ~Dependency (servers/rendering/storage/utilities.cpp:56)
WARNING: Leaked instance dependency: Bug - did not call instance_notify_deleted when freeing.
   at: ~Dependency (servers/rendering/storage/utilities.cpp:56)
WARNING: Leaked instance dependency: Bug - did not call instance_notify_deleted when freeing.
   at: ~Dependency (servers/rendering/storage/utilities.cpp:56)
WARNING: Leaked instance dependency: Bug - did not call instance_notify_deleted when freeing.
   at: ~Dependency (servers/rendering/storage/utilities.cpp:56)
WARNING: Leaked instance dependency: Bug - did not call instance_notify_deleted when freeing.
   at: ~Dependency (servers/rendering/storage/utilities.cpp:56)
WARNING: Leaked instance dependency: Bug - did not call instance_notify_deleted when freeing.
   at: ~Dependency (servers/rendering/storage/utilities.cpp:56)
WARNING: Leaked instance dependency: Bug - did not call instance_notify_deleted when freeing.
   at: ~Dependency (servers/rendering/storage/utilities.cpp:56)
WARNING: Leaked instance dependency: Bug - did not call instance_notify_deleted when freeing.
   at: ~Dependency (servers/rendering/storage/utilities.cpp:56)
WARNING: Leaked instance dependency: Bug - did not call instance_notify_deleted when freeing.
   at: ~Dependency (servers/rendering/storage/utilities.cpp:56)
WARNING: Leaked instance dependency: Bug - did not call instance_notify_deleted when freeing.
   at: ~Dependency (servers/rendering/storage/utilities.cpp:56)
WARNING: Leaked instance dependency: Bug - did not call instance_notify_deleted when freeing.
   at: ~Dependency (servers/rendering/storage/utilities.cpp:56)
WARNING: Leaked instance dependency: Bug - did not call instance_notify_deleted when freeing.
   at: ~Dependency (servers/rendering/storage/utilities.cpp:56)
WARNING: Leaked instance dependency: Bug - did not call instance_notify_deleted when freeing.
   at: ~Dependency (servers/rendering/storage/utilities.cpp:56)
WARNING: Leaked instance dependency: Bug - did not call instance_notify_deleted when freeing.
   at: ~Dependency (servers/rendering/storage/utilities.cpp:56)
WARNING: Leaked instance dependency: Bug - did not call instance_notify_deleted when freeing.
   at: ~Dependency (servers/rendering/storage/utilities.cpp:56)
WARNING: Leaked instance dependency: Bug - did not call instance_notify_deleted when freeing.
   at: ~Dependency (servers/rendering/storage/utilities.cpp:56)
WARNING: Leaked instance dependency: Bug - did not call instance_notify_deleted when freeing.
   at: ~Dependency (servers/rendering/storage/utilities.cpp:56)
WARNING: Leaked instance dependency: Bug - did not call instance_notify_deleted when freeing.
   at: ~Dependency (servers/rendering/storage/utilities.cpp:56)
WARNING: Leaked instance dependency: Bug - did not call instance_notify_deleted when freeing.
   at: ~Dependency (servers/rendering/storage/utilities.cpp:56)
WARNING: Leaked instance dependency: Bug - did not call instance_notify_deleted when freeing.
   at: ~Dependency (servers/rendering/storage/utilities.cpp:56)
WARNING: Leaked instance dependency: Bug - did not call instance_notify_deleted when freeing.
   at: ~Dependency (servers/rendering/storage/utilities.cpp:56)
WARNING: Leaked instance dependency: Bug - did not call instance_notify_deleted when freeing.
   at: ~Dependency (servers/rendering/storage/utilities.cpp:56)
WARNING: Leaked instance dependency: Bug - did not call instance_notify_deleted when freeing.
   at: ~Dependency (servers/rendering/storage/utilities.cpp:56)
WARNING: Leaked instance dependency: Bug - did not call instance_notify_deleted when freeing.
   at: ~Dependency (servers/rendering/storage/utilities.cpp:56)
WARNING: Leaked instance dependency: Bug - did not call instance_notify_deleted when freeing.
   at: ~Dependency (servers/rendering/storage/utilities.cpp:56)
WARNING: Leaked instance dependency: Bug - did not call instance_notify_deleted when freeing.
   at: ~Dependency (servers/rendering/storage/utilities.cpp:56)
WARNING: Leaked instance dependency: Bug - did not call instance_notify_deleted when freeing.
   at: ~Dependency (servers/rendering/storage/utilities.cpp:56)
WARNING: Leaked instance dependency: Bug - did not call instance_notify_deleted when freeing.
   at: ~Dependency (servers/rendering/storage/utilities.cpp:56)
WARNING: Leaked instance dependency: Bug - did not call instance_notify_deleted when freeing.
   at: ~Dependency (servers/rendering/storage/utilities.cpp:56)
WARNING: Leaked instance dependency: Bug - did not call instance_notify_deleted when freeing.
   at: ~Dependency (servers/rendering/storage/utilities.cpp:56)
WARNING: Leaked instance dependency: Bug - did not call instance_notify_deleted when freeing.
   at: ~Dependency (servers/rendering/storage/utilities.cpp:56)
WARNING: Leaked instance dependency: Bug - did not call instance_notify_deleted when freeing.
   at: ~Dependency (servers/rendering/storage/utilities.cpp:56)
WARNING: Leaked instance dependency: Bug - did not call instance_notify_deleted when freeing.
   at: ~Dependency (servers/rendering/storage/utilities.cpp:56)
WARNING: Leaked instance dependency: Bug - did not call instance_notify_deleted when freeing.
   at: ~Dependency (servers/rendering/storage/utilities.cpp:56)
WARNING: Leaked instance dependency: Bug - did not call instance_notify_deleted when freeing.
   at: ~Dependency (servers/rendering/storage/utilities.cpp:56)
WARNING: Leaked instance dependency: Bug - did not call instance_notify_deleted when freeing.
   at: ~Dependency (servers/rendering/storage/utilities.cpp:56)
WARNING: Leaked instance dependency: Bug - did not call instance_notify_deleted when freeing.
   at: ~Dependency (servers/rendering/storage/utilities.cpp:56)
WARNING: Leaked instance dependency: Bug - did not call instance_notify_deleted when freeing.
   at: ~Dependency (servers/rendering/storage/utilities.cpp:56)
WARNING: Leaked instance dependency: Bug - did not call instance_notify_deleted when freeing.
   at: ~Dependency (servers/rendering/storage/utilities.cpp:56)
WARNING: Leaked instance dependency: Bug - did not call instance_notify_deleted when freeing.
   at: ~Dependency (servers/rendering/storage/utilities.cpp:56)
WARNING: Leaked instance dependency: Bug - did not call instance_notify_deleted when freeing.
   at: ~Dependency (servers/rendering/storage/utilities.cpp:56)
WARNING: Leaked instance dependency: Bug - did not call instance_notify_deleted when freeing.
   at: ~Dependency (servers/rendering/storage/utilities.cpp:56)
WARNING: Leaked instance dependency: Bug - did not call instance_notify_deleted when freeing.
   at: ~Dependency (servers/rendering/storage/utilities.cpp:56)
WARNING: Leaked instance dependency: Bug - did not call instance_notify_deleted when freeing.
   at: ~Dependency (servers/rendering/storage/utilities.cpp:56)
WARNING: Leaked instance dependency: Bug - did not call instance_notify_deleted when freeing.
   at: ~Dependency (servers/rendering/storage/utilities.cpp:56)
WARNING: Leaked instance dependency: Bug - did not call instance_notify_deleted when freeing.
   at: ~Dependency (servers/rendering/storage/utilities.cpp:56)
WARNING: Leaked instance dependency: Bug - did not call instance_notify_deleted when freeing.
   at: ~Dependency (servers/rendering/storage/utilities.cpp:56)
WARNING: Leaked instance dependency: Bug - did not call instance_notify_deleted when freeing.
   at: ~Dependency (servers/rendering/storage/utilities.cpp:56)
WARNING: Leaked instance dependency: Bug - did not call instance_notify_deleted when freeing.
   at: ~Dependency (servers/rendering/storage/utilities.cpp:56)
WARNING: Leaked instance dependency: Bug - did not call instance_notify_deleted when freeing.
   at: ~Dependency (servers/rendering/storage/utilities.cpp:56)
WARNING: Leaked instance dependency: Bug - did not call instance_notify_deleted when freeing.
   at: ~Dependency (servers/rendering/storage/utilities.cpp:56)
WARNING: Leaked instance dependency: Bug - did not call instance_notify_deleted when freeing.
   at: ~Dependency (servers/rendering/storage/utilities.cpp:56)
WARNING: Leaked instance dependency: Bug - did not call instance_notify_deleted when freeing.
   at: ~Dependency (servers/rendering/storage/utilities.cpp:56)
WARNING: Leaked instance dependency: Bug - did not call instance_notify_deleted when freeing.
   at: ~Dependency (servers/rendering/storage/utilities.cpp:56)
WARNING: Leaked instance dependency: Bug - did not call instance_notify_deleted when freeing.
   at: ~Dependency (servers/rendering/storage/utilities.cpp:56)
WARNING: Leaked instance dependency: Bug - did not call instance_notify_deleted when freeing.
   at: ~Dependency (servers/rendering/storage/utilities.cpp:56)
WARNING: Leaked instance dependency: Bug - did not call instance_notify_deleted when freeing.
   at: ~Dependency (servers/rendering/storage/utilities.cpp:56)
WARNING: Leaked instance dependency: Bug - did not call instance_notify_deleted when freeing.
   at: ~Dependency (servers/rendering/storage/utilities.cpp:56)
WARNING: Leaked instance dependency: Bug - did not call instance_notify_deleted when freeing.
   at: ~Dependency (servers/rendering/storage/utilities.cpp:56)
WARNING: Leaked instance dependency: Bug - did not call instance_notify_deleted when freeing.
   at: ~Dependency (servers/rendering/storage/utilities.cpp:56)
WARNING: Leaked instance dependency: Bug - did not call instance_notify_deleted when freeing.
   at: ~Dependency (servers/rendering/storage/utilities.cpp:56)
WARNING: Leaked instance dependency: Bug - did not call instance_notify_deleted when freeing.
   at: ~Dependency (servers/rendering/storage/utilities.cpp:56)
WARNING: Leaked instance dependency: Bug - did not call instance_notify_deleted when freeing.
   at: ~Dependency (servers/rendering/storage/utilities.cpp:56)
WARNING: Leaked instance dependency: Bug - did not call instance_notify_deleted when freeing.
   at: ~Dependency (servers/rendering/storage/utilities.cpp:56)
WARNING: Leaked instance dependency: Bug - did not call instance_notify_deleted when freeing.
   at: ~Dependency (servers/rendering/storage/utilities.cpp:56)
WARNING: Leaked instance dependency: Bug - did not call instance_notify_deleted when freeing.
   at: ~Dependency (servers/rendering/storage/utilities.cpp:56)
WARNING: Leaked instance dependency: Bug - did not call instance_notify_deleted when freeing.
   at: ~Dependency (servers/rendering/storage/utilities.cpp:56)
WARNING: Leaked instance dependency: Bug - did not call instance_notify_deleted when freeing.
   at: ~Dependency (servers/rendering/storage/utilities.cpp:56)
WARNING: Leaked instance dependency: Bug - did not call instance_notify_deleted when freeing.
   at: ~Dependency (servers/rendering/storage/utilities.cpp:56)
WARNING: Leaked instance dependency: Bug - did not call instance_notify_deleted when freeing.
   at: ~Dependency (servers/rendering/storage/utilities.cpp:56)
WARNING: Leaked instance dependency: Bug - did not call instance_notify_deleted when freeing.
   at: ~Dependency (servers/rendering/storage/utilities.cpp:56)
WARNING: Leaked instance dependency: Bug - did not call instance_notify_deleted when freeing.
   at: ~Dependency (servers/rendering/storage/utilities.cpp:56)
WARNING: Leaked instance dependency: Bug - did not call instance_notify_deleted when freeing.
   at: ~Dependency (servers/rendering/storage/utilities.cpp:56)
WARNING: Leaked instance dependency: Bug - did not call instance_notify_deleted when freeing.
   at: ~Dependency (servers/rendering/storage/utilities.cpp:56)
WARNING: Leaked instance dependency: Bug - did not call instance_notify_deleted when freeing.
   at: ~Dependency (servers/rendering/storage/utilities.cpp:56)
WARNING: Leaked instance dependency: Bug - did not call instance_notify_deleted when freeing.
   at: ~Dependency (servers/rendering/storage/utilities.cpp:56)
WARNING: Leaked instance dependency: Bug - did not call instance_notify_deleted when freeing.
   at: ~Dependency (servers/rendering/storage/utilities.cpp:56)
WARNING: Leaked instance dependency: Bug - did not call instance_notify_deleted when freeing.
   at: ~Dependency (servers/rendering/storage/utilities.cpp:56)
WARNING: Leaked instance dependency: Bug - did not call instance_notify_deleted when freeing.
   at: ~Dependency (servers/rendering/storage/utilities.cpp:56)
WARNING: Leaked instance dependency: Bug - did not call instance_notify_deleted when freeing.
   at: ~Dependency (servers/rendering/storage/utilities.cpp:56)
WARNING: Leaked instance dependency: Bug - did not call instance_notify_deleted when freeing.
   at: ~Dependency (servers/rendering/storage/utilities.cpp:56)
WARNING: Leaked instance dependency: Bug - did not call instance_notify_deleted when freeing.
   at: ~Dependency (servers/rendering/storage/utilities.cpp:56)
WARNING: Leaked instance dependency: Bug - did not call instance_notify_deleted when freeing.
   at: ~Dependency (servers/rendering/storage/utilities.cpp:56)
WARNING: Leaked instance dependency: Bug - did not call instance_notify_deleted when freeing.
   at: ~Dependency (servers/rendering/storage/utilities.cpp:56)
WARNING: Leaked instance dependency: Bug - did not call instance_notify_deleted when freeing.
   at: ~Dependency (servers/rendering/storage/utilities.cpp:56)
WARNING: Leaked instance dependency: Bug - did not call instance_notify_deleted when freeing.
   at: ~Dependency (servers/rendering/storage/utilities.cpp:56)
WARNING: Leaked instance dependency: Bug - did not call instance_notify_deleted when freeing.
   at: ~Dependency (servers/rendering/storage/utilities.cpp:56)
WARNING: Leaked instance dependency: Bug - did not call instance_notify_deleted when freeing.
   at: ~Dependency (servers/rendering/storage/utilities.cpp:56)
WARNING: Leaked instance dependency: Bug - did not call instance_notify_deleted when freeing.
   at: ~Dependency (servers/rendering/storage/utilities.cpp:56)
WARNING: Leaked instance dependency: Bug - did not call instance_notify_deleted when freeing.
   at: ~Dependency (servers/rendering/storage/utilities.cpp:56)
WARNING: Leaked instance dependency: Bug - did not call instance_notify_deleted when freeing.
   at: ~Dependency (servers/rendering/storage/utilities.cpp:56)
WARNING: Leaked instance dependency: Bug - did not call instance_notify_deleted when freeing.
   at: ~Dependency (servers/rendering/storage/utilities.cpp:56)
WARNING: Leaked instance dependency: Bug - did not call instance_notify_deleted when freeing.
   at: ~Dependency (servers/rendering/storage/utilities.cpp:56)
WARNING: Leaked instance dependency: Bug - did not call instance_notify_deleted when freeing.
   at: ~Dependency (servers/rendering/storage/utilities.cpp:56)
WARNING: Leaked instance dependency: Bug - did not call instance_notify_deleted when freeing.
   at: ~Dependency (servers/rendering/storage/utilities.cpp:56)
WARNING: Leaked instance dependency: Bug - did not call instance_notify_deleted when freeing.
   at: ~Dependency (servers/rendering/storage/utilities.cpp:56)
WARNING: Leaked instance dependency: Bug - did not call instance_notify_deleted when freeing.
   at: ~Dependency (servers/rendering/storage/utilities.cpp:56)
WARNING: Leaked instance dependency: Bug - did not call instance_notify_deleted when freeing.
   at: ~Dependency (servers/rendering/storage/utilities.cpp:56)
WARNING: Leaked instance dependency: Bug - did not call instance_notify_deleted when freeing.
   at: ~Dependency (servers/rendering/storage/utilities.cpp:56)
WARNING: Leaked instance dependency: Bug - did not call instance_notify_deleted when freeing.
   at: ~Dependency (servers/rendering/storage/utilities.cpp:56)
WARNING: Leaked instance dependency: Bug - did not call instance_notify_deleted when freeing.
   at: ~Dependency (servers/rendering/storage/utilities.cpp:56)
WARNING: Leaked instance dependency: Bug - did not call instance_notify_deleted when freeing.
   at: ~Dependency (servers/rendering/storage/utilities.cpp:56)
WARNING: Leaked instance dependency: Bug - did not call instance_notify_deleted when freeing.
   at: ~Dependency (servers/rendering/storage/utilities.cpp:56)
WARNING: Leaked instance dependency: Bug - did not call instance_notify_deleted when freeing.
   at: ~Dependency (servers/rendering/storage/utilities.cpp:56)
WARNING: Leaked instance dependency: Bug - did not call instance_notify_deleted when freeing.
   at: ~Dependency (servers/rendering/storage/utilities.cpp:56)
WARNING: Leaked instance dependency: Bug - did not call instance_notify_deleted when freeing.
   at: ~Dependency (servers/rendering/storage/utilities.cpp:56)
WARNING: Leaked instance dependency: Bug - did not call instance_notify_deleted when freeing.
   at: ~Dependency (servers/rendering/storage/utilities.cpp:56)
WARNING: Leaked instance dependency: Bug - did not call instance_notify_deleted when freeing.
   at: ~Dependency (servers/rendering/storage/utilities.cpp:56)
WARNING: Leaked instance dependency: Bug - did not call instance_notify_deleted when freeing.
   at: ~Dependency (servers/rendering/storage/utilities.cpp:56)
WARNING: Leaked instance dependency: Bug - did not call instance_notify_deleted when freeing.
   at: ~Dependency (servers/rendering/storage/utilities.cpp:56)
WARNING: Leaked instance dependency: Bug - did not call instance_notify_deleted when freeing.
   at: ~Dependency (servers/rendering/storage/utilities.cpp:56)
WARNING: Leaked instance dependency: Bug - did not call instance_notify_deleted when freeing.
   at: ~Dependency (servers/rendering/storage/utilities.cpp:56)
WARNING: Leaked instance dependency: Bug - did not call instance_notify_deleted when freeing.
   at: ~Dependency (servers/rendering/storage/utilities.cpp:56)
WARNING: Leaked instance dependency: Bug - did not call instance_notify_deleted when freeing.
   at: ~Dependency (servers/rendering/storage/utilities.cpp:56)
WARNING: Leaked instance dependency: Bug - did not call instance_notify_deleted when freeing.
   at: ~Dependency (servers/rendering/storage/utilities.cpp:56)
WARNING: Leaked instance dependency: Bug - did not call instance_notify_deleted when freeing.
   at: ~Dependency (servers/rendering/storage/utilities.cpp:56)
WARNING: Leaked instance dependency: Bug - did not call instance_notify_deleted when freeing.
   at: ~Dependency (servers/rendering/storage/utilities.cpp:56)
WARNING: Leaked instance dependency: Bug - did not call instance_notify_deleted when freeing.
   at: ~Dependency (servers/rendering/storage/utilities.cpp:56)
WARNING: Leaked instance dependency: Bug - did not call instance_notify_deleted when freeing.
   at: ~Dependency (servers/rendering/storage/utilities.cpp:56)
WARNING: Leaked instance dependency: Bug - did not call instance_notify_deleted when freeing.
   at: ~Dependency (servers/rendering/storage/utilities.cpp:56)
WARNING: Leaked instance dependency: Bug - did not call instance_notify_deleted when freeing.
   at: ~Dependency (servers/rendering/storage/utilities.cpp:56)
WARNING: Leaked instance dependency: Bug - did not call instance_notify_deleted when freeing.
   at: ~Dependency (servers/rendering/storage/utilities.cpp:56)
WARNING: Leaked instance dependency: Bug - did not call instance_notify_deleted when freeing.
   at: ~Dependency (servers/rendering/storage/utilities.cpp:56)
WARNING: Leaked instance dependency: Bug - did not call instance_notify_deleted when freeing.
   at: ~Dependency (servers/rendering/storage/utilities.cpp:56)
WARNING: Leaked instance dependency: Bug - did not call instance_notify_deleted when freeing.
   at: ~Dependency (servers/rendering/storage/utilities.cpp:56)
WARNING: Leaked instance dependency: Bug - did not call instance_notify_deleted when freeing.
   at: ~Dependency (servers/rendering/storage/utilities.cpp:56)
WARNING: Leaked instance dependency: Bug - did not call instance_notify_deleted when freeing.
   at: ~Dependency (servers/rendering/storage/utilities.cpp:56)
WARNING: Leaked instance dependency: Bug - did not call instance_notify_deleted when freeing.
   at: ~Dependency (servers/rendering/storage/utilities.cpp:56)
WARNING: Leaked instance dependency: Bug - did not call instance_notify_deleted when freeing.
   at: ~Dependency (servers/rendering/storage/utilities.cpp:56)
WARNING: Leaked instance dependency: Bug - did not call instance_notify_deleted when freeing.
   at: ~Dependency (servers/rendering/storage/utilities.cpp:56)
WARNING: Leaked instance dependency: Bug - did not call instance_notify_deleted when freeing.
   at: ~Dependency (servers/rendering/storage/utilities.cpp:56)
WARNING: Leaked instance dependency: Bug - did not call instance_notify_deleted when freeing.
   at: ~Dependency (servers/rendering/storage/utilities.cpp:56)
WARNING: Leaked instance dependency: Bug - did not call instance_notify_deleted when freeing.
   at: ~Dependency (servers/rendering/storage/utilities.cpp:56)
WARNING: Leaked instance dependency: Bug - did not call instance_notify_deleted when freeing.
   at: ~Dependency (servers/rendering/storage/utilities.cpp:56)
WARNING: Leaked instance dependency: Bug - did not call instance_notify_deleted when freeing.
   at: ~Dependency (servers/rendering/storage/utilities.cpp:56)
WARNING: Leaked instance dependency: Bug - did not call instance_notify_deleted when freeing.
   at: ~Dependency (servers/rendering/storage/utilities.cpp:56)
WARNING: Leaked instance dependency: Bug - did not call instance_notify_deleted when freeing.
   at: ~Dependency (servers/rendering/storage/utilities.cpp:56)
WARNING: Leaked instance dependency: Bug - did not call instance_notify_deleted when freeing.
   at: ~Dependency (servers/rendering/storage/utilities.cpp:56)
WARNING: Leaked instance dependency: Bug - did not call instance_notify_deleted when freeing.
   at: ~Dependency (servers/rendering/storage/utilities.cpp:56)
WARNING: Leaked instance dependency: Bug - did not call instance_notify_deleted when freeing.
   at: ~Dependency (servers/rendering/storage/utilities.cpp:56)
WARNING: Leaked instance dependency: Bug - did not call instance_notify_deleted when freeing.
   at: ~Dependency (servers/rendering/storage/utilities.cpp:56)
WARNING: Leaked instance dependency: Bug - did not call instance_notify_deleted when freeing.
   at: ~Dependency (servers/rendering/storage/utilities.cpp:56)
WARNING: Leaked instance dependency: Bug - did not call instance_notify_deleted when freeing.
   at: ~Dependency (servers/rendering/storage/utilities.cpp:56)
WARNING: Leaked instance dependency: Bug - did not call instance_notify_deleted when freeing.
   at: ~Dependency (servers/rendering/storage/utilities.cpp:56)
WARNING: Leaked instance dependency: Bug - did not call instance_notify_deleted when freeing.
   at: ~Dependency (servers/rendering/storage/utilities.cpp:56)
WARNING: Leaked instance dependency: Bug - did not call instance_notify_deleted when freeing.
   at: ~Dependency (servers/rendering/storage/utilities.cpp:56)
WARNING: Leaked instance dependency: Bug - did not call instance_notify_deleted when freeing.
   at: ~Dependency (servers/rendering/storage/utilities.cpp:56)
WARNING: Leaked instance dependency: Bug - did not call instance_notify_deleted when freeing.
   at: ~Dependency (servers/rendering/storage/utilities.cpp:56)
WARNING: Leaked instance dependency: Bug - did not call instance_notify_deleted when freeing.
   at: ~Dependency (servers/rendering/storage/utilities.cpp:56)
WARNING: Leaked instance dependency: Bug - did not call instance_notify_deleted when freeing.
   at: ~Dependency (servers/rendering/storage/utilities.cpp:56)
WARNING: Leaked instance dependency: Bug - did not call instance_notify_deleted when freeing.
   at: ~Dependency (servers/rendering/storage/utilities.cpp:56)
WARNING: Leaked instance dependency: Bug - did not call instance_notify_deleted when freeing.
   at: ~Dependency (servers/rendering/storage/utilities.cpp:56)
WARNING: Leaked instance dependency: Bug - did not call instance_notify_deleted when freeing.
   at: ~Dependency (servers/rendering/storage/utilities.cpp:56)
WARNING: Leaked instance dependency: Bug - did not call instance_notify_deleted when freeing.
   at: ~Dependency (servers/rendering/storage/utilities.cpp:56)
WARNING: Leaked instance dependency: Bug - did not call instance_notify_deleted when freeing.
   at: ~Dependency (servers/rendering/storage/utilities.cpp:56)
WARNING: Leaked instance dependency: Bug - did not call instance_notify_deleted when freeing.
   at: ~Dependency (servers/rendering/storage/utilities.cpp:56)
WARNING: Leaked instance dependency: Bug - did not call instance_notify_deleted when freeing.
   at: ~Dependency (servers/rendering/storage/utilities.cpp:56)
WARNING: Leaked instance dependency: Bug - did not call instance_notify_deleted when freeing.
   at: ~Dependency (servers/rendering/storage/utilities.cpp:56)
WARNING: Leaked instance dependency: Bug - did not call instance_notify_deleted when freeing.
   at: ~Dependency (servers/rendering/storage/utilities.cpp:56)
WARNING: Leaked instance dependency: Bug - did not call instance_notify_deleted when freeing.
   at: ~Dependency (servers/rendering/storage/utilities.cpp:56)
WARNING: Leaked instance dependency: Bug - did not call instance_notify_deleted when freeing.
   at: ~Dependency (servers/rendering/storage/utilities.cpp:56)
WARNING: Leaked instance dependency: Bug - did not call instance_notify_deleted when freeing.
   at: ~Dependency (servers/rendering/storage/utilities.cpp:56)
WARNING: Leaked instance dependency: Bug - did not call instance_notify_deleted when freeing.
   at: ~Dependency (servers/rendering/storage/utilities.cpp:56)
WARNING: Leaked instance dependency: Bug - did not call instance_notify_deleted when freeing.
   at: ~Dependency (servers/rendering/storage/utilities.cpp:56)
WARNING: Leaked instance dependency: Bug - did not call instance_notify_deleted when freeing.
   at: ~Dependency (servers/rendering/storage/utilities.cpp:56)
WARNING: Leaked instance dependency: Bug - did not call instance_notify_deleted when freeing.
   at: ~Dependency (servers/rendering/storage/utilities.cpp:56)
WARNING: Leaked instance dependency: Bug - did not call instance_notify_deleted when freeing.
   at: ~Dependency (servers/rendering/storage/utilities.cpp:56)
WARNING: Leaked instance dependency: Bug - did not call instance_notify_deleted when freeing.
   at: ~Dependency (servers/rendering/storage/utilities.cpp:56)
WARNING: Leaked instance dependency: Bug - did not call instance_notify_deleted when freeing.
   at: ~Dependency (servers/rendering/storage/utilities.cpp:56)
WARNING: Leaked instance dependency: Bug - did not call instance_notify_deleted when freeing.
   at: ~Dependency (servers/rendering/storage/utilities.cpp:56)
WARNING: Leaked instance dependency: Bug - did not call instance_notify_deleted when freeing.
   at: ~Dependency (servers/rendering/storage/utilities.cpp:56)
WARNING: Leaked instance dependency: Bug - did not call instance_notify_deleted when freeing.
   at: ~Dependency (servers/rendering/storage/utilities.cpp:56)
WARNING: Leaked instance dependency: Bug - did not call instance_notify_deleted when freeing.
   at: ~Dependency (servers/rendering/storage/utilities.cpp:56)
WARNING: Leaked instance dependency: Bug - did not call instance_notify_deleted when freeing.
   at: ~Dependency (servers/rendering/storage/utilities.cpp:56)
WARNING: Leaked instance dependency: Bug - did not call instance_notify_deleted when freeing.
   at: ~Dependency (servers/rendering/storage/utilities.cpp:56)
WARNING: Leaked instance dependency: Bug - did not call instance_notify_deleted when freeing.
   at: ~Dependency (servers/rendering/storage/utilities.cpp:56)
WARNING: Leaked instance dependency: Bug - did not call instance_notify_deleted when freeing.
   at: ~Dependency (servers/rendering/storage/utilities.cpp:56)
WARNING: Leaked instance dependency: Bug - did not call instance_notify_deleted when freeing.
   at: ~Dependency (servers/rendering/storage/utilities.cpp:56)
WARNING: Leaked instance dependency: Bug - did not call instance_notify_deleted when freeing.
   at: ~Dependency (servers/rendering/storage/utilities.cpp:56)
WARNING: Leaked instance dependency: Bug - did not call instance_notify_deleted when freeing.
   at: ~Dependency (servers/rendering/storage/utilities.cpp:56)
WARNING: Leaked instance dependency: Bug - did not call instance_notify_deleted when freeing.
   at: ~Dependency (servers/rendering/storage/utilities.cpp:56)
WARNING: Leaked instance dependency: Bug - did not call instance_notify_deleted when freeing.
   at: ~Dependency (servers/rendering/storage/utilities.cpp:56)
WARNING: Leaked instance dependency: Bug - did not call instance_notify_deleted when freeing.
   at: ~Dependency (servers/rendering/storage/utilities.cpp:56)
WARNING: Leaked instance dependency: Bug - did not call instance_notify_deleted when freeing.
   at: ~Dependency (servers/rendering/storage/utilities.cpp:56)
WARNING: Leaked instance dependency: Bug - did not call instance_notify_deleted when freeing.
   at: ~Dependency (servers/rendering/storage/utilities.cpp:56)
WARNING: Leaked instance dependency: Bug - did not call instance_notify_deleted when freeing.
   at: ~Dependency (servers/rendering/storage/utilities.cpp:56)
WARNING: Leaked instance dependency: Bug - did not call instance_notify_deleted when freeing.
   at: ~Dependency (servers/rendering/storage/utilities.cpp:56)
WARNING: Leaked instance dependency: Bug - did not call instance_notify_deleted when freeing.
   at: ~Dependency (servers/rendering/storage/utilities.cpp:56)
WARNING: Leaked instance dependency: Bug - did not call instance_notify_deleted when freeing.
   at: ~Dependency (servers/rendering/storage/utilities.cpp:56)
WARNING: Leaked instance dependency: Bug - did not call instance_notify_deleted when freeing.
   at: ~Dependency (servers/rendering/storage/utilities.cpp:56)
WARNING: Leaked instance dependency: Bug - did not call instance_notify_deleted when freeing.
   at: ~Dependency (servers/rendering/storage/utilities.cpp:56)
WARNING: Leaked instance dependency: Bug - did not call instance_notify_deleted when freeing.
   at: ~Dependency (servers/rendering/storage/utilities.cpp:56)
WARNING: Leaked instance dependency: Bug - did not call instance_notify_deleted when freeing.
   at: ~Dependency (servers/rendering/storage/utilities.cpp:56)
WARNING: Leaked instance dependency: Bug - did not call instance_notify_deleted when freeing.
   at: ~Dependency (servers/rendering/storage/utilities.cpp:56)
WARNING: Leaked instance dependency: Bug - did not call instance_notify_deleted when freeing.
   at: ~Dependency (servers/rendering/storage/utilities.cpp:56)
WARNING: Leaked instance dependency: Bug - did not call instance_notify_deleted when freeing.
   at: ~Dependency (servers/rendering/storage/utilities.cpp:56)
WARNING: Leaked instance dependency: Bug - did not call instance_notify_deleted when freeing.
   at: ~Dependency (servers/rendering/storage/utilities.cpp:56)
WARNING: Leaked instance dependency: Bug - did not call instance_notify_deleted when freeing.
   at: ~Dependency (servers/rendering/storage/utilities.cpp:56)
WARNING: Leaked instance dependency: Bug - did not call instance_notify_deleted when freeing.
   at: ~Dependency (servers/rendering/storage/utilities.cpp:56)
WARNING: Leaked instance dependency: Bug - did not call instance_notify_deleted when freeing.
   at: ~Dependency (servers/rendering/storage/utilities.cpp:56)
WARNING: Leaked instance dependency: Bug - did not call instance_notify_deleted when freeing.
   at: ~Dependency (servers/rendering/storage/utilities.cpp:56)
WARNING: Leaked instance dependency: Bug - did not call instance_notify_deleted when freeing.
   at: ~Dependency (servers/rendering/storage/utilities.cpp:56)
WARNING: Leaked instance dependency: Bug - did not call instance_notify_deleted when freeing.
   at: ~Dependency (servers/rendering/storage/utilities.cpp:56)
WARNING: Leaked instance dependency: Bug - did not call instance_notify_deleted when freeing.
   at: ~Dependency (servers/rendering/storage/utilities.cpp:56)
WARNING: Leaked instance dependency: Bug - did not call instance_notify_deleted when freeing.
   at: ~Dependency (servers/rendering/storage/utilities.cpp:56)
WARNING: Leaked instance dependency: Bug - did not call instance_notify_deleted when freeing.
   at: ~Dependency (servers/rendering/storage/utilities.cpp:56)
WARNING: Leaked instance dependency: Bug - did not call instance_notify_deleted when freeing.
   at: ~Dependency (servers/rendering/storage/utilities.cpp:56)
WARNING: Leaked instance dependency: Bug - did not call instance_notify_deleted when freeing.
   at: ~Dependency (servers/rendering/storage/utilities.cpp:56)
WARNING: Leaked instance dependency: Bug - did not call instance_notify_deleted when freeing.
   at: ~Dependency (servers/rendering/storage/utilities.cpp:56)
WARNING: Leaked instance dependency: Bug - did not call instance_notify_deleted when freeing.
   at: ~Dependency (servers/rendering/storage/utilities.cpp:56)
WARNING: Leaked instance dependency: Bug - did not call instance_notify_deleted when freeing.
   at: ~Dependency (servers/rendering/storage/utilities.cpp:56)
WARNING: Leaked instance dependency: Bug - did not call instance_notify_deleted when freeing.
   at: ~Dependency (servers/rendering/storage/utilities.cpp:56)
WARNING: Leaked instance dependency: Bug - did not call instance_notify_deleted when freeing.
   at: ~Dependency (servers/rendering/storage/utilities.cpp:56)
WARNING: Leaked instance dependency: Bug - did not call instance_notify_deleted when freeing.
   at: ~Dependency (servers/rendering/storage/utilities.cpp:56)
WARNING: Leaked instance dependency: Bug - did not call instance_notify_deleted when freeing.
   at: ~Dependency (servers/rendering/storage/utilities.cpp:56)
WARNING: Leaked instance dependency: Bug - did not call instance_notify_deleted when freeing.
   at: ~Dependency (servers/rendering/storage/utilities.cpp:56)
WARNING: Leaked instance dependency: Bug - did not call instance_notify_deleted when freeing.
   at: ~Dependency (servers/rendering/storage/utilities.cpp:56)
WARNING: Leaked instance dependency: Bug - did not call instance_notify_deleted when freeing.
   at: ~Dependency (servers/rendering/storage/utilities.cpp:56)
WARNING: Leaked instance dependency: Bug - did not call instance_notify_deleted when freeing.
   at: ~Dependency (servers/rendering/storage/utilities.cpp:56)
WARNING: Leaked instance dependency: Bug - did not call instance_notify_deleted when freeing.
   at: ~Dependency (servers/rendering/storage/utilities.cpp:56)
WARNING: Leaked instance dependency: Bug - did not call instance_notify_deleted when freeing.
   at: ~Dependency (servers/rendering/storage/utilities.cpp:56)
WARNING: Leaked instance dependency: Bug - did not call instance_notify_deleted when freeing.
   at: ~Dependency (servers/rendering/storage/utilities.cpp:56)
WARNING: Leaked instance dependency: Bug - did not call instance_notify_deleted when freeing.
   at: ~Dependency (servers/rendering/storage/utilities.cpp:56)
WARNING: Leaked instance dependency: Bug - did not call instance_notify_deleted when freeing.
   at: ~Dependency (servers/rendering/storage/utilities.cpp:56)
WARNING: Leaked instance dependency: Bug - did not call instance_notify_deleted when freeing.
   at: ~Dependency (servers/rendering/storage/utilities.cpp:56)
WARNING: Leaked instance dependency: Bug - did not call instance_notify_deleted when freeing.
   at: ~Dependency (servers/rendering/storage/utilities.cpp:56)
WARNING: Leaked instance dependency: Bug - did not call instance_notify_deleted when freeing.
   at: ~Dependency (servers/rendering/storage/utilities.cpp:56)
WARNING: Leaked instance dependency: Bug - did not call instance_notify_deleted when freeing.
   at: ~Dependency (servers/rendering/storage/utilities.cpp:56)
WARNING: Leaked instance dependency: Bug - did not call instance_notify_deleted when freeing.
   at: ~Dependency (servers/rendering/storage/utilities.cpp:56)
WARNING: Leaked instance dependency: Bug - did not call instance_notify_deleted when freeing.
   at: ~Dependency (servers/rendering/storage/utilities.cpp:56)
WARNING: Leaked instance dependency: Bug - did not call instance_notify_deleted when freeing.
   at: ~Dependency (servers/rendering/storage/utilities.cpp:56)
WARNING: Leaked instance dependency: Bug - did not call instance_notify_deleted when freeing.
   at: ~Dependency (servers/rendering/storage/utilities.cpp:56)
WARNING: Leaked instance dependency: Bug - did not call instance_notify_deleted when freeing.
   at: ~Dependency (servers/rendering/storage/utilities.cpp:56)
WARNING: Leaked instance dependency: Bug - did not call instance_notify_deleted when freeing.
   at: ~Dependency (servers/rendering/storage/utilities.cpp:56)
WARNING: Leaked instance dependency: Bug - did not call instance_notify_deleted when freeing.
   at: ~Dependency (servers/rendering/storage/utilities.cpp:56)
WARNING: Leaked instance dependency: Bug - did not call instance_notify_deleted when freeing.
   at: ~Dependency (servers/rendering/storage/utilities.cpp:56)
WARNING: Leaked instance dependency: Bug - did not call instance_notify_deleted when freeing.
   at: ~Dependency (servers/rendering/storage/utilities.cpp:56)
WARNING: Leaked instance dependency: Bug - did not call instance_notify_deleted when freeing.
   at: ~Dependency (servers/rendering/storage/utilities.cpp:56)
WARNING: Leaked instance dependency: Bug - did not call instance_notify_deleted when freeing.
   at: ~Dependency (servers/rendering/storage/utilities.cpp:56)
WARNING: Leaked instance dependency: Bug - did not call instance_notify_deleted when freeing.
   at: ~Dependency (servers/rendering/storage/utilities.cpp:56)
WARNING: Leaked instance dependency: Bug - did not call instance_notify_deleted when freeing.
   at: ~Dependency (servers/rendering/storage/utilities.cpp:56)
WARNING: Leaked instance dependency: Bug - did not call instance_notify_deleted when freeing.
   at: ~Dependency (servers/rendering/storage/utilities.cpp:56)
WARNING: Leaked instance dependency: Bug - did not call instance_notify_deleted when freeing.
   at: ~Dependency (servers/rendering/storage/utilities.cpp:56)
WARNING: Leaked instance dependency: Bug - did not call instance_notify_deleted when freeing.
   at: ~Dependency (servers/rendering/storage/utilities.cpp:56)
WARNING: Leaked instance dependency: Bug - did not call instance_notify_deleted when freeing.
   at: ~Dependency (servers/rendering/storage/utilities.cpp:56)
WARNING: Leaked instance dependency: Bug - did not call instance_notify_deleted when freeing.
   at: ~Dependency (servers/rendering/storage/utilities.cpp:56)
WARNING: Leaked instance dependency: Bug - did not call instance_notify_deleted when freeing.
   at: ~Dependency (servers/rendering/storage/utilities.cpp:56)
WARNING: Leaked instance dependency: Bug - did not call instance_notify_deleted when freeing.
   at: ~Dependency (servers/rendering/storage/utilities.cpp:56)
WARNING: Leaked instance dependency: Bug - did not call instance_notify_deleted when freeing.
   at: ~Dependency (servers/rendering/storage/utilities.cpp:56)
WARNING: Leaked instance dependency: Bug - did not call instance_notify_deleted when freeing.
   at: ~Dependency (servers/rendering/storage/utilities.cpp:56)
WARNING: Leaked instance dependency: Bug - did not call instance_notify_deleted when freeing.
   at: ~Dependency (servers/rendering/storage/utilities.cpp:56)
WARNING: Leaked instance dependency: Bug - did not call instance_notify_deleted when freeing.
   at: ~Dependency (servers/rendering/storage/utilities.cpp:56)
WARNING: Leaked instance dependency: Bug - did not call instance_notify_deleted when freeing.
   at: ~Dependency (servers/rendering/storage/utilities.cpp:56)
WARNING: Leaked instance dependency: Bug - did not call instance_notify_deleted when freeing.
   at: ~Dependency (servers/rendering/storage/utilities.cpp:56)
WARNING: Leaked instance dependency: Bug - did not call instance_notify_deleted when freeing.
   at: ~Dependency (servers/rendering/storage/utilities.cpp:56)
WARNING: Leaked instance dependency: Bug - did not call instance_notify_deleted when freeing.
   at: ~Dependency (servers/rendering/storage/utilities.cpp:56)
WARNING: Leaked instance dependency: Bug - did not call instance_notify_deleted when freeing.
   at: ~Dependency (servers/rendering/storage/utilities.cpp:56)
WARNING: Leaked instance dependency: Bug - did not call instance_notify_deleted when freeing.
   at: ~Dependency (servers/rendering/storage/utilities.cpp:56)
WARNING: Leaked instance dependency: Bug - did not call instance_notify_deleted when freeing.
   at: ~Dependency (servers/rendering/storage/utilities.cpp:56)
WARNING: Leaked instance dependency: Bug - did not call instance_notify_deleted when freeing.
   at: ~Dependency (servers/rendering/storage/utilities.cpp:56)
WARNING: Leaked instance dependency: Bug - did not call instance_notify_deleted when freeing.
   at: ~Dependency (servers/rendering/storage/utilities.cpp:56)
WARNING: Leaked instance dependency: Bug - did not call instance_notify_deleted when freeing.
   at: ~Dependency (servers/rendering/storage/utilities.cpp:56)
WARNING: Leaked instance dependency: Bug - did not call instance_notify_deleted when freeing.
   at: ~Dependency (servers/rendering/storage/utilities.cpp:56)
WARNING: Leaked instance dependency: Bug - did not call instance_notify_deleted when freeing.
   at: ~Dependency (servers/rendering/storage/utilities.cpp:56)
WARNING: Leaked instance dependency: Bug - did not call instance_notify_deleted when freeing.
   at: ~Dependency (servers/rendering/storage/utilities.cpp:56)
WARNING: Leaked instance dependency: Bug - did not call instance_notify_deleted when freeing.
   at: ~Dependency (servers/rendering/storage/utilities.cpp:56)
WARNING: Leaked instance dependency: Bug - did not call instance_notify_deleted when freeing.
   at: ~Dependency (servers/rendering/storage/utilities.cpp:56)
WARNING: Leaked instance dependency: Bug - did not call instance_notify_deleted when freeing.
   at: ~Dependency (servers/rendering/storage/utilities.cpp:56)
WARNING: Leaked instance dependency: Bug - did not call instance_notify_deleted when freeing.
   at: ~Dependency (servers/rendering/storage/utilities.cpp:56)
WARNING: Leaked instance dependency: Bug - did not call instance_notify_deleted when freeing.
   at: ~Dependency (servers/rendering/storage/utilities.cpp:56)
WARNING: Leaked instance dependency: Bug - did not call instance_notify_deleted when freeing.
   at: ~Dependency (servers/rendering/storage/utilities.cpp:56)
WARNING: Leaked instance dependency: Bug - did not call instance_notify_deleted when freeing.
   at: ~Dependency (servers/rendering/storage/utilities.cpp:56)
WARNING: Leaked instance dependency: Bug - did not call instance_notify_deleted when freeing.
   at: ~Dependency (servers/rendering/storage/utilities.cpp:56)
WARNING: Leaked instance dependency: Bug - did not call instance_notify_deleted when freeing.
   at: ~Dependency (servers/rendering/storage/utilities.cpp:56)
WARNING: Leaked instance dependency: Bug - did not call instance_notify_deleted when freeing.
   at: ~Dependency (servers/rendering/storage/utilities.cpp:56)
WARNING: Leaked instance dependency: Bug - did not call instance_notify_deleted when freeing.
   at: ~Dependency (servers/rendering/storage/utilities.cpp:56)
WARNING: Leaked instance dependency: Bug - did not call instance_notify_deleted when freeing.
   at: ~Dependency (servers/rendering/storage/utilities.cpp:56)
WARNING: Leaked instance dependency: Bug - did not call instance_notify_deleted when freeing.
   at: ~Dependency (servers/rendering/storage/utilities.cpp:56)
WARNING: Leaked instance dependency: Bug - did not call instance_notify_deleted when freeing.
   at: ~Dependency (servers/rendering/storage/utilities.cpp:56)
WARNING: Leaked instance dependency: Bug - did not call instance_notify_deleted when freeing.
   at: ~Dependency (servers/rendering/storage/utilities.cpp:56)
WARNING: Leaked instance dependency: Bug - did not call instance_notify_deleted when freeing.
   at: ~Dependency (servers/rendering/storage/utilities.cpp:56)
WARNING: Leaked instance dependency: Bug - did not call instance_notify_deleted when freeing.
   at: ~Dependency (servers/rendering/storage/utilities.cpp:56)
WARNING: Leaked instance dependency: Bug - did not call instance_notify_deleted when freeing.
   at: ~Dependency (servers/rendering/storage/utilities.cpp:56)
WARNING: Leaked instance dependency: Bug - did not call instance_notify_deleted when freeing.
   at: ~Dependency (servers/rendering/storage/utilities.cpp:56)
WARNING: Leaked instance dependency: Bug - did not call instance_notify_deleted when freeing.
   at: ~Dependency (servers/rendering/storage/utilities.cpp:56)
WARNING: Leaked instance dependency: Bug - did not call instance_notify_deleted when freeing.
   at: ~Dependency (servers/rendering/storage/utilities.cpp:56)
WARNING: Leaked instance dependency: Bug - did not call instance_notify_deleted when freeing.
   at: ~Dependency (servers/rendering/storage/utilities.cpp:56)
WARNING: Leaked instance dependency: Bug - did not call instance_notify_deleted when freeing.
   at: ~Dependency (servers/rendering/storage/utilities.cpp:56)
WARNING: Leaked instance dependency: Bug - did not call instance_notify_deleted when freeing.
   at: ~Dependency (servers/rendering/storage/utilities.cpp:56)
WARNING: Leaked instance dependency: Bug - did not call instance_notify_deleted when freeing.
   at: ~Dependency (servers/rendering/storage/utilities.cpp:56)
WARNING: Leaked instance dependency: Bug - did not call instance_notify_deleted when freeing.
   at: ~Dependency (servers/rendering/storage/utilities.cpp:56)
WARNING: Leaked instance dependency: Bug - did not call instance_notify_deleted when freeing.
   at: ~Dependency (servers/rendering/storage/utilities.cpp:56)
WARNING: Leaked instance dependency: Bug - did not call instance_notify_deleted when freeing.
   at: ~Dependency (servers/rendering/storage/utilities.cpp:56)
WARNING: Leaked instance dependency: Bug - did not call instance_notify_deleted when freeing.
   at: ~Dependency (servers/rendering/storage/utilities.cpp:56)
WARNING: Leaked instance dependency: Bug - did not call instance_notify_deleted when freeing.
   at: ~Dependency (servers/rendering/storage/utilities.cpp:56)
WARNING: Leaked instance dependency: Bug - did not call instance_notify_deleted when freeing.
   at: ~Dependency (servers/rendering/storage/utilities.cpp:56)
WARNING: Leaked instance dependency: Bug - did not call instance_notify_deleted when freeing.
   at: ~Dependency (servers/rendering/storage/utilities.cpp:56)
WARNING: Leaked instance dependency: Bug - did not call instance_notify_deleted when freeing.
   at: ~Dependency (servers/rendering/storage/utilities.cpp:56)
WARNING: Leaked instance dependency: Bug - did not call instance_notify_deleted when freeing.
   at: ~Dependency (servers/rendering/storage/utilities.cpp:56)
WARNING: Leaked instance dependency: Bug - did not call instance_notify_deleted when freeing.
   at: ~Dependency (servers/rendering/storage/utilities.cpp:56)
WARNING: Leaked instance dependency: Bug - did not call instance_notify_deleted when freeing.
   at: ~Dependency (servers/rendering/storage/utilities.cpp:56)
WARNING: Leaked instance dependency: Bug - did not call instance_notify_deleted when freeing.
   at: ~Dependency (servers/rendering/storage/utilities.cpp:56)
WARNING: Leaked instance dependency: Bug - did not call instance_notify_deleted when freeing.
   at: ~Dependency (servers/rendering/storage/utilities.cpp:56)
WARNING: Leaked instance dependency: Bug - did not call instance_notify_deleted when freeing.
   at: ~Dependency (servers/rendering/storage/utilities.cpp:56)
WARNING: Leaked instance dependency: Bug - did not call instance_notify_deleted when freeing.
   at: ~Dependency (servers/rendering/storage/utilities.cpp:56)
WARNING: Leaked instance dependency: Bug - did not call instance_notify_deleted when freeing.
   at: ~Dependency (servers/rendering/storage/utilities.cpp:56)
WARNING: Leaked instance dependency: Bug - did not call instance_notify_deleted when freeing.
   at: ~Dependency (servers/rendering/storage/utilities.cpp:56)
WARNING: Leaked instance dependency: Bug - did not call instance_notify_deleted when freeing.
   at: ~Dependency (servers/rendering/storage/utilities.cpp:56)
WARNING: Leaked instance dependency: Bug - did not call instance_notify_deleted when freeing.
   at: ~Dependency (servers/rendering/storage/utilities.cpp:56)
WARNING: Leaked instance dependency: Bug - did not call instance_notify_deleted when freeing.
   at: ~Dependency (servers/rendering/storage/utilities.cpp:56)
WARNING: Leaked instance dependency: Bug - did not call instance_notify_deleted when freeing.
   at: ~Dependency (servers/rendering/storage/utilities.cpp:56)
WARNING: Leaked instance dependency: Bug - did not call instance_notify_deleted when freeing.
   at: ~Dependency (servers/rendering/storage/utilities.cpp:56)
WARNING: Leaked instance dependency: Bug - did not call instance_notify_deleted when freeing.
   at: ~Dependency (servers/rendering/storage/utilities.cpp:56)
WARNING: Leaked instance dependency: Bug - did not call instance_notify_deleted when freeing.
   at: ~Dependency (servers/rendering/storage/utilities.cpp:56)
WARNING: Leaked instance dependency: Bug - did not call instance_notify_deleted when freeing.
   at: ~Dependency (servers/rendering/storage/utilities.cpp:56)
WARNING: Leaked instance dependency: Bug - did not call instance_notify_deleted when freeing.
   at: ~Dependency (servers/rendering/storage/utilities.cpp:56)
WARNING: Leaked instance dependency: Bug - did not call instance_notify_deleted when freeing.
   at: ~Dependency (servers/rendering/storage/utilities.cpp:56)
WARNING: Leaked instance dependency: Bug - did not call instance_notify_deleted when freeing.
   at: ~Dependency (servers/rendering/storage/utilities.cpp:56)
WARNING: Leaked instance dependency: Bug - did not call instance_notify_deleted when freeing.
   at: ~Dependency (servers/rendering/storage/utilities.cpp:56)
WARNING: Leaked instance dependency: Bug - did not call instance_notify_deleted when freeing.
   at: ~Dependency (servers/rendering/storage/utilities.cpp:56)
WARNING: Leaked instance dependency: Bug - did not call instance_notify_deleted when freeing.
   at: ~Dependency (servers/rendering/storage/utilities.cpp:56)
WARNING: Leaked instance dependency: Bug - did not call instance_notify_deleted when freeing.
   at: ~Dependency (servers/rendering/storage/utilities.cpp:56)
WARNING: Leaked instance dependency: Bug - did not call instance_notify_deleted when freeing.
   at: ~Dependency (servers/rendering/storage/utilities.cpp:56)
WARNING: Leaked instance dependency: Bug - did not call instance_notify_deleted when freeing.
   at: ~Dependency (servers/rendering/storage/utilities.cpp:56)
WARNING: Leaked instance dependency: Bug - did not call instance_notify_deleted when freeing.
   at: ~Dependency (servers/rendering/storage/utilities.cpp:56)
WARNING: Leaked instance dependency: Bug - did not call instance_notify_deleted when freeing.
   at: ~Dependency (servers/rendering/storage/utilities.cpp:56)
WARNING: Leaked instance dependency: Bug - did not call instance_notify_deleted when freeing.
   at: ~Dependency (servers/rendering/storage/utilities.cpp:56)
WARNING: Leaked instance dependency: Bug - did not call instance_notify_deleted when freeing.
   at: ~Dependency (servers/rendering/storage/utilities.cpp:56)
WARNING: Leaked instance dependency: Bug - did not call instance_notify_deleted when freeing.
   at: ~Dependency (servers/rendering/storage/utilities.cpp:56)
WARNING: Leaked instance dependency: Bug - did not call instance_notify_deleted when freeing.
   at: ~Dependency (servers/rendering/storage/utilities.cpp:56)
WARNING: Leaked instance dependency: Bug - did not call instance_notify_deleted when freeing.
   at: ~Dependency (servers/rendering/storage/utilities.cpp:56)
WARNING: Leaked instance dependency: Bug - did not call instance_notify_deleted when freeing.
   at: ~Dependency (servers/rendering/storage/utilities.cpp:56)
WARNING: Leaked instance dependency: Bug - did not call instance_notify_deleted when freeing.
   at: ~Dependency (servers/rendering/storage/utilities.cpp:56)
WARNING: Leaked instance dependency: Bug - did not call instance_notify_deleted when freeing.
   at: ~Dependency (servers/rendering/storage/utilities.cpp:56)
WARNING: Leaked instance dependency: Bug - did not call instance_notify_deleted when freeing.
   at: ~Dependency (servers/rendering/storage/utilities.cpp:56)
WARNING: Leaked instance dependency: Bug - did not call instance_notify_deleted when freeing.
   at: ~Dependency (servers/rendering/storage/utilities.cpp:56)
WARNING: Leaked instance dependency: Bug - did not call instance_notify_deleted when freeing.
   at: ~Dependency (servers/rendering/storage/utilities.cpp:56)
WARNING: Leaked instance dependency: Bug - did not call instance_notify_deleted when freeing.
   at: ~Dependency (servers/rendering/storage/utilities.cpp:56)
WARNING: Leaked instance dependency: Bug - did not call instance_notify_deleted when freeing.
   at: ~Dependency (servers/rendering/storage/utilities.cpp:56)
WARNING: Leaked instance dependency: Bug - did not call instance_notify_deleted when freeing.
   at: ~Dependency (servers/rendering/storage/utilities.cpp:56)
WARNING: Leaked instance dependency: Bug - did not call instance_notify_deleted when freeing.
   at: ~Dependency (servers/rendering/storage/utilities.cpp:56)
WARNING: Leaked instance dependency: Bug - did not call instance_notify_deleted when freeing.
   at: ~Dependency (servers/rendering/storage/utilities.cpp:56)
WARNING: Leaked instance dependency: Bug - did not call instance_notify_deleted when freeing.
   at: ~Dependency (servers/rendering/storage/utilities.cpp:56)
WARNING: Leaked instance dependency: Bug - did not call instance_notify_deleted when freeing.
   at: ~Dependency (servers/rendering/storage/utilities.cpp:56)
WARNING: Leaked instance dependency: Bug - did not call instance_notify_deleted when freeing.
   at: ~Dependency (servers/rendering/storage/utilities.cpp:56)
WARNING: Leaked instance dependency: Bug - did not call instance_notify_deleted when freeing.
   at: ~Dependency (servers/rendering/storage/utilities.cpp:56)
WARNING: Leaked instance dependency: Bug - did not call instance_notify_deleted when freeing.
   at: ~Dependency (servers/rendering/storage/utilities.cpp:56)
WARNING: Leaked instance dependency: Bug - did not call instance_notify_deleted when freeing.
   at: ~Dependency (servers/rendering/storage/utilities.cpp:56)
WARNING: Leaked instance dependency: Bug - did not call instance_notify_deleted when freeing.
   at: ~Dependency (servers/rendering/storage/utilities.cpp:56)
WARNING: Leaked instance dependency: Bug - did not call instance_notify_deleted when freeing.
   at: ~Dependency (servers/rendering/storage/utilities.cpp:56)
WARNING: Leaked instance dependency: Bug - did not call instance_notify_deleted when freeing.
   at: ~Dependency (servers/rendering/storage/utilities.cpp:56)
WARNING: Leaked instance dependency: Bug - did not call instance_notify_deleted when freeing.
   at: ~Dependency (servers/rendering/storage/utilities.cpp:56)
WARNING: Leaked instance dependency: Bug - did not call instance_notify_deleted when freeing.
   at: ~Dependency (servers/rendering/storage/utilities.cpp:56)
WARNING: Leaked instance dependency: Bug - did not call instance_notify_deleted when freeing.
   at: ~Dependency (servers/rendering/storage/utilities.cpp:56)
WARNING: Leaked instance dependency: Bug - did not call instance_notify_deleted when freeing.
   at: ~Dependency (servers/rendering/storage/utilities.cpp:56)
WARNING: Leaked instance dependency: Bug - did not call instance_notify_deleted when freeing.
   at: ~Dependency (servers/rendering/storage/utilities.cpp:56)
WARNING: Leaked instance dependency: Bug - did not call instance_notify_deleted when freeing.
   at: ~Dependency (servers/rendering/storage/utilities.cpp:56)
WARNING: Leaked instance dependency: Bug - did not call instance_notify_deleted when freeing.
   at: ~Dependency (servers/rendering/storage/utilities.cpp:56)
WARNING: Leaked instance dependency: Bug - did not call instance_notify_deleted when freeing.
   at: ~Dependency (servers/rendering/storage/utilities.cpp:56)
WARNING: Leaked instance dependency: Bug - did not call instance_notify_deleted when freeing.
   at: ~Dependency (servers/rendering/storage/utilities.cpp:56)
WARNING: Leaked instance dependency: Bug - did not call instance_notify_deleted when freeing.
   at: ~Dependency (servers/rendering/storage/utilities.cpp:56)
WARNING: Leaked instance dependency: Bug - did not call instance_notify_deleted when freeing.
   at: ~Dependency (servers/rendering/storage/utilities.cpp:56)
WARNING: Leaked instance dependency: Bug - did not call instance_notify_deleted when freeing.
   at: ~Dependency (servers/rendering/storage/utilities.cpp:56)
WARNING: Leaked instance dependency: Bug - did not call instance_notify_deleted when freeing.
   at: ~Dependency (servers/rendering/storage/utilities.cpp:56)
WARNING: Leaked instance dependency: Bug - did not call instance_notify_deleted when freeing.
   at: ~Dependency (servers/rendering/storage/utilities.cpp:56)
WARNING: Leaked instance dependency: Bug - did not call instance_notify_deleted when freeing.
   at: ~Dependency (servers/rendering/storage/utilities.cpp:56)
WARNING: Leaked instance dependency: Bug - did not call instance_notify_deleted when freeing.
   at: ~Dependency (servers/rendering/storage/utilities.cpp:56)
WARNING: Leaked instance dependency: Bug - did not call instance_notify_deleted when freeing.
   at: ~Dependency (servers/rendering/storage/utilities.cpp:56)
WARNING: Leaked instance dependency: Bug - did not call instance_notify_deleted when freeing.
   at: ~Dependency (servers/rendering/storage/utilities.cpp:56)
WARNING: Leaked instance dependency: Bug - did not call instance_notify_deleted when freeing.
   at: ~Dependency (servers/rendering/storage/utilities.cpp:56)
WARNING: Leaked instance dependency: Bug - did not call instance_notify_deleted when freeing.
   at: ~Dependency (servers/rendering/storage/utilities.cpp:56)
WARNING: Leaked instance dependency: Bug - did not call instance_notify_deleted when freeing.
   at: ~Dependency (servers/rendering/storage/utilities.cpp:56)
WARNING: Leaked instance dependency: Bug - did not call instance_notify_deleted when freeing.
   at: ~Dependency (servers/rendering/storage/utilities.cpp:56)
WARNING: Leaked instance dependency: Bug - did not call instance_notify_deleted when freeing.
   at: ~Dependency (servers/rendering/storage/utilities.cpp:56)
WARNING: Leaked instance dependency: Bug - did not call instance_notify_deleted when freeing.
   at: ~Dependency (servers/rendering/storage/utilities.cpp:56)
WARNING: Leaked instance dependency: Bug - did not call instance_notify_deleted when freeing.
   at: ~Dependency (servers/rendering/storage/utilities.cpp:56)
WARNING: Leaked instance dependency: Bug - did not call instance_notify_deleted when freeing.
   at: ~Dependency (servers/rendering/storage/utilities.cpp:56)
WARNING: Leaked instance dependency: Bug - did not call instance_notify_deleted when freeing.
   at: ~Dependency (servers/rendering/storage/utilities.cpp:56)
WARNING: Leaked instance dependency: Bug - did not call instance_notify_deleted when freeing.
   at: ~Dependency (servers/rendering/storage/utilities.cpp:56)
WARNING: Leaked instance dependency: Bug - did not call instance_notify_deleted when freeing.
   at: ~Dependency (servers/rendering/storage/utilities.cpp:56)
WARNING: Leaked instance dependency: Bug - did not call instance_notify_deleted when freeing.
   at: ~Dependency (servers/rendering/storage/utilities.cpp:56)
WARNING: Leaked instance dependency: Bug - did not call instance_notify_deleted when freeing.
   at: ~Dependency (servers/rendering/storage/utilities.cpp:56)
WARNING: Leaked instance dependency: Bug - did not call instance_notify_deleted when freeing.
   at: ~Dependency (servers/rendering/storage/utilities.cpp:56)
WARNING: Leaked instance dependency: Bug - did not call instance_notify_deleted when freeing.
   at: ~Dependency (servers/rendering/storage/utilities.cpp:56)
WARNING: Leaked instance dependency: Bug - did not call instance_notify_deleted when freeing.
   at: ~Dependency (servers/rendering/storage/utilities.cpp:56)
WARNING: Leaked instance dependency: Bug - did not call instance_notify_deleted when freeing.
   at: ~Dependency (servers/rendering/storage/utilities.cpp:56)
WARNING: Leaked instance dependency: Bug - did not call instance_notify_deleted when freeing.
   at: ~Dependency (servers/rendering/storage/utilities.cpp:56)
WARNING: Leaked instance dependency: Bug - did not call instance_notify_deleted when freeing.
   at: ~Dependency (servers/rendering/storage/utilities.cpp:56)
WARNING: Leaked instance dependency: Bug - did not call instance_notify_deleted when freeing.
   at: ~Dependency (servers/rendering/storage/utilities.cpp:56)
WARNING: Leaked instance dependency: Bug - did not call instance_notify_deleted when freeing.
   at: ~Dependency (servers/rendering/storage/utilities.cpp:56)
WARNING: Leaked instance dependency: Bug - did not call instance_notify_deleted when freeing.
   at: ~Dependency (servers/rendering/storage/utilities.cpp:56)
WARNING: Leaked instance dependency: Bug - did not call instance_notify_deleted when freeing.
   at: ~Dependency (servers/rendering/storage/utilities.cpp:56)
WARNING: Leaked instance dependency: Bug - did not call instance_notify_deleted when freeing.
   at: ~Dependency (servers/rendering/storage/utilities.cpp:56)
WARNING: Leaked instance dependency: Bug - did not call instance_notify_deleted when freeing.
   at: ~Dependency (servers/rendering/storage/utilities.cpp:56)
WARNING: Leaked instance dependency: Bug - did not call instance_notify_deleted when freeing.
   at: ~Dependency (servers/rendering/storage/utilities.cpp:56)
WARNING: Leaked instance dependency: Bug - did not call instance_notify_deleted when freeing.
   at: ~Dependency (servers/rendering/storage/utilities.cpp:56)
WARNING: Leaked instance dependency: Bug - did not call instance_notify_deleted when freeing.
   at: ~Dependency (servers/rendering/storage/utilities.cpp:56)
WARNING: Leaked instance dependency: Bug - did not call instance_notify_deleted when freeing.
   at: ~Dependency (servers/rendering/storage/utilities.cpp:56)
WARNING: Leaked instance dependency: Bug - did not call instance_notify_deleted when freeing.
   at: ~Dependency (servers/rendering/storage/utilities.cpp:56)
WARNING: Leaked instance dependency: Bug - did not call instance_notify_deleted when freeing.
   at: ~Dependency (servers/rendering/storage/utilities.cpp:56)
WARNING: Leaked instance dependency: Bug - did not call instance_notify_deleted when freeing.
   at: ~Dependency (servers/rendering/storage/utilities.cpp:56)
WARNING: Leaked instance dependency: Bug - did not call instance_notify_deleted when freeing.
   at: ~Dependency (servers/rendering/storage/utilities.cpp:56)
WARNING: Leaked instance dependency: Bug - did not call instance_notify_deleted when freeing.
   at: ~Dependency (servers/rendering/storage/utilities.cpp:56)
WARNING: Leaked instance dependency: Bug - did not call instance_notify_deleted when freeing.
   at: ~Dependency (servers/rendering/storage/utilities.cpp:56)
WARNING: Leaked instance dependency: Bug - did not call instance_notify_deleted when freeing.
   at: ~Dependency (servers/rendering/storage/utilities.cpp:56)
WARNING: Leaked instance dependency: Bug - did not call instance_notify_deleted when freeing.
   at: ~Dependency (servers/rendering/storage/utilities.cpp:56)
WARNING: Leaked instance dependency: Bug - did not call instance_notify_deleted when freeing.
   at: ~Dependency (servers/rendering/storage/utilities.cpp:56)
WARNING: Leaked instance dependency: Bug - did not call instance_notify_deleted when freeing.
   at: ~Dependency (servers/rendering/storage/utilities.cpp:56)
WARNING: Leaked instance dependency: Bug - did not call instance_notify_deleted when freeing.
   at: ~Dependency (servers/rendering/storage/utilities.cpp:56)
WARNING: Leaked instance dependency: Bug - did not call instance_notify_deleted when freeing.
   at: ~Dependency (servers/rendering/storage/utilities.cpp:56)
WARNING: Leaked instance dependency: Bug - did not call instance_notify_deleted when freeing.
   at: ~Dependency (servers/rendering/storage/utilities.cpp:56)
WARNING: Leaked instance dependency: Bug - did not call instance_notify_deleted when freeing.
   at: ~Dependency (servers/rendering/storage/utilities.cpp:56)
WARNING: Leaked instance dependency: Bug - did not call instance_notify_deleted when freeing.
   at: ~Dependency (servers/rendering/storage/utilities.cpp:56)
WARNING: Leaked instance dependency: Bug - did not call instance_notify_deleted when freeing.
   at: ~Dependency (servers/rendering/storage/utilities.cpp:56)
WARNING: Leaked instance dependency: Bug - did not call instance_notify_deleted when freeing.
   at: ~Dependency (servers/rendering/storage/utilities.cpp:56)
WARNING: Leaked instance dependency: Bug - did not call instance_notify_deleted when freeing.
   at: ~Dependency (servers/rendering/storage/utilities.cpp:56)
WARNING: Leaked instance dependency: Bug - did not call instance_notify_deleted when freeing.
   at: ~Dependency (servers/rendering/storage/utilities.cpp:56)
WARNING: Leaked instance dependency: Bug - did not call instance_notify_deleted when freeing.
   at: ~Dependency (servers/rendering/storage/utilities.cpp:56)
WARNING: Leaked instance dependency: Bug - did not call instance_notify_deleted when freeing.
   at: ~Dependency (servers/rendering/storage/utilities.cpp:56)
WARNING: Leaked instance dependency: Bug - did not call instance_notify_deleted when freeing.
   at: ~Dependency (servers/rendering/storage/utilities.cpp:56)
WARNING: Leaked instance dependency: Bug - did not call instance_notify_deleted when freeing.
   at: ~Dependency (servers/rendering/storage/utilities.cpp:56)
WARNING: Leaked instance dependency: Bug - did not call instance_notify_deleted when freeing.
   at: ~Dependency (servers/rendering/storage/utilities.cpp:56)
WARNING: Leaked instance dependency: Bug - did not call instance_notify_deleted when freeing.
   at: ~Dependency (servers/rendering/storage/utilities.cpp:56)
WARNING: Leaked instance dependency: Bug - did not call instance_notify_deleted when freeing.
   at: ~Dependency (servers/rendering/storage/utilities.cpp:56)
WARNING: Leaked instance dependency: Bug - did not call instance_notify_deleted when freeing.
   at: ~Dependency (servers/rendering/storage/utilities.cpp:56)
WARNING: Leaked instance dependency: Bug - did not call instance_notify_deleted when freeing.
   at: ~Dependency (servers/rendering/storage/utilities.cpp:56)
WARNING: Leaked instance dependency: Bug - did not call instance_notify_deleted when freeing.
   at: ~Dependency (servers/rendering/storage/utilities.cpp:56)
WARNING: Leaked instance dependency: Bug - did not call instance_notify_deleted when freeing.
   at: ~Dependency (servers/rendering/storage/utilities.cpp:56)
WARNING: Leaked instance dependency: Bug - did not call instance_notify_deleted when freeing.
   at: ~Dependency (servers/rendering/storage/utilities.cpp:56)
WARNING: Leaked instance dependency: Bug - did not call instance_notify_deleted when freeing.
   at: ~Dependency (servers/rendering/storage/utilities.cpp:56)
WARNING: Leaked instance dependency: Bug - did not call instance_notify_deleted when freeing.
   at: ~Dependency (servers/rendering/storage/utilities.cpp:56)
WARNING: Leaked instance dependency: Bug - did not call instance_notify_deleted when freeing.
   at: ~Dependency (servers/rendering/storage/utilities.cpp:56)
WARNING: Leaked instance dependency: Bug - did not call instance_notify_deleted when freeing.
   at: ~Dependency (servers/rendering/storage/utilities.cpp:56)
WARNING: Leaked instance dependency: Bug - did not call instance_notify_deleted when freeing.
   at: ~Dependency (servers/rendering/storage/utilities.cpp:56)
WARNING: Leaked instance dependency: Bug - did not call instance_notify_deleted when freeing.
   at: ~Dependency (servers/rendering/storage/utilities.cpp:56)
WARNING: Leaked instance dependency: Bug - did not call instance_notify_deleted when freeing.
   at: ~Dependency (servers/rendering/storage/utilities.cpp:56)
WARNING: Leaked instance dependency: Bug - did not call instance_notify_deleted when freeing.
   at: ~Dependency (servers/rendering/storage/utilities.cpp:56)
WARNING: Leaked instance dependency: Bug - did not call instance_notify_deleted when freeing.
   at: ~Dependency (servers/rendering/storage/utilities.cpp:56)
WARNING: Leaked instance dependency: Bug - did not call instance_notify_deleted when freeing.
   at: ~Dependency (servers/rendering/storage/utilities.cpp:56)
WARNING: Leaked instance dependency: Bug - did not call instance_notify_deleted when freeing.
   at: ~Dependency (servers/rendering/storage/utilities.cpp:56)
WARNING: Leaked instance dependency: Bug - did not call instance_notify_deleted when freeing.
   at: ~Dependency (servers/rendering/storage/utilities.cpp:56)
WARNING: Leaked instance dependency: Bug - did not call instance_notify_deleted when freeing.
   at: ~Dependency (servers/rendering/storage/utilities.cpp:56)
WARNING: Leaked instance dependency: Bug - did not call instance_notify_deleted when freeing.
   at: ~Dependency (servers/rendering/storage/utilities.cpp:56)
WARNING: Leaked instance dependency: Bug - did not call instance_notify_deleted when freeing.
   at: ~Dependency (servers/rendering/storage/utilities.cpp:56)
WARNING: Leaked instance dependency: Bug - did not call instance_notify_deleted when freeing.
   at: ~Dependency (servers/rendering/storage/utilities.cpp:56)
WARNING: Leaked instance dependency: Bug - did not call instance_notify_deleted when freeing.
   at: ~Dependency (servers/rendering/storage/utilities.cpp:56)
WARNING: Leaked instance dependency: Bug - did not call instance_notify_deleted when freeing.
   at: ~Dependency (servers/rendering/storage/utilities.cpp:56)
WARNING: Leaked instance dependency: Bug - did not call instance_notify_deleted when freeing.
   at: ~Dependency (servers/rendering/storage/utilities.cpp:56)
WARNING: Leaked instance dependency: Bug - did not call instance_notify_deleted when freeing.
   at: ~Dependency (servers/rendering/storage/utilities.cpp:56)
WARNING: Leaked instance dependency: Bug - did not call instance_notify_deleted when freeing.
   at: ~Dependency (servers/rendering/storage/utilities.cpp:56)
WARNING: Leaked instance dependency: Bug - did not call instance_notify_deleted when freeing.
   at: ~Dependency (servers/rendering/storage/utilities.cpp:56)
WARNING: Leaked instance dependency: Bug - did not call instance_notify_deleted when freeing.
   at: ~Dependency (servers/rendering/storage/utilities.cpp:56)
WARNING: Leaked instance dependency: Bug - did not call instance_notify_deleted when freeing.
   at: ~Dependency (servers/rendering/storage/utilities.cpp:56)
WARNING: Leaked instance dependency: Bug - did not call instance_notify_deleted when freeing.
   at: ~Dependency (servers/rendering/storage/utilities.cpp:56)
WARNING: Leaked instance dependency: Bug - did not call instance_notify_deleted when freeing.
   at: ~Dependency (servers/rendering/storage/utilities.cpp:56)
WARNING: Leaked instance dependency: Bug - did not call instance_notify_deleted when freeing.
   at: ~Dependency (servers/rendering/storage/utilities.cpp:56)
WARNING: Leaked instance dependency: Bug - did not call instance_notify_deleted when freeing.
   at: ~Dependency (servers/rendering/storage/utilities.cpp:56)
WARNING: Leaked instance dependency: Bug - did not call instance_notify_deleted when freeing.
   at: ~Dependency (servers/rendering/storage/utilities.cpp:56)
WARNING: Leaked instance dependency: Bug - did not call instance_notify_deleted when freeing.
   at: ~Dependency (servers/rendering/storage/utilities.cpp:56)
WARNING: Leaked instance dependency: Bug - did not call instance_notify_deleted when freeing.
   at: ~Dependency (servers/rendering/storage/utilities.cpp:56)
WARNING: Leaked instance dependency: Bug - did not call instance_notify_deleted when freeing.
   at: ~Dependency (servers/rendering/storage/utilities.cpp:56)
WARNING: Leaked instance dependency: Bug - did not call instance_notify_deleted when freeing.
   at: ~Dependency (servers/rendering/storage/utilities.cpp:56)
WARNING: Leaked instance dependency: Bug - did not call instance_notify_deleted when freeing.
   at: ~Dependency (servers/rendering/storage/utilities.cpp:56)
WARNING: Leaked instance dependency: Bug - did not call instance_notify_deleted when freeing.
   at: ~Dependency (servers/rendering/storage/utilities.cpp:56)
WARNING: Leaked instance dependency: Bug - did not call instance_notify_deleted when freeing.
   at: ~Dependency (servers/rendering/storage/utilities.cpp:56)
WARNING: Leaked instance dependency: Bug - did not call instance_notify_deleted when freeing.
   at: ~Dependency (servers/rendering/storage/utilities.cpp:56)
WARNING: Leaked instance dependency: Bug - did not call instance_notify_deleted when freeing.
   at: ~Dependency (servers/rendering/storage/utilities.cpp:56)
WARNING: Leaked instance dependency: Bug - did not call instance_notify_deleted when freeing.
   at: ~Dependency (servers/rendering/storage/utilities.cpp:56)
WARNING: Leaked instance dependency: Bug - did not call instance_notify_deleted when freeing.
   at: ~Dependency (servers/rendering/storage/utilities.cpp:56)
WARNING: Leaked instance dependency: Bug - did not call instance_notify_deleted when freeing.
   at: ~Dependency (servers/rendering/storage/utilities.cpp:56)
WARNING: Leaked instance dependency: Bug - did not call instance_notify_deleted when freeing.
   at: ~Dependency (servers/rendering/storage/utilities.cpp:56)
WARNING: Leaked instance dependency: Bug - did not call instance_notify_deleted when freeing.
   at: ~Dependency (servers/rendering/storage/utilities.cpp:56)
WARNING: Leaked instance dependency: Bug - did not call instance_notify_deleted when freeing.
   at: ~Dependency (servers/rendering/storage/utilities.cpp:56)
WARNING: Leaked instance dependency: Bug - did not call instance_notify_deleted when freeing.
   at: ~Dependency (servers/rendering/storage/utilities.cpp:56)
WARNING: Leaked instance dependency: Bug - did not call instance_notify_deleted when freeing.
   at: ~Dependency (servers/rendering/storage/utilities.cpp:56)
WARNING: Leaked instance dependency: Bug - did not call instance_notify_deleted when freeing.
   at: ~Dependency (servers/rendering/storage/utilities.cpp:56)
WARNING: Leaked instance dependency: Bug - did not call instance_notify_deleted when freeing.
   at: ~Dependency (servers/rendering/storage/utilities.cpp:56)
WARNING: Leaked instance dependency: Bug - did not call instance_notify_deleted when freeing.
   at: ~Dependency (servers/rendering/storage/utilities.cpp:56)
WARNING: Leaked instance dependency: Bug - did not call instance_notify_deleted when freeing.
   at: ~Dependency (servers/rendering/storage/utilities.cpp:56)
WARNING: Leaked instance dependency: Bug - did not call instance_notify_deleted when freeing.
   at: ~Dependency (servers/rendering/storage/utilities.cpp:56)
WARNING: Leaked instance dependency: Bug - did not call instance_notify_deleted when freeing.
   at: ~Dependency (servers/rendering/storage/utilities.cpp:56)
WARNING: Leaked instance dependency: Bug - did not call instance_notify_deleted when freeing.
   at: ~Dependency (servers/rendering/storage/utilities.cpp:56)
WARNING: Leaked instance dependency: Bug - did not call instance_notify_deleted when freeing.
   at: ~Dependency (servers/rendering/storage/utilities.cpp:56)
WARNING: Leaked instance dependency: Bug - did not call instance_notify_deleted when freeing.
   at: ~Dependency (servers/rendering/storage/utilities.cpp:56)
WARNING: Leaked instance dependency: Bug - did not call instance_notify_deleted when freeing.
   at: ~Dependency (servers/rendering/storage/utilities.cpp:56)
WARNING: Leaked instance dependency: Bug - did not call instance_notify_deleted when freeing.
   at: ~Dependency (servers/rendering/storage/utilities.cpp:56)
WARNING: Leaked instance dependency: Bug - did not call instance_notify_deleted when freeing.
   at: ~Dependency (servers/rendering/storage/utilities.cpp:56)
WARNING: Leaked instance dependency: Bug - did not call instance_notify_deleted when freeing.
   at: ~Dependency (servers/rendering/storage/utilities.cpp:56)
WARNING: Leaked instance dependency: Bug - did not call instance_notify_deleted when freeing.
   at: ~Dependency (servers/rendering/storage/utilities.cpp:56)
WARNING: Leaked instance dependency: Bug - did not call instance_notify_deleted when freeing.
   at: ~Dependency (servers/rendering/storage/utilities.cpp:56)
WARNING: Leaked instance dependency: Bug - did not call instance_notify_deleted when freeing.
   at: ~Dependency (servers/rendering/storage/utilities.cpp:56)
WARNING: Leaked instance dependency: Bug - did not call instance_notify_deleted when freeing.
   at: ~Dependency (servers/rendering/storage/utilities.cpp:56)
WARNING: Leaked instance dependency: Bug - did not call instance_notify_deleted when freeing.
   at: ~Dependency (servers/rendering/storage/utilities.cpp:56)
WARNING: Leaked instance dependency: Bug - did not call instance_notify_deleted when freeing.
   at: ~Dependency (servers/rendering/storage/utilities.cpp:56)
WARNING: Leaked instance dependency: Bug - did not call instance_notify_deleted when freeing.
   at: ~Dependency (servers/rendering/storage/utilities.cpp:56)
WARNING: Leaked instance dependency: Bug - did not call instance_notify_deleted when freeing.
   at: ~Dependency (servers/rendering/storage/utilities.cpp:56)
WARNING: Leaked instance dependency: Bug - did not call instance_notify_deleted when freeing.
   at: ~Dependency (servers/rendering/storage/utilities.cpp:56)
WARNING: Leaked instance dependency: Bug - did not call instance_notify_deleted when freeing.
   at: ~Dependency (servers/rendering/storage/utilities.cpp:56)
WARNING: Leaked instance dependency: Bug - did not call instance_notify_deleted when freeing.
   at: ~Dependency (servers/rendering/storage/utilities.cpp:56)
WARNING: Leaked instance dependency: Bug - did not call instance_notify_deleted when freeing.
   at: ~Dependency (servers/rendering/storage/utilities.cpp:56)
WARNING: Leaked instance dependency: Bug - did not call instance_notify_deleted when freeing.
   at: ~Dependency (servers/rendering/storage/utilities.cpp:56)
WARNING: Leaked instance dependency: Bug - did not call instance_notify_deleted when freeing.
   at: ~Dependency (servers/rendering/storage/utilities.cpp:56)
WARNING: Leaked instance dependency: Bug - did not call instance_notify_deleted when freeing.
   at: ~Dependency (servers/rendering/storage/utilities.cpp:56)
WARNING: Leaked instance dependency: Bug - did not call instance_notify_deleted when freeing.
   at: ~Dependency (servers/rendering/storage/utilities.cpp:56)
WARNING: Leaked instance dependency: Bug - did not call instance_notify_deleted when freeing.
   at: ~Dependency (servers/rendering/storage/utilities.cpp:56)
WARNING: Leaked instance dependency: Bug - did not call instance_notify_deleted when freeing.
   at: ~Dependency (servers/rendering/storage/utilities.cpp:56)
WARNING: Leaked instance dependency: Bug - did not call instance_notify_deleted when freeing.
   at: ~Dependency (servers/rendering/storage/utilities.cpp:56)
WARNING: Leaked instance dependency: Bug - did not call instance_notify_deleted when freeing.
   at: ~Dependency (servers/rendering/storage/utilities.cpp:56)
WARNING: Leaked instance dependency: Bug - did not call instance_notify_deleted when freeing.
   at: ~Dependency (servers/rendering/storage/utilities.cpp:56)
WARNING: Leaked instance dependency: Bug - did not call instance_notify_deleted when freeing.
   at: ~Dependency (servers/rendering/storage/utilities.cpp:56)
WARNING: Leaked instance dependency: Bug - did not call instance_notify_deleted when freeing.
   at: ~Dependency (servers/rendering/storage/utilities.cpp:56)
WARNING: Leaked instance dependency: Bug - did not call instance_notify_deleted when freeing.
   at: ~Dependency (servers/rendering/storage/utilities.cpp:56)
WARNING: Leaked instance dependency: Bug - did not call instance_notify_deleted when freeing.
   at: ~Dependency (servers/rendering/storage/utilities.cpp:56)
WARNING: Leaked instance dependency: Bug - did not call instance_notify_deleted when freeing.
   at: ~Dependency (servers/rendering/storage/utilities.cpp:56)
WARNING: Leaked instance dependency: Bug - did not call instance_notify_deleted when freeing.
   at: ~Dependency (servers/rendering/storage/utilities.cpp:56)
WARNING: Leaked instance dependency: Bug - did not call instance_notify_deleted when freeing.
   at: ~Dependency (servers/rendering/storage/utilities.cpp:56)
WARNING: Leaked instance dependency: Bug - did not call instance_notify_deleted when freeing.
   at: ~Dependency (servers/rendering/storage/utilities.cpp:56)
WARNING: Leaked instance dependency: Bug - did not call instance_notify_deleted when freeing.
   at: ~Dependency (servers/rendering/storage/utilities.cpp:56)
WARNING: Leaked instance dependency: Bug - did not call instance_notify_deleted when freeing.
   at: ~Dependency (servers/rendering/storage/utilities.cpp:56)
WARNING: Leaked instance dependency: Bug - did not call instance_notify_deleted when freeing.
   at: ~Dependency (servers/rendering/storage/utilities.cpp:56)
WARNING: Leaked instance dependency: Bug - did not call instance_notify_deleted when freeing.
   at: ~Dependency (servers/rendering/storage/utilities.cpp:56)
WARNING: Leaked instance dependency: Bug - did not call instance_notify_deleted when freeing.
   at: ~Dependency (servers/rendering/storage/utilities.cpp:56)
WARNING: Leaked instance dependency: Bug - did not call instance_notify_deleted when freeing.
   at: ~Dependency (servers/rendering/storage/utilities.cpp:56)
WARNING: Leaked instance dependency: Bug - did not call instance_notify_deleted when freeing.
   at: ~Dependency (servers/rendering/storage/utilities.cpp:56)
WARNING: Leaked instance dependency: Bug - did not call instance_notify_deleted when freeing.
   at: ~Dependency (servers/rendering/storage/utilities.cpp:56)
WARNING: Leaked instance dependency: Bug - did not call instance_notify_deleted when freeing.
   at: ~Dependency (servers/rendering/storage/utilities.cpp:56)
WARNING: Leaked instance dependency: Bug - did not call instance_notify_deleted when freeing.
   at: ~Dependency (servers/rendering/storage/utilities.cpp:56)
WARNING: Leaked instance dependency: Bug - did not call instance_notify_deleted when freeing.
   at: ~Dependency (servers/rendering/storage/utilities.cpp:56)
WARNING: Leaked instance dependency: Bug - did not call instance_notify_deleted when freeing.
   at: ~Dependency (servers/rendering/storage/utilities.cpp:56)
WARNING: Leaked instance dependency: Bug - did not call instance_notify_deleted when freeing.
   at: ~Dependency (servers/rendering/storage/utilities.cpp:56)
WARNING: Leaked instance dependency: Bug - did not call instance_notify_deleted when freeing.
   at: ~Dependency (servers/rendering/storage/utilities.cpp:56)
WARNING: Leaked instance dependency: Bug - did not call instance_notify_deleted when freeing.
   at: ~Dependency (servers/rendering/storage/utilities.cpp:56)
WARNING: Leaked instance dependency: Bug - did not call instance_notify_deleted when freeing.
   at: ~Dependency (servers/rendering/storage/utilities.cpp:56)
WARNING: Leaked instance dependency: Bug - did not call instance_notify_deleted when freeing.
   at: ~Dependency (servers/rendering/storage/utilities.cpp:56)
WARNING: Leaked instance dependency: Bug - did not call instance_notify_deleted when freeing.
   at: ~Dependency (servers/rendering/storage/utilities.cpp:56)
WARNING: Leaked instance dependency: Bug - did not call instance_notify_deleted when freeing.
   at: ~Dependency (servers/rendering/storage/utilities.cpp:56)
WARNING: Leaked instance dependency: Bug - did not call instance_notify_deleted when freeing.
   at: ~Dependency (servers/rendering/storage/utilities.cpp:56)
WARNING: Leaked instance dependency: Bug - did not call instance_notify_deleted when freeing.
   at: ~Dependency (servers/rendering/storage/utilities.cpp:56)
WARNING: Leaked instance dependency: Bug - did not call instance_notify_deleted when freeing.
   at: ~Dependency (servers/rendering/storage/utilities.cpp:56)
WARNING: Leaked instance dependency: Bug - did not call instance_notify_deleted when freeing.
   at: ~Dependency (servers/rendering/storage/utilities.cpp:56)
WARNING: Leaked instance dependency: Bug - did not call instance_notify_deleted when freeing.
   at: ~Dependency (servers/rendering/storage/utilities.cpp:56)
WARNING: Leaked instance dependency: Bug - did not call instance_notify_deleted when freeing.
   at: ~Dependency (servers/rendering/storage/utilities.cpp:56)
WARNING: Leaked instance dependency: Bug - did not call instance_notify_deleted when freeing.
   at: ~Dependency (servers/rendering/storage/utilities.cpp:56)
WARNING: Leaked instance dependency: Bug - did not call instance_notify_deleted when freeing.
   at: ~Dependency (servers/rendering/storage/utilities.cpp:56)
WARNING: Leaked instance dependency: Bug - did not call instance_notify_deleted when freeing.
   at: ~Dependency (servers/rendering/storage/utilities.cpp:56)
WARNING: Leaked instance dependency: Bug - did not call instance_notify_deleted when freeing.
   at: ~Dependency (servers/rendering/storage/utilities.cpp:56)
WARNING: Leaked instance dependency: Bug - did not call instance_notify_deleted when freeing.
   at: ~Dependency (servers/rendering/storage/utilities.cpp:56)
WARNING: Leaked instance dependency: Bug - did not call instance_notify_deleted when freeing.
   at: ~Dependency (servers/rendering/storage/utilities.cpp:56)
WARNING: Leaked instance dependency: Bug - did not call instance_notify_deleted when freeing.
   at: ~Dependency (servers/rendering/storage/utilities.cpp:56)
WARNING: Leaked instance dependency: Bug - did not call instance_notify_deleted when freeing.
   at: ~Dependency (servers/rendering/storage/utilities.cpp:56)
WARNING: Leaked instance dependency: Bug - did not call instance_notify_deleted when freeing.
   at: ~Dependency (servers/rendering/storage/utilities.cpp:56)
WARNING: Leaked instance dependency: Bug - did not call instance_notify_deleted when freeing.
   at: ~Dependency (servers/rendering/storage/utilities.cpp:56)
WARNING: Leaked instance dependency: Bug - did not call instance_notify_deleted when freeing.
   at: ~Dependency (servers/rendering/storage/utilities.cpp:56)
WARNING: Leaked instance dependency: Bug - did not call instance_notify_deleted when freeing.
   at: ~Dependency (servers/rendering/storage/utilities.cpp:56)
WARNING: Leaked instance dependency: Bug - did not call instance_notify_deleted when freeing.
   at: ~Dependency (servers/rendering/storage/utilities.cpp:56)
WARNING: Leaked instance dependency: Bug - did not call instance_notify_deleted when freeing.
   at: ~Dependency (servers/rendering/storage/utilities.cpp:56)
WARNING: Leaked instance dependency: Bug - did not call instance_notify_deleted when freeing.
   at: ~Dependency (servers/rendering/storage/utilities.cpp:56)
WARNING: Leaked instance dependency: Bug - did not call instance_notify_deleted when freeing.
   at: ~Dependency (servers/rendering/storage/utilities.cpp:56)
WARNING: Leaked instance dependency: Bug - did not call instance_notify_deleted when freeing.
   at: ~Dependency (servers/rendering/storage/utilities.cpp:56)
WARNING: Leaked instance dependency: Bug - did not call instance_notify_deleted when freeing.
   at: ~Dependency (servers/rendering/storage/utilities.cpp:56)
WARNING: Leaked instance dependency: Bug - did not call instance_notify_deleted when freeing.
   at: ~Dependency (servers/rendering/storage/utilities.cpp:56)
WARNING: Leaked instance dependency: Bug - did not call instance_notify_deleted when freeing.
   at: ~Dependency (servers/rendering/storage/utilities.cpp:56)
WARNING: Leaked instance dependency: Bug - did not call instance_notify_deleted when freeing.
   at: ~Dependency (servers/rendering/storage/utilities.cpp:56)
WARNING: Leaked instance dependency: Bug - did not call instance_notify_deleted when freeing.
   at: ~Dependency (servers/rendering/storage/utilities.cpp:56)
WARNING: Leaked instance dependency: Bug - did not call instance_notify_deleted when freeing.
   at: ~Dependency (servers/rendering/storage/utilities.cpp:56)
WARNING: Leaked instance dependency: Bug - did not call instance_notify_deleted when freeing.
   at: ~Dependency (servers/rendering/storage/utilities.cpp:56)
WARNING: Leaked instance dependency: Bug - did not call instance_notify_deleted when freeing.
   at: ~Dependency (servers/rendering/storage/utilities.cpp:56)
WARNING: Leaked instance dependency: Bug - did not call instance_notify_deleted when freeing.
   at: ~Dependency (servers/rendering/storage/utilities.cpp:56)
WARNING: Leaked instance dependency: Bug - did not call instance_notify_deleted when freeing.
   at: ~Dependency (servers/rendering/storage/utilities.cpp:56)
WARNING: Leaked instance dependency: Bug - did not call instance_notify_deleted when freeing.
   at: ~Dependency (servers/rendering/storage/utilities.cpp:56)
WARNING: Leaked instance dependency: Bug - did not call instance_notify_deleted when freeing.
   at: ~Dependency (servers/rendering/storage/utilities.cpp:56)
WARNING: Leaked instance dependency: Bug - did not call instance_notify_deleted when freeing.
   at: ~Dependency (servers/rendering/storage/utilities.cpp:56)
WARNING: Leaked instance dependency: Bug - did not call instance_notify_deleted when freeing.
   at: ~Dependency (servers/rendering/storage/utilities.cpp:56)
WARNING: Leaked instance dependency: Bug - did not call instance_notify_deleted when freeing.
   at: ~Dependency (servers/rendering/storage/utilities.cpp:56)
WARNING: Leaked instance dependency: Bug - did not call instance_notify_deleted when freeing.
   at: ~Dependency (servers/rendering/storage/utilities.cpp:56)
WARNING: Leaked instance dependency: Bug - did not call instance_notify_deleted when freeing.
   at: ~Dependency (servers/rendering/storage/utilities.cpp:56)
WARNING: Leaked instance dependency: Bug - did not call instance_notify_deleted when freeing.
   at: ~Dependency (servers/rendering/storage/utilities.cpp:56)
WARNING: Leaked instance dependency: Bug - did not call instance_notify_deleted when freeing.
   at: ~Dependency (servers/rendering/storage/utilities.cpp:56)
WARNING: Leaked instance dependency: Bug - did not call instance_notify_deleted when freeing.
   at: ~Dependency (servers/rendering/storage/utilities.cpp:56)
WARNING: Leaked instance dependency: Bug - did not call instance_notify_deleted when freeing.
   at: ~Dependency (servers/rendering/storage/utilities.cpp:56)
WARNING: Leaked instance dependency: Bug - did not call instance_notify_deleted when freeing.
   at: ~Dependency (servers/rendering/storage/utilities.cpp:56)
WARNING: Leaked instance dependency: Bug - did not call instance_notify_deleted when freeing.
   at: ~Dependency (servers/rendering/storage/utilities.cpp:56)
WARNING: Leaked instance dependency: Bug - did not call instance_notify_deleted when freeing.
   at: ~Dependency (servers/rendering/storage/utilities.cpp:56)
WARNING: Leaked instance dependency: Bug - did not call instance_notify_deleted when freeing.
   at: ~Dependency (servers/rendering/storage/utilities.cpp:56)
WARNING: Leaked instance dependency: Bug - did not call instance_notify_deleted when freeing.
   at: ~Dependency (servers/rendering/storage/utilities.cpp:56)
WARNING: Leaked instance dependency: Bug - did not call instance_notify_deleted when freeing.
   at: ~Dependency (servers/rendering/storage/utilities.cpp:56)
WARNING: Leaked instance dependency: Bug - did not call instance_notify_deleted when freeing.
   at: ~Dependency (servers/rendering/storage/utilities.cpp:56)
WARNING: Leaked instance dependency: Bug - did not call instance_notify_deleted when freeing.
   at: ~Dependency (servers/rendering/storage/utilities.cpp:56)
WARNING: Leaked instance dependency: Bug - did not call instance_notify_deleted when freeing.
   at: ~Dependency (servers/rendering/storage/utilities.cpp:56)
WARNING: Leaked instance dependency: Bug - did not call instance_notify_deleted when freeing.
   at: ~Dependency (servers/rendering/storage/utilities.cpp:56)
WARNING: Leaked instance dependency: Bug - did not call instance_notify_deleted when freeing.
   at: ~Dependency (servers/rendering/storage/utilities.cpp:56)
WARNING: Leaked instance dependency: Bug - did not call instance_notify_deleted when freeing.
   at: ~Dependency (servers/rendering/storage/utilities.cpp:56)
WARNING: Leaked instance dependency: Bug - did not call instance_notify_deleted when freeing.
   at: ~Dependency (servers/rendering/storage/utilities.cpp:56)
WARNING: Leaked instance dependency: Bug - did not call instance_notify_deleted when freeing.
   at: ~Dependency (servers/rendering/storage/utilities.cpp:56)
WARNING: Leaked instance dependency: Bug - did not call instance_notify_deleted when freeing.
   at: ~Dependency (servers/rendering/storage/utilities.cpp:56)
WARNING: Leaked instance dependency: Bug - did not call instance_notify_deleted when freeing.
   at: ~Dependency (servers/rendering/storage/utilities.cpp:56)
WARNING: Leaked instance dependency: Bug - did not call instance_notify_deleted when freeing.
   at: ~Dependency (servers/rendering/storage/utilities.cpp:56)
WARNING: Leaked instance dependency: Bug - did not call instance_notify_deleted when freeing.
   at: ~Dependency (servers/rendering/storage/utilities.cpp:56)
WARNING: Leaked instance dependency: Bug - did not call instance_notify_deleted when freeing.
   at: ~Dependency (servers/rendering/storage/utilities.cpp:56)
WARNING: Leaked instance dependency: Bug - did not call instance_notify_deleted when freeing.
   at: ~Dependency (servers/rendering/storage/utilities.cpp:56)
WARNING: Leaked instance dependency: Bug - did not call instance_notify_deleted when freeing.
   at: ~Dependency (servers/rendering/storage/utilities.cpp:56)
WARNING: Leaked instance dependency: Bug - did not call instance_notify_deleted when freeing.
   at: ~Dependency (servers/rendering/storage/utilities.cpp:56)
WARNING: Leaked instance dependency: Bug - did not call instance_notify_deleted when freeing.
   at: ~Dependency (servers/rendering/storage/utilities.cpp:56)
WARNING: Leaked instance dependency: Bug - did not call instance_notify_deleted when freeing.
   at: ~Dependency (servers/rendering/storage/utilities.cpp:56)
WARNING: Leaked instance dependency: Bug - did not call instance_notify_deleted when freeing.
   at: ~Dependency (servers/rendering/storage/utilities.cpp:56)
WARNING: Leaked instance dependency: Bug - did not call instance_notify_deleted when freeing.
   at: ~Dependency (servers/rendering/storage/utilities.cpp:56)
WARNING: Leaked instance dependency: Bug - did not call instance_notify_deleted when freeing.
   at: ~Dependency (servers/rendering/storage/utilities.cpp:56)
WARNING: Leaked instance dependency: Bug - did not call instance_notify_deleted when freeing.
   at: ~Dependency (servers/rendering/storage/utilities.cpp:56)
WARNING: Leaked instance dependency: Bug - did not call instance_notify_deleted when freeing.
   at: ~Dependency (servers/rendering/storage/utilities.cpp:56)
WARNING: Leaked instance dependency: Bug - did not call instance_notify_deleted when freeing.
   at: ~Dependency (servers/rendering/storage/utilities.cpp:56)
WARNING: Leaked instance dependency: Bug - did not call instance_notify_deleted when freeing.
   at: ~Dependency (servers/rendering/storage/utilities.cpp:56)
WARNING: Leaked instance dependency: Bug - did not call instance_notify_deleted when freeing.
   at: ~Dependency (servers/rendering/storage/utilities.cpp:56)
WARNING: Leaked instance dependency: Bug - did not call instance_notify_deleted when freeing.
   at: ~Dependency (servers/rendering/storage/utilities.cpp:56)
WARNING: Leaked instance dependency: Bug - did not call instance_notify_deleted when freeing.
   at: ~Dependency (servers/rendering/storage/utilities.cpp:56)
WARNING: Leaked instance dependency: Bug - did not call instance_notify_deleted when freeing.
   at: ~Dependency (servers/rendering/storage/utilities.cpp:56)
WARNING: Leaked instance dependency: Bug - did not call instance_notify_deleted when freeing.
   at: ~Dependency (servers/rendering/storage/utilities.cpp:56)
WARNING: Leaked instance dependency: Bug - did not call instance_notify_deleted when freeing.
   at: ~Dependency (servers/rendering/storage/utilities.cpp:56)
WARNING: Leaked instance dependency: Bug - did not call instance_notify_deleted when freeing.
   at: ~Dependency (servers/rendering/storage/utilities.cpp:56)
WARNING: Leaked instance dependency: Bug - did not call instance_notify_deleted when freeing.
   at: ~Dependency (servers/rendering/storage/utilities.cpp:56)
WARNING: Leaked instance dependency: Bug - did not call instance_notify_deleted when freeing.
   at: ~Dependency (servers/rendering/storage/utilities.cpp:56)
WARNING: Leaked instance dependency: Bug - did not call instance_notify_deleted when freeing.
   at: ~Dependency (servers/rendering/storage/utilities.cpp:56)
WARNING: Leaked instance dependency: Bug - did not call instance_notify_deleted when freeing.
   at: ~Dependency (servers/rendering/storage/utilities.cpp:56)
WARNING: Leaked instance dependency: Bug - did not call instance_notify_deleted when freeing.
   at: ~Dependency (servers/rendering/storage/utilities.cpp:56)
WARNING: Leaked instance dependency: Bug - did not call instance_notify_deleted when freeing.
   at: ~Dependency (servers/rendering/storage/utilities.cpp:56)
WARNING: Leaked instance dependency: Bug - did not call instance_notify_deleted when freeing.
   at: ~Dependency (servers/rendering/storage/utilities.cpp:56)
WARNING: Leaked instance dependency: Bug - did not call instance_notify_deleted when freeing.
   at: ~Dependency (servers/rendering/storage/utilities.cpp:56)
WARNING: Leaked instance dependency: Bug - did not call instance_notify_deleted when freeing.
   at: ~Dependency (servers/rendering/storage/utilities.cpp:56)
WARNING: Leaked instance dependency: Bug - did not call instance_notify_deleted when freeing.
   at: ~Dependency (servers/rendering/storage/utilities.cpp:56)
WARNING: Leaked instance dependency: Bug - did not call instance_notify_deleted when freeing.
   at: ~Dependency (servers/rendering/storage/utilities.cpp:56)
WARNING: Leaked instance dependency: Bug - did not call instance_notify_deleted when freeing.
   at: ~Dependency (servers/rendering/storage/utilities.cpp:56)
WARNING: Leaked instance dependency: Bug - did not call instance_notify_deleted when freeing.
   at: ~Dependency (servers/rendering/storage/utilities.cpp:56)
WARNING: Leaked instance dependency: Bug - did not call instance_notify_deleted when freeing.
   at: ~Dependency (servers/rendering/storage/utilities.cpp:56)
WARNING: Leaked instance dependency: Bug - did not call instance_notify_deleted when freeing.
   at: ~Dependency (servers/rendering/storage/utilities.cpp:56)
WARNING: Leaked instance dependency: Bug - did not call instance_notify_deleted when freeing.
   at: ~Dependency (servers/rendering/storage/utilities.cpp:56)
WARNING: Leaked instance dependency: Bug - did not call instance_notify_deleted when freeing.
   at: ~Dependency (servers/rendering/storage/utilities.cpp:56)
WARNING: Leaked instance dependency: Bug - did not call instance_notify_deleted when freeing.
   at: ~Dependency (servers/rendering/storage/utilities.cpp:56)
WARNING: Leaked instance dependency: Bug - did not call instance_notify_deleted when freeing.
   at: ~Dependency (servers/rendering/storage/utilities.cpp:56)
WARNING: Leaked instance dependency: Bug - did not call instance_notify_deleted when freeing.
   at: ~Dependency (servers/rendering/storage/utilities.cpp:56)
WARNING: Leaked instance dependency: Bug - did not call instance_notify_deleted when freeing.
   at: ~Dependency (servers/rendering/storage/utilities.cpp:56)
WARNING: Leaked instance dependency: Bug - did not call instance_notify_deleted when freeing.
   at: ~Dependency (servers/rendering/storage/utilities.cpp:56)
WARNING: Leaked instance dependency: Bug - did not call instance_notify_deleted when freeing.
   at: ~Dependency (servers/rendering/storage/utilities.cpp:56)
WARNING: Leaked instance dependency: Bug - did not call instance_notify_deleted when freeing.
   at: ~Dependency (servers/rendering/storage/utilities.cpp:56)
WARNING: Leaked instance dependency: Bug - did not call instance_notify_deleted when freeing.
   at: ~Dependency (servers/rendering/storage/utilities.cpp:56)
WARNING: Leaked instance dependency: Bug - did not call instance_notify_deleted when freeing.
   at: ~Dependency (servers/rendering/storage/utilities.cpp:56)
WARNING: Leaked instance dependency: Bug - did not call instance_notify_deleted when freeing.
   at: ~Dependency (servers/rendering/storage/utilities.cpp:56)
WARNING: Leaked instance dependency: Bug - did not call instance_notify_deleted when freeing.
   at: ~Dependency (servers/rendering/storage/utilities.cpp:56)
WARNING: Leaked instance dependency: Bug - did not call instance_notify_deleted when freeing.
   at: ~Dependency (servers/rendering/storage/utilities.cpp:56)
WARNING: Leaked instance dependency: Bug - did not call instance_notify_deleted when freeing.
   at: ~Dependency (servers/rendering/storage/utilities.cpp:56)
WARNING: Leaked instance dependency: Bug - did not call instance_notify_deleted when freeing.
   at: ~Dependency (servers/rendering/storage/utilities.cpp:56)
WARNING: Leaked instance dependency: Bug - did not call instance_notify_deleted when freeing.
   at: ~Dependency (servers/rendering/storage/utilities.cpp:56)
WARNING: Leaked instance dependency: Bug - did not call instance_notify_deleted when freeing.
   at: ~Dependency (servers/rendering/storage/utilities.cpp:56)
WARNING: Leaked instance dependency: Bug - did not call instance_notify_deleted when freeing.
   at: ~Dependency (servers/rendering/storage/utilities.cpp:56)
WARNING: Leaked instance dependency: Bug - did not call instance_notify_deleted when freeing.
   at: ~Dependency (servers/rendering/storage/utilities.cpp:56)
WARNING: Leaked instance dependency: Bug - did not call instance_notify_deleted when freeing.
   at: ~Dependency (servers/rendering/storage/utilities.cpp:56)
WARNING: Leaked instance dependency: Bug - did not call instance_notify_deleted when freeing.
   at: ~Dependency (servers/rendering/storage/utilities.cpp:56)
WARNING: Leaked instance dependency: Bug - did not call instance_notify_deleted when freeing.
   at: ~Dependency (servers/rendering/storage/utilities.cpp:56)
WARNING: Leaked instance dependency: Bug - did not call instance_notify_deleted when freeing.
   at: ~Dependency (servers/rendering/storage/utilities.cpp:56)
WARNING: Leaked instance dependency: Bug - did not call instance_notify_deleted when freeing.
   at: ~Dependency (servers/rendering/storage/utilities.cpp:56)
WARNING: Leaked instance dependency: Bug - did not call instance_notify_deleted when freeing.
   at: ~Dependency (servers/rendering/storage/utilities.cpp:56)
WARNING: Leaked instance dependency: Bug - did not call instance_notify_deleted when freeing.
   at: ~Dependency (servers/rendering/storage/utilities.cpp:56)
WARNING: Leaked instance dependency: Bug - did not call instance_notify_deleted when freeing.
   at: ~Dependency (servers/rendering/storage/utilities.cpp:56)
WARNING: Leaked instance dependency: Bug - did not call instance_notify_deleted when freeing.
   at: ~Dependency (servers/rendering/storage/utilities.cpp:56)
WARNING: Leaked instance dependency: Bug - did not call instance_notify_deleted when freeing.
   at: ~Dependency (servers/rendering/storage/utilities.cpp:56)
WARNING: Leaked instance dependency: Bug - did not call instance_notify_deleted when freeing.
   at: ~Dependency (servers/rendering/storage/utilities.cpp:56)
WARNING: Leaked instance dependency: Bug - did not call instance_notify_deleted when freeing.
   at: ~Dependency (servers/rendering/storage/utilities.cpp:56)
WARNING: Leaked instance dependency: Bug - did not call instance_notify_deleted when freeing.
   at: ~Dependency (servers/rendering/storage/utilities.cpp:56)
WARNING: Leaked instance dependency: Bug - did not call instance_notify_deleted when freeing.
   at: ~Dependency (servers/rendering/storage/utilities.cpp:56)
WARNING: Leaked instance dependency: Bug - did not call instance_notify_deleted when freeing.
   at: ~Dependency (servers/rendering/storage/utilities.cpp:56)
WARNING: Leaked instance dependency: Bug - did not call instance_notify_deleted when freeing.
   at: ~Dependency (servers/rendering/storage/utilities.cpp:56)
WARNING: Leaked instance dependency: Bug - did not call instance_notify_deleted when freeing.
   at: ~Dependency (servers/rendering/storage/utilities.cpp:56)
WARNING: Leaked instance dependency: Bug - did not call instance_notify_deleted when freeing.
   at: ~Dependency (servers/rendering/storage/utilities.cpp:56)
WARNING: Leaked instance dependency: Bug - did not call instance_notify_deleted when freeing.
   at: ~Dependency (servers/rendering/storage/utilities.cpp:56)
WARNING: Leaked instance dependency: Bug - did not call instance_notify_deleted when freeing.
   at: ~Dependency (servers/rendering/storage/utilities.cpp:56)
WARNING: Leaked instance dependency: Bug - did not call instance_notify_deleted when freeing.
   at: ~Dependency (servers/rendering/storage/utilities.cpp:56)
WARNING: Leaked instance dependency: Bug - did not call instance_notify_deleted when freeing.
   at: ~Dependency (servers/rendering/storage/utilities.cpp:56)
WARNING: Leaked instance dependency: Bug - did not call instance_notify_deleted when freeing.
   at: ~Dependency (servers/rendering/storage/utilities.cpp:56)
WARNING: Leaked instance dependency: Bug - did not call instance_notify_deleted when freeing.
   at: ~Dependency (servers/rendering/storage/utilities.cpp:56)
WARNING: Leaked instance dependency: Bug - did not call instance_notify_deleted when freeing.
   at: ~Dependency (servers/rendering/storage/utilities.cpp:56)
WARNING: Leaked instance dependency: Bug - did not call instance_notify_deleted when freeing.
   at: ~Dependency (servers/rendering/storage/utilities.cpp:56)
WARNING: Leaked instance dependency: Bug - did not call instance_notify_deleted when freeing.
   at: ~Dependency (servers/rendering/storage/utilities.cpp:56)
WARNING: Leaked instance dependency: Bug - did not call instance_notify_deleted when freeing.
   at: ~Dependency (servers/rendering/storage/utilities.cpp:56)
WARNING: Leaked instance dependency: Bug - did not call instance_notify_deleted when freeing.
   at: ~Dependency (servers/rendering/storage/utilities.cpp:56)
WARNING: Leaked instance dependency: Bug - did not call instance_notify_deleted when freeing.
   at: ~Dependency (servers/rendering/storage/utilities.cpp:56)
WARNING: Leaked instance dependency: Bug - did not call instance_notify_deleted when freeing.
   at: ~Dependency (servers/rendering/storage/utilities.cpp:56)
WARNING: Leaked instance dependency: Bug - did not call instance_notify_deleted when freeing.
   at: ~Dependency (servers/rendering/storage/utilities.cpp:56)
WARNING: Leaked instance dependency: Bug - did not call instance_notify_deleted when freeing.
   at: ~Dependency (servers/rendering/storage/utilities.cpp:56)
WARNING: Leaked instance dependency: Bug - did not call instance_notify_deleted when freeing.
   at: ~Dependency (servers/rendering/storage/utilities.cpp:56)
WARNING: Leaked instance dependency: Bug - did not call instance_notify_deleted when freeing.
   at: ~Dependency (servers/rendering/storage/utilities.cpp:56)
WARNING: Leaked instance dependency: Bug - did not call instance_notify_deleted when freeing.
   at: ~Dependency (servers/rendering/storage/utilities.cpp:56)
WARNING: Leaked instance dependency: Bug - did not call instance_notify_deleted when freeing.
   at: ~Dependency (servers/rendering/storage/utilities.cpp:56)
WARNING: Leaked instance dependency: Bug - did not call instance_notify_deleted when freeing.
   at: ~Dependency (servers/rendering/storage/utilities.cpp:56)
WARNING: Leaked instance dependency: Bug - did not call instance_notify_deleted when freeing.
   at: ~Dependency (servers/rendering/storage/utilities.cpp:56)
WARNING: Leaked instance dependency: Bug - did not call instance_notify_deleted when freeing.
   at: ~Dependency (servers/rendering/storage/utilities.cpp:56)
WARNING: Leaked instance dependency: Bug - did not call instance_notify_deleted when freeing.
   at: ~Dependency (servers/rendering/storage/utilities.cpp:56)
WARNING: Leaked instance dependency: Bug - did not call instance_notify_deleted when freeing.
   at: ~Dependency (servers/rendering/storage/utilities.cpp:56)
WARNING: Leaked instance dependency: Bug - did not call instance_notify_deleted when freeing.
   at: ~Dependency (servers/rendering/storage/utilities.cpp:56)
WARNING: Leaked instance dependency: Bug - did not call instance_notify_deleted when freeing.
   at: ~Dependency (servers/rendering/storage/utilities.cpp:56)
WARNING: Leaked instance dependency: Bug - did not call instance_notify_deleted when freeing.
   at: ~Dependency (servers/rendering/storage/utilities.cpp:56)
WARNING: Leaked instance dependency: Bug - did not call instance_notify_deleted when freeing.
   at: ~Dependency (servers/rendering/storage/utilities.cpp:56)
WARNING: Leaked instance dependency: Bug - did not call instance_notify_deleted when freeing.
   at: ~Dependency (servers/rendering/storage/utilities.cpp:56)
WARNING: Leaked instance dependency: Bug - did not call instance_notify_deleted when freeing.
   at: ~Dependency (servers/rendering/storage/utilities.cpp:56)
WARNING: Leaked instance dependency: Bug - did not call instance_notify_deleted when freeing.
   at: ~Dependency (servers/rendering/storage/utilities.cpp:56)
WARNING: Leaked instance dependency: Bug - did not call instance_notify_deleted when freeing.
   at: ~Dependency (servers/rendering/storage/utilities.cpp:56)
WARNING: Leaked instance dependency: Bug - did not call instance_notify_deleted when freeing.
   at: ~Dependency (servers/rendering/storage/utilities.cpp:56)
WARNING: Leaked instance dependency: Bug - did not call instance_notify_deleted when freeing.
   at: ~Dependency (servers/rendering/storage/utilities.cpp:56)
WARNING: Leaked instance dependency: Bug - did not call instance_notify_deleted when freeing.
   at: ~Dependency (servers/rendering/storage/utilities.cpp:56)
WARNING: Leaked instance dependency: Bug - did not call instance_notify_deleted when freeing.
   at: ~Dependency (servers/rendering/storage/utilities.cpp:56)
WARNING: Leaked instance dependency: Bug - did not call instance_notify_deleted when freeing.
   at: ~Dependency (servers/rendering/storage/utilities.cpp:56)
WARNING: Leaked instance dependency: Bug - did not call instance_notify_deleted when freeing.
   at: ~Dependency (servers/rendering/storage/utilities.cpp:56)
WARNING: Leaked instance dependency: Bug - did not call instance_notify_deleted when freeing.
   at: ~Dependency (servers/rendering/storage/utilities.cpp:56)
WARNING: Leaked instance dependency: Bug - did not call instance_notify_deleted when freeing.
   at: ~Dependency (servers/rendering/storage/utilities.cpp:56)
WARNING: Leaked instance dependency: Bug - did not call instance_notify_deleted when freeing.
   at: ~Dependency (servers/rendering/storage/utilities.cpp:56)
WARNING: Leaked instance dependency: Bug - did not call instance_notify_deleted when freeing.
   at: ~Dependency (servers/rendering/storage/utilities.cpp:56)
WARNING: Leaked instance dependency: Bug - did not call instance_notify_deleted when freeing.
   at: ~Dependency (servers/rendering/storage/utilities.cpp:56)
WARNING: Leaked instance dependency: Bug - did not call instance_notify_deleted when freeing.
   at: ~Dependency (servers/rendering/storage/utilities.cpp:56)
WARNING: Leaked instance dependency: Bug - did not call instance_notify_deleted when freeing.
   at: ~Dependency (servers/rendering/storage/utilities.cpp:56)
WARNING: Leaked instance dependency: Bug - did not call instance_notify_deleted when freeing.
   at: ~Dependency (servers/rendering/storage/utilities.cpp:56)
WARNING: Leaked instance dependency: Bug - did not call instance_notify_deleted when freeing.
   at: ~Dependency (servers/rendering/storage/utilities.cpp:56)
WARNING: Leaked instance dependency: Bug - did not call instance_notify_deleted when freeing.
   at: ~Dependency (servers/rendering/storage/utilities.cpp:56)
WARNING: Leaked instance dependency: Bug - did not call instance_notify_deleted when freeing.
   at: ~Dependency (servers/rendering/storage/utilities.cpp:56)
WARNING: Leaked instance dependency: Bug - did not call instance_notify_deleted when freeing.
   at: ~Dependency (servers/rendering/storage/utilities.cpp:56)
WARNING: Leaked instance dependency: Bug - did not call instance_notify_deleted when freeing.
   at: ~Dependency (servers/rendering/storage/utilities.cpp:56)
WARNING: Leaked instance dependency: Bug - did not call instance_notify_deleted when freeing.
   at: ~Dependency (servers/rendering/storage/utilities.cpp:56)
WARNING: Leaked instance dependency: Bug - did not call instance_notify_deleted when freeing.
   at: ~Dependency (servers/rendering/storage/utilities.cpp:56)
WARNING: Leaked instance dependency: Bug - did not call instance_notify_deleted when freeing.
   at: ~Dependency (servers/rendering/storage/utilities.cpp:56)
WARNING: Leaked instance dependency: Bug - did not call instance_notify_deleted when freeing.
   at: ~Dependency (servers/rendering/storage/utilities.cpp:56)
WARNING: Leaked instance dependency: Bug - did not call instance_notify_deleted when freeing.
   at: ~Dependency (servers/rendering/storage/utilities.cpp:56)
WARNING: Leaked instance dependency: Bug - did not call instance_notify_deleted when freeing.
   at: ~Dependency (servers/rendering/storage/utilities.cpp:56)
WARNING: Leaked instance dependency: Bug - did not call instance_notify_deleted when freeing.
   at: ~Dependency (servers/rendering/storage/utilities.cpp:56)
WARNING: Leaked instance dependency: Bug - did not call instance_notify_deleted when freeing.
   at: ~Dependency (servers/rendering/storage/utilities.cpp:56)
WARNING: Leaked instance dependency: Bug - did not call instance_notify_deleted when freeing.
   at: ~Dependency (servers/rendering/storage/utilities.cpp:56)
WARNING: Leaked instance dependency: Bug - did not call instance_notify_deleted when freeing.
   at: ~Dependency (servers/rendering/storage/utilities.cpp:56)
WARNING: Leaked instance dependency: Bug - did not call instance_notify_deleted when freeing.
   at: ~Dependency (servers/rendering/storage/utilities.cpp:56)
WARNING: Leaked instance dependency: Bug - did not call instance_notify_deleted when freeing.
   at: ~Dependency (servers/rendering/storage/utilities.cpp:56)
WARNING: Leaked instance dependency: Bug - did not call instance_notify_deleted when freeing.
   at: ~Dependency (servers/rendering/storage/utilities.cpp:56)
WARNING: Leaked instance dependency: Bug - did not call instance_notify_deleted when freeing.
   at: ~Dependency (servers/rendering/storage/utilities.cpp:56)
WARNING: Leaked instance dependency: Bug - did not call instance_notify_deleted when freeing.
   at: ~Dependency (servers/rendering/storage/utilities.cpp:56)
WARNING: Leaked instance dependency: Bug - did not call instance_notify_deleted when freeing.
   at: ~Dependency (servers/rendering/storage/utilities.cpp:56)
WARNING: Leaked instance dependency: Bug - did not call instance_notify_deleted when freeing.
   at: ~Dependency (servers/rendering/storage/utilities.cpp:56)
WARNING: Leaked instance dependency: Bug - did not call instance_notify_deleted when freeing.
   at: ~Dependency (servers/rendering/storage/utilities.cpp:56)
WARNING: Leaked instance dependency: Bug - did not call instance_notify_deleted when freeing.
   at: ~Dependency (servers/rendering/storage/utilities.cpp:56)
WARNING: Leaked instance dependency: Bug - did not call instance_notify_deleted when freeing.
   at: ~Dependency (servers/rendering/storage/utilities.cpp:56)
WARNING: Leaked instance dependency: Bug - did not call instance_notify_deleted when freeing.
   at: ~Dependency (servers/rendering/storage/utilities.cpp:56)
WARNING: Leaked instance dependency: Bug - did not call instance_notify_deleted when freeing.
   at: ~Dependency (servers/rendering/storage/utilities.cpp:56)
WARNING: Leaked instance dependency: Bug - did not call instance_notify_deleted when freeing.
   at: ~Dependency (servers/rendering/storage/utilities.cpp:56)
WARNING: Leaked instance dependency: Bug - did not call instance_notify_deleted when freeing.
   at: ~Dependency (servers/rendering/storage/utilities.cpp:56)
WARNING: Leaked instance dependency: Bug - did not call instance_notify_deleted when freeing.
   at: ~Dependency (servers/rendering/storage/utilities.cpp:56)
WARNING: Leaked instance dependency: Bug - did not call instance_notify_deleted when freeing.
   at: ~Dependency (servers/rendering/storage/utilities.cpp:56)
WARNING: Leaked instance dependency: Bug - did not call instance_notify_deleted when freeing.
   at: ~Dependency (servers/rendering/storage/utilities.cpp:56)
WARNING: Leaked instance dependency: Bug - did not call instance_notify_deleted when freeing.
   at: ~Dependency (servers/rendering/storage/utilities.cpp:56)
WARNING: Leaked instance dependency: Bug - did not call instance_notify_deleted when freeing.
   at: ~Dependency (servers/rendering/storage/utilities.cpp:56)
WARNING: Leaked instance dependency: Bug - did not call instance_notify_deleted when freeing.
   at: ~Dependency (servers/rendering/storage/utilities.cpp:56)
WARNING: Leaked instance dependency: Bug - did not call instance_notify_deleted when freeing.
   at: ~Dependency (servers/rendering/storage/utilities.cpp:56)
WARNING: Leaked instance dependency: Bug - did not call instance_notify_deleted when freeing.
   at: ~Dependency (servers/rendering/storage/utilities.cpp:56)
WARNING: Leaked instance dependency: Bug - did not call instance_notify_deleted when freeing.
   at: ~Dependency (servers/rendering/storage/utilities.cpp:56)
WARNING: Leaked instance dependency: Bug - did not call instance_notify_deleted when freeing.
   at: ~Dependency (servers/rendering/storage/utilities.cpp:56)
WARNING: Leaked instance dependency: Bug - did not call instance_notify_deleted when freeing.
   at: ~Dependency (servers/rendering/storage/utilities.cpp:56)
WARNING: Leaked instance dependency: Bug - did not call instance_notify_deleted when freeing.
   at: ~Dependency (servers/rendering/storage/utilities.cpp:56)
WARNING: Leaked instance dependency: Bug - did not call instance_notify_deleted when freeing.
   at: ~Dependency (servers/rendering/storage/utilities.cpp:56)
WARNING: Leaked instance dependency: Bug - did not call instance_notify_deleted when freeing.
   at: ~Dependency (servers/rendering/storage/utilities.cpp:56)
WARNING: Leaked instance dependency: Bug - did not call instance_notify_deleted when freeing.
   at: ~Dependency (servers/rendering/storage/utilities.cpp:56)
WARNING: Leaked instance dependency: Bug - did not call instance_notify_deleted when freeing.
   at: ~Dependency (servers/rendering/storage/utilities.cpp:56)
WARNING: Leaked instance dependency: Bug - did not call instance_notify_deleted when freeing.
   at: ~Dependency (servers/rendering/storage/utilities.cpp:56)
WARNING: Leaked instance dependency: Bug - did not call instance_notify_deleted when freeing.
   at: ~Dependency (servers/rendering/storage/utilities.cpp:56)
WARNING: Leaked instance dependency: Bug - did not call instance_notify_deleted when freeing.
   at: ~Dependency (servers/rendering/storage/utilities.cpp:56)
WARNING: Leaked instance dependency: Bug - did not call instance_notify_deleted when freeing.
   at: ~Dependency (servers/rendering/storage/utilities.cpp:56)
WARNING: Leaked instance dependency: Bug - did not call instance_notify_deleted when freeing.
   at: ~Dependency (servers/rendering/storage/utilities.cpp:56)
WARNING: Leaked instance dependency: Bug - did not call instance_notify_deleted when freeing.
   at: ~Dependency (servers/rendering/storage/utilities.cpp:56)
WARNING: Leaked instance dependency: Bug - did not call instance_notify_deleted when freeing.
   at: ~Dependency (servers/rendering/storage/utilities.cpp:56)
WARNING: Leaked instance dependency: Bug - did not call instance_notify_deleted when freeing.
   at: ~Dependency (servers/rendering/storage/utilities.cpp:56)
WARNING: Leaked instance dependency: Bug - did not call instance_notify_deleted when freeing.
   at: ~Dependency (servers/rendering/storage/utilities.cpp:56)
WARNING: Leaked instance dependency: Bug - did not call instance_notify_deleted when freeing.
   at: ~Dependency (servers/rendering/storage/utilities.cpp:56)
WARNING: Leaked instance dependency: Bug - did not call instance_notify_deleted when freeing.
   at: ~Dependency (servers/rendering/storage/utilities.cpp:56)
WARNING: Leaked instance dependency: Bug - did not call instance_notify_deleted when freeing.
   at: ~Dependency (servers/rendering/storage/utilities.cpp:56)
WARNING: Leaked instance dependency: Bug - did not call instance_notify_deleted when freeing.
   at: ~Dependency (servers/rendering/storage/utilities.cpp:56)
WARNING: Leaked instance dependency: Bug - did not call instance_notify_deleted when freeing.
   at: ~Dependency (servers/rendering/storage/utilities.cpp:56)
WARNING: Leaked instance dependency: Bug - did not call instance_notify_deleted when freeing.
   at: ~Dependency (servers/rendering/storage/utilities.cpp:56)
WARNING: Leaked instance dependency: Bug - did not call instance_notify_deleted when freeing.
   at: ~Dependency (servers/rendering/storage/utilities.cpp:56)
WARNING: Leaked instance dependency: Bug - did not call instance_notify_deleted when freeing.
   at: ~Dependency (servers/rendering/storage/utilities.cpp:56)
WARNING: Leaked instance dependency: Bug - did not call instance_notify_deleted when freeing.
   at: ~Dependency (servers/rendering/storage/utilities.cpp:56)
WARNING: Leaked instance dependency: Bug - did not call instance_notify_deleted when freeing.
   at: ~Dependency (servers/rendering/storage/utilities.cpp:56)
WARNING: Leaked instance dependency: Bug - did not call instance_notify_deleted when freeing.
   at: ~Dependency (servers/rendering/storage/utilities.cpp:56)
WARNING: Leaked instance dependency: Bug - did not call instance_notify_deleted when freeing.
   at: ~Dependency (servers/rendering/storage/utilities.cpp:56)
WARNING: Leaked instance dependency: Bug - did not call instance_notify_deleted when freeing.
   at: ~Dependency (servers/rendering/storage/utilities.cpp:56)
WARNING: Leaked instance dependency: Bug - did not call instance_notify_deleted when freeing.
   at: ~Dependency (servers/rendering/storage/utilities.cpp:56)
WARNING: Leaked instance dependency: Bug - did not call instance_notify_deleted when freeing.
   at: ~Dependency (servers/rendering/storage/utilities.cpp:56)
WARNING: Leaked instance dependency: Bug - did not call instance_notify_deleted when freeing.
   at: ~Dependency (servers/rendering/storage/utilities.cpp:56)
WARNING: Leaked instance dependency: Bug - did not call instance_notify_deleted when freeing.
   at: ~Dependency (servers/rendering/storage/utilities.cpp:56)
WARNING: Leaked instance dependency: Bug - did not call instance_notify_deleted when freeing.
   at: ~Dependency (servers/rendering/storage/utilities.cpp:56)
WARNING: Leaked instance dependency: Bug - did not call instance_notify_deleted when freeing.
   at: ~Dependency (servers/rendering/storage/utilities.cpp:56)
WARNING: Leaked instance dependency: Bug - did not call instance_notify_deleted when freeing.
   at: ~Dependency (servers/rendering/storage/utilities.cpp:56)
WARNING: Leaked instance dependency: Bug - did not call instance_notify_deleted when freeing.
   at: ~Dependency (servers/rendering/storage/utilities.cpp:56)
WARNING: Leaked instance dependency: Bug - did not call instance_notify_deleted when freeing.
   at: ~Dependency (servers/rendering/storage/utilities.cpp:56)
WARNING: Leaked instance dependency: Bug - did not call instance_notify_deleted when freeing.
   at: ~Dependency (servers/rendering/storage/utilities.cpp:56)
WARNING: Leaked instance dependency: Bug - did not call instance_notify_deleted when freeing.
   at: ~Dependency (servers/rendering/storage/utilities.cpp:56)
WARNING: Leaked instance dependency: Bug - did not call instance_notify_deleted when freeing.
   at: ~Dependency (servers/rendering/storage/utilities.cpp:56)
WARNING: Leaked instance dependency: Bug - did not call instance_notify_deleted when freeing.
   at: ~Dependency (servers/rendering/storage/utilities.cpp:56)
WARNING: Leaked instance dependency: Bug - did not call instance_notify_deleted when freeing.
   at: ~Dependency (servers/rendering/storage/utilities.cpp:56)
WARNING: Leaked instance dependency: Bug - did not call instance_notify_deleted when freeing.
   at: ~Dependency (servers/rendering/storage/utilities.cpp:56)
WARNING: Leaked instance dependency: Bug - did not call instance_notify_deleted when freeing.
   at: ~Dependency (servers/rendering/storage/utilities.cpp:56)
WARNING: Leaked instance dependency: Bug - did not call instance_notify_deleted when freeing.
   at: ~Dependency (servers/rendering/storage/utilities.cpp:56)
WARNING: Leaked instance dependency: Bug - did not call instance_notify_deleted when freeing.
   at: ~Dependency (servers/rendering/storage/utilities.cpp:56)
WARNING: Leaked instance dependency: Bug - did not call instance_notify_deleted when freeing.
   at: ~Dependency (servers/rendering/storage/utilities.cpp:56)
WARNING: Leaked instance dependency: Bug - did not call instance_notify_deleted when freeing.
   at: ~Dependency (servers/rendering/storage/utilities.cpp:56)
WARNING: Leaked instance dependency: Bug - did not call instance_notify_deleted when freeing.
   at: ~Dependency (servers/rendering/storage/utilities.cpp:56)
WARNING: Leaked instance dependency: Bug - did not call instance_notify_deleted when freeing.
   at: ~Dependency (servers/rendering/storage/utilities.cpp:56)
WARNING: Leaked instance dependency: Bug - did not call instance_notify_deleted when freeing.
   at: ~Dependency (servers/rendering/storage/utilities.cpp:56)
WARNING: Leaked instance dependency: Bug - did not call instance_notify_deleted when freeing.
   at: ~Dependency (servers/rendering/storage/utilities.cpp:56)
WARNING: Leaked instance dependency: Bug - did not call instance_notify_deleted when freeing.
   at: ~Dependency (servers/rendering/storage/utilities.cpp:56)
WARNING: Leaked instance dependency: Bug - did not call instance_notify_deleted when freeing.
   at: ~Dependency (servers/rendering/storage/utilities.cpp:56)
WARNING: Leaked instance dependency: Bug - did not call instance_notify_deleted when freeing.
   at: ~Dependency (servers/rendering/storage/utilities.cpp:56)
WARNING: Leaked instance dependency: Bug - did not call instance_notify_deleted when freeing.
   at: ~Dependency (servers/rendering/storage/utilities.cpp:56)
WARNING: Leaked instance dependency: Bug - did not call instance_notify_deleted when freeing.
   at: ~Dependency (servers/rendering/storage/utilities.cpp:56)
WARNING: Leaked instance dependency: Bug - did not call instance_notify_deleted when freeing.
   at: ~Dependency (servers/rendering/storage/utilities.cpp:56)
WARNING: Leaked instance dependency: Bug - did not call instance_notify_deleted when freeing.
   at: ~Dependency (servers/rendering/storage/utilities.cpp:56)
WARNING: Leaked instance dependency: Bug - did not call instance_notify_deleted when freeing.
   at: ~Dependency (servers/rendering/storage/utilities.cpp:56)
WARNING: Leaked instance dependency: Bug - did not call instance_notify_deleted when freeing.
   at: ~Dependency (servers/rendering/storage/utilities.cpp:56)
WARNING: Leaked instance dependency: Bug - did not call instance_notify_deleted when freeing.
   at: ~Dependency (servers/rendering/storage/utilities.cpp:56)
WARNING: Leaked instance dependency: Bug - did not call instance_notify_deleted when freeing.
   at: ~Dependency (servers/rendering/storage/utilities.cpp:56)
WARNING: Leaked instance dependency: Bug - did not call instance_notify_deleted when freeing.
   at: ~Dependency (servers/rendering/storage/utilities.cpp:56)
WARNING: Leaked instance dependency: Bug - did not call instance_notify_deleted when freeing.
   at: ~Dependency (servers/rendering/storage/utilities.cpp:56)
WARNING: Leaked instance dependency: Bug - did not call instance_notify_deleted when freeing.
   at: ~Dependency (servers/rendering/storage/utilities.cpp:56)
WARNING: Leaked instance dependency: Bug - did not call instance_notify_deleted when freeing.
   at: ~Dependency (servers/rendering/storage/utilities.cpp:56)
WARNING: Leaked instance dependency: Bug - did not call instance_notify_deleted when freeing.
   at: ~Dependency (servers/rendering/storage/utilities.cpp:56)
WARNING: Leaked instance dependency: Bug - did not call instance_notify_deleted when freeing.
   at: ~Dependency (servers/rendering/storage/utilities.cpp:56)
WARNING: Leaked instance dependency: Bug - did not call instance_notify_deleted when freeing.
   at: ~Dependency (servers/rendering/storage/utilities.cpp:56)
WARNING: Leaked instance dependency: Bug - did not call instance_notify_deleted when freeing.
   at: ~Dependency (servers/rendering/storage/utilities.cpp:56)
WARNING: Leaked instance dependency: Bug - did not call instance_notify_deleted when freeing.
   at: ~Dependency (servers/rendering/storage/utilities.cpp:56)
WARNING: Leaked instance dependency: Bug - did not call instance_notify_deleted when freeing.
   at: ~Dependency (servers/rendering/storage/utilities.cpp:56)
WARNING: Leaked instance dependency: Bug - did not call instance_notify_deleted when freeing.
   at: ~Dependency (servers/rendering/storage/utilities.cpp:56)
WARNING: Leaked instance dependency: Bug - did not call instance_notify_deleted when freeing.
   at: ~Dependency (servers/rendering/storage/utilities.cpp:56)
WARNING: Leaked instance dependency: Bug - did not call instance_notify_deleted when freeing.
   at: ~Dependency (servers/rendering/storage/utilities.cpp:56)
WARNING: Leaked instance dependency: Bug - did not call instance_notify_deleted when freeing.
   at: ~Dependency (servers/rendering/storage/utilities.cpp:56)
WARNING: Leaked instance dependency: Bug - did not call instance_notify_deleted when freeing.
   at: ~Dependency (servers/rendering/storage/utilities.cpp:56)
WARNING: Leaked instance dependency: Bug - did not call instance_notify_deleted when freeing.
   at: ~Dependency (servers/rendering/storage/utilities.cpp:56)
WARNING: Leaked instance dependency: Bug - did not call instance_notify_deleted when freeing.
   at: ~Dependency (servers/rendering/storage/utilities.cpp:56)
WARNING: Leaked instance dependency: Bug - did not call instance_notify_deleted when freeing.
   at: ~Dependency (servers/rendering/storage/utilities.cpp:56)
WARNING: Leaked instance dependency: Bug - did not call instance_notify_deleted when freeing.
   at: ~Dependency (servers/rendering/storage/utilities.cpp:56)
WARNING: Leaked instance dependency: Bug - did not call instance_notify_deleted when freeing.
   at: ~Dependency (servers/rendering/storage/utilities.cpp:56)
WARNING: Leaked instance dependency: Bug - did not call instance_notify_deleted when freeing.
   at: ~Dependency (servers/rendering/storage/utilities.cpp:56)
WARNING: Leaked instance dependency: Bug - did not call instance_notify_deleted when freeing.
   at: ~Dependency (servers/rendering/storage/utilities.cpp:56)
WARNING: Leaked instance dependency: Bug - did not call instance_notify_deleted when freeing.
   at: ~Dependency (servers/rendering/storage/utilities.cpp:56)
WARNING: Leaked instance dependency: Bug - did not call instance_notify_deleted when freeing.
   at: ~Dependency (servers/rendering/storage/utilities.cpp:56)
WARNING: Leaked instance dependency: Bug - did not call instance_notify_deleted when freeing.
   at: ~Dependency (servers/rendering/storage/utilities.cpp:56)
WARNING: Leaked instance dependency: Bug - did not call instance_notify_deleted when freeing.
   at: ~Dependency (servers/rendering/storage/utilities.cpp:56)
WARNING: Leaked instance dependency: Bug - did not call instance_notify_deleted when freeing.
   at: ~Dependency (servers/rendering/storage/utilities.cpp:56)
WARNING: Leaked instance dependency: Bug - did not call instance_notify_deleted when freeing.
   at: ~Dependency (servers/rendering/storage/utilities.cpp:56)
WARNING: Leaked instance dependency: Bug - did not call instance_notify_deleted when freeing.
   at: ~Dependency (servers/rendering/storage/utilities.cpp:56)
WARNING: Leaked instance dependency: Bug - did not call instance_notify_deleted when freeing.
   at: ~Dependency (servers/rendering/storage/utilities.cpp:56)
WARNING: Leaked instance dependency: Bug - did not call instance_notify_deleted when freeing.
   at: ~Dependency (servers/rendering/storage/utilities.cpp:56)
WARNING: Leaked instance dependency: Bug - did not call instance_notify_deleted when freeing.
   at: ~Dependency (servers/rendering/storage/utilities.cpp:56)
WARNING: Leaked instance dependency: Bug - did not call instance_notify_deleted when freeing.
   at: ~Dependency (servers/rendering/storage/utilities.cpp:56)
WARNING: Leaked instance dependency: Bug - did not call instance_notify_deleted when freeing.
   at: ~Dependency (servers/rendering/storage/utilities.cpp:56)
WARNING: Leaked instance dependency: Bug - did not call instance_notify_deleted when freeing.
   at: ~Dependency (servers/rendering/storage/utilities.cpp:56)
WARNING: Leaked instance dependency: Bug - did not call instance_notify_deleted when freeing.
   at: ~Dependency (servers/rendering/storage/utilities.cpp:56)
WARNING: Leaked instance dependency: Bug - did not call instance_notify_deleted when freeing.
   at: ~Dependency (servers/rendering/storage/utilities.cpp:56)
WARNING: Leaked instance dependency: Bug - did not call instance_notify_deleted when freeing.
   at: ~Dependency (servers/rendering/storage/utilities.cpp:56)
WARNING: Leaked instance dependency: Bug - did not call instance_notify_deleted when freeing.
   at: ~Dependency (servers/rendering/storage/utilities.cpp:56)
WARNING: Leaked instance dependency: Bug - did not call instance_notify_deleted when freeing.
   at: ~Dependency (servers/rendering/storage/utilities.cpp:56)
WARNING: Leaked instance dependency: Bug - did not call instance_notify_deleted when freeing.
   at: ~Dependency (servers/rendering/storage/utilities.cpp:56)
WARNING: Leaked instance dependency: Bug - did not call instance_notify_deleted when freeing.
   at: ~Dependency (servers/rendering/storage/utilities.cpp:56)
WARNING: Leaked instance dependency: Bug - did not call instance_notify_deleted when freeing.
   at: ~Dependency (servers/rendering/storage/utilities.cpp:56)
WARNING: Leaked instance dependency: Bug - did not call instance_notify_deleted when freeing.
   at: ~Dependency (servers/rendering/storage/utilities.cpp:56)
WARNING: Leaked instance dependency: Bug - did not call instance_notify_deleted when freeing.
   at: ~Dependency (servers/rendering/storage/utilities.cpp:56)
WARNING: Leaked instance dependency: Bug - did not call instance_notify_deleted when freeing.
   at: ~Dependency (servers/rendering/storage/utilities.cpp:56)
WARNING: Leaked instance dependency: Bug - did not call instance_notify_deleted when freeing.
   at: ~Dependency (servers/rendering/storage/utilities.cpp:56)
WARNING: Leaked instance dependency: Bug - did not call instance_notify_deleted when freeing.
   at: ~Dependency (servers/rendering/storage/utilities.cpp:56)
WARNING: Leaked instance dependency: Bug - did not call instance_notify_deleted when freeing.
   at: ~Dependency (servers/rendering/storage/utilities.cpp:56)
WARNING: Leaked instance dependency: Bug - did not call instance_notify_deleted when freeing.
   at: ~Dependency (servers/rendering/storage/utilities.cpp:56)
WARNING: Leaked instance dependency: Bug - did not call instance_notify_deleted when freeing.
   at: ~Dependency (servers/rendering/storage/utilities.cpp:56)
WARNING: Leaked instance dependency: Bug - did not call instance_notify_deleted when freeing.
   at: ~Dependency (servers/rendering/storage/utilities.cpp:56)
WARNING: Leaked instance dependency: Bug - did not call instance_notify_deleted when freeing.
   at: ~Dependency (servers/rendering/storage/utilities.cpp:56)
WARNING: Leaked instance dependency: Bug - did not call instance_notify_deleted when freeing.
   at: ~Dependency (servers/rendering/storage/utilities.cpp:56)
WARNING: Leaked instance dependency: Bug - did not call instance_notify_deleted when freeing.
   at: ~Dependency (servers/rendering/storage/utilities.cpp:56)
WARNING: Leaked instance dependency: Bug - did not call instance_notify_deleted when freeing.
   at: ~Dependency (servers/rendering/storage/utilities.cpp:56)
WARNING: Leaked instance dependency: Bug - did not call instance_notify_deleted when freeing.
   at: ~Dependency (servers/rendering/storage/utilities.cpp:56)
WARNING: Leaked instance dependency: Bug - did not call instance_notify_deleted when freeing.
   at: ~Dependency (servers/rendering/storage/utilities.cpp:56)
WARNING: Leaked instance dependency: Bug - did not call instance_notify_deleted when freeing.
   at: ~Dependency (servers/rendering/storage/utilities.cpp:56)
WARNING: 690 RIDs of type "UniformBuffer" were leaked.
   at: _free_rids (servers/rendering/rendering_device.cpp:8686)
WARNING: 2633 RIDs of type "IndexArray" were leaked.
   at: _free_rids (servers/rendering/rendering_device.cpp:8686)
WARNING: 2633 RIDs of type "IndexBuffer" were leaked.
   at: _free_rids (servers/rendering/rendering_device.cpp:8686)
WARNING: 234 RIDs of type "VertexArray" were leaked.
   at: _free_rids (servers/rendering/rendering_device.cpp:8686)
WARNING: 5476 RIDs of type "VertexBuffer" were leaked.
   at: _free_rids (servers/rendering/rendering_device.cpp:8686)
WARNING: 153 RIDs of type "Texture" were leaked.
   at: finalize (servers/rendering/rendering_device.cpp:8900)
WARNING: 7217 ObjectDB instances were leaked at exit (run with `--verbose` for details).
   at: cleanup (core/object/object.cpp:2536)
ERROR: 896 resources still in use at exit (run with --verbose for details).
   at: clear (core/io/resource.cpp:822)
ERROR: 2888 RID allocations of type 'N10RendererRD11MeshStorage4MeshE' were leaked at exit.
ERROR: 702 RID allocations of type 'N10RendererRD15MaterialStorage8MaterialE' were leaked at exit.
ERROR: 22 RID allocations of type 'N10RendererRD15MaterialStorage6ShaderE' were leaked at exit.
ERROR: 83 RID allocations of type 'N10RendererRD14TextureStorage7TextureE' were leaked at exit.
ERROR: 2699 RID allocations of type 'N17RendererSceneCull8InstanceE' were leaked at exit.
ERROR: 20 RID allocations of type 'PN18TextServerAdvanced22ShapedTextDataAdvancedE' were leaked at exit.
ERROR: 1 RID allocations of type 'PN18TextServerAdvanced12FontAdvancedE' were leaked at exit.
